source_id,wet_path,room_size,wet_level,rate_hz,depth,room_size_norm,wet_level_norm,rate_hz_norm,depth_norm
Bridge_1-0,..\data\processed\wet\Bridge_1-0_v0.wav,0.3745401188473625,0.5704285838459496,3.793972738151323,0.5986584841970366,0.3745401188473625,0.950714306409916,0.7319939418114051,0.5986584841970366
Bridge_1-0,..\data\processed\wet\Bridge_1-0_v1.wav,0.15601864044243652,0.09359671220172158,0.7613762547568976,0.8661761457749352,0.15601864044243652,0.15599452033620265,0.058083612168199475,0.8661761457749352
Bridge_1-0,..\data\processed\wet\Bridge_1-0_v2.wav,0.6011150117432088,0.4248435466776273,0.592630224331111,0.9699098521619943,0.6011150117432088,0.7080725777960455,0.020584494295802447,0.9699098521619943
Bridge_1-0,..\data\processed\wet\Bridge_1-0_v3.wav,0.8324426408004217,0.12740346640696568,1.318212352431953,0.18340450985343382,0.8324426408004217,0.21233911067827613,0.18182496720710065,0.18340450985343382
Bridge_1-0,..\data\processed\wet\Bridge_1-0_v4.wav,0.3042422429595377,0.3148538589793427,2.4437525838895207,0.2912291401980419,0.3042422429595377,0.5247564316322378,0.4319450186421157,0.2912291401980419
Bridge_1-1,..\data\processed\wet\Bridge_1-1_v0.wav,0.6118528947223795,0.0836963163912251,1.8146509184084816,0.3663618432936917,0.6118528947223795,0.13949386065204183,0.29214464853521815,0.3663618432936917
Bridge_1-1,..\data\processed\wet\Bridge_1-1_v1.wav,0.45606998421703593,0.4711055768358081,1.3985320197126188,0.5142344384136116,0.45606998421703593,0.7851759613930136,0.19967378215835974,0.5142344384136116
Bridge_1-1,..\data\processed\wet\Bridge_1-1_v2.wav,0.5924145688620425,0.027870247631998635,3.2339518335564725,0.17052412368729153,0.5924145688620425,0.046450412719997725,0.6075448519014384,0.17052412368729153
Bridge_1-1,..\data\processed\wet\Bridge_1-1_v3.wav,0.06505159298527952,0.5693313223519999,4.845344148835517,0.8083973481164611,0.06505159298527952,0.9488855372533332,0.9656320330745594,0.8083973481164611
Bridge_1-1,..\data\processed\wet\Bridge_1-1_v4.wav,0.3046137691733707,0.058603268403830316,3.579048619304706,0.4401524937396013,0.3046137691733707,0.09767211400638387,0.6842330265121569,0.4401524937396013
Bridge_1-10,..\data\processed\wet\Bridge_1-10_v0.wav,0.12203823484477883,0.2971061460667621,0.6547483450184828,0.9093204020787821,0.12203823484477883,0.4951769101112702,0.034388521115218396,0.9093204020787821
Bridge_1-10,..\data\processed\wet\Bridge_1-10_v1.wav,0.2587799816000169,0.39751337061238917,1.9026998424023494,0.5200680211778108,0.2587799816000169,0.662522284353982,0.31171107608941095,0.5200680211778108
Bridge_1-10,..\data\processed\wet\Bridge_1-10_v2.wav,0.5467102793432796,0.11091267331531622,4.863130824940513,0.7751328233611146,0.5467102793432796,0.18485445552552704,0.9695846277645584,0.7751328233611146
Bridge_1-10,..\data\processed\wet\Bridge_1-10_v3.wav,0.9394989415641891,0.5368964102565893,3.1905499046498833,0.9218742350231168,0.9394989415641891,0.8948273504276488,0.5978999788110851,0.9218742350231168
Bridge_1-10,..\data\processed\wet\Bridge_1-10_v4.wav,0.0884925020519195,0.11758971745148711,0.7035228000974213,0.32533033076326434,0.0884925020519195,0.1959828624191452,0.045227288910538066,0.32533033076326434
Bridge_1-11,..\data\processed\wet\Bridge_1-11_v0.wav,0.388677289689482,0.16280941906433755,4.229318791183682,0.3567533266935893,0.388677289689482,0.2713490317738959,0.8287375091519293,0.3567533266935893
Bridge_1-11,..\data\processed\wet\Bridge_1-11_v1.wav,0.28093450968738076,0.32561764989494907,1.1341590123864318,0.8021969807540397,0.28093450968738076,0.5426960831582485,0.14092422497476262,0.8021969807540397
Bridge_1-11,..\data\processed\wet\Bridge_1-11_v2.wav,0.07455064367977082,0.5921321619603104,3.9751014618349583,0.1987156815341724,0.07455064367977082,0.9868869366005173,0.7722447692966574,0.1987156815341724
Bridge_1-11,..\data\processed\wet\Bridge_1-11_v3.wav,0.005522117123602399,0.4892768570729005,3.680858047314277,0.7290071680409873,0.005522117123602399,0.8154614284548342,0.7068573438476171,0.7290071680409873
Bridge_1-11,..\data\processed\wet\Bridge_1-11_v4.wav,0.7712703466859457,0.04442679104045422,2.113095778449227,0.11586905952512971,0.7712703466859457,0.07404465173409036,0.3584657285442726,0.11586905952512971
Bridge_1-12,..\data\processed\wet\Bridge_1-12_v0.wav,0.8631034258755935,0.37397887609653474,1.9890411118369213,0.06355835028602363,0.8631034258755935,0.6232981268275579,0.3308980248526492,0.06355835028602363
Bridge_1-12,..\data\processed\wet\Bridge_1-12_v1.wav,0.3109823217156622,0.19510999321604822,3.783227802521288,0.6375574713552131,0.3109823217156622,0.32518332202674705,0.7296061783380641,0.6375574713552131
Bridge_1-12,..\data\processed\wet\Bridge_1-12_v2.wav,0.8872127425763265,0.28332895509716954,1.0381741067223578,0.713244787222995,0.8872127425763265,0.47221492516194924,0.11959424593830173,0.713244787222995
Bridge_1-12,..\data\processed\wet\Bridge_1-12_v3.wav,0.7607850486168974,0.33676631854169775,3.9693523097955246,0.49379559636439074,0.7607850486168974,0.5612771975694962,0.770967179954561,0.49379559636439074
Bridge_1-12,..\data\processed\wet\Bridge_1-12_v4.wav,0.5227328293819941,0.25652461101512974,0.6143860703484283,0.10789142699330445,0.5227328293819941,0.4275410183585496,0.025419126744095175,0.10789142699330445
Bridge_1-13,..\data\processed\wet\Bridge_1-13_v0.wav,0.03142918568673425,0.3818462467582682,1.91460191484347,0.5085706911647028,0.03142918568673425,0.6364104112637804,0.3143559810763267,0.5085706911647028
Bridge_1-13,..\data\processed\wet\Bridge_1-13_v1.wav,0.907566473926093,0.14957533748932497,2.3467231536603337,0.7555511385430487,0.907566473926093,0.24929222914887497,0.41038292303562973,0.7555511385430487
Bridge_1-13,..\data\processed\wet\Bridge_1-13_v2.wav,0.22879816549162246,0.046187945897275796,1.8038815381119562,0.16122128725400442,0.22879816549162246,0.07697990982879299,0.289751452913768,0.16122128725400442
Bridge_1-13,..\data\processed\wet\Bridge_1-13_v3.wav,0.9296976523425731,0.48487222773865013,3.3503169042969057,0.8714605901877177,0.9296976523425731,0.808120379564417,0.6334037565104235,0.8714605901877177
Bridge_1-13,..\data\processed\wet\Bridge_1-13_v4.wav,0.8036720768991145,0.1119420353316215,4.5165154932049,0.5393422419156507,0.8036720768991145,0.18657005888603584,0.8925589984899778,0.5393422419156507
Bridge_1-14,..\data\processed\wet\Bridge_1-14_v0.wav,0.8074401551640625,0.5376547799540959,1.9310156373733873,0.11005192452767676,0.8074401551640625,0.8960912999234932,0.3180034749718639,0.11005192452767676
Bridge_1-14,..\data\processed\wet\Bridge_1-14_v1.wav,0.22793516254194168,0.2562646731757538,4.181066446651219,0.8607305832563434,0.22793516254194168,0.42710778862625637,0.818014765922493,0.8607305832563434
Bridge_1-14,..\data\processed\wet\Bridge_1-14_v2.wav,0.006952130531190703,0.3064483815465394,2.3783495141695052,0.22210781047073025,0.006952130531190703,0.5107473025775657,0.41741100314877894,0.22210781047073025
Bridge_1-14,..\data\processed\wet\Bridge_1-14_v3.wav,0.1198653673336828,0.20256910284217677,4.743093667606336,0.32320293202075523,0.1198653673336828,0.33761517140362796,0.9429097039125192,0.32320293202075523
Bridge_1-14,..\data\processed\wet\Bridge_1-14_v4.wav,0.5187906217433661,0.4218113753371067,2.136333210706823,0.9717820827209607,0.5187906217433661,0.7030189588951778,0.36362960237929404,0.9717820827209607
Bridge_1-15,..\data\processed\wet\Bridge_1-15_v0.wav,0.9624472949421112,0.15106937749521848,2.7376182765157346,0.30087830981676966,0.9624472949421112,0.25178229582536416,0.49724850589238545,0.30087830981676966
Bridge_1-15,..\data\processed\wet\Bridge_1-15_v1.wav,0.2848404943774676,0.022132168412719675,3.243039502909536,0.5026790232288615,0.2848404943774676,0.036886947354532795,0.6095643339798968,0.5026790232288615
Bridge_1-15,..\data\processed\wet\Bridge_1-15_v2.wav,0.05147875124998935,0.16718787854196684,4.587196486849941,0.23956189066697242,0.05147875124998935,0.27864646423661144,0.9082658859666536,0.23956189066697242
Bridge_1-15,..\data\processed\wet\Bridge_1-15_v3.wav,0.1448948720912231,0.2936716561665378,4.935427043497703,0.2420552715115004,0.1448948720912231,0.489452760277563,0.9856504541106007,0.2420552715115004
Bridge_1-15,..\data\processed\wet\Bridge_1-15_v4.wav,0.6721355474058786,0.45697176919723054,1.5693689479657986,0.7282163486118596,0.6721355474058786,0.7616196153287176,0.2376375439923997,0.7282163486118596
Bridge_1-16,..\data\processed\wet\Bridge_1-16_v0.wav,0.3677831327192532,0.37938349835614765,3.3508836984240262,0.5357746840747585,0.3677831327192532,0.6323058305935795,0.6335297107608947,0.5357746840747585
Bridge_1-16,..\data\processed\wet\Bridge_1-16_v1.wav,0.0902897700544083,0.5011814973535428,1.9435102923728111,0.18651851039985423,0.0902897700544083,0.835302495589238,0.32078006497173583,0.18651851039985423
Bridge_1-16,..\data\processed\wet\Bridge_1-16_v2.wav,0.040775141554763916,0.35453576591294506,3.549039628290271,0.016587828927856152,0.040775141554763916,0.5908929431882418,0.6775643618422824,0.016587828927856152
Bridge_1-16,..\data\processed\wet\Bridge_1-16_v3.wav,0.512093058299281,0.13589746511876277,3.403277556842524,0.17436642900499144,0.512093058299281,0.22649577519793795,0.6451727904094499,0.17436642900499144
Bridge_1-16,..\data\processed\wet\Bridge_1-16_v4.wav,0.690937738102466,0.23204120778032244,4.715284949315305,0.13752094414599325,0.690937738102466,0.3867353463005374,0.9367299887367344,0.13752094414599325
Bridge_1-17,..\data\processed\wet\Bridge_1-17_v0.wav,0.3410663510502585,0.06808411274435344,4.661121282253532,0.877339353380981,0.3410663510502585,0.11347352124058907,0.9246936182785627,0.877339353380981
Bridge_1-17,..\data\processed\wet\Bridge_1-17_v1.wav,0.2579416277151556,0.3959904276205074,4.177499900905471,0.5552008115994623,0.2579416277151556,0.659984046034179,0.8172222002012158,0.5552008115994623
Bridge_1-17,..\data\processed\wet\Bridge_1-17_v2.wav,0.5296505783560065,0.145111374540271,0.9189624551265465,0.8972157579533268,0.5296505783560065,0.24185229090045168,0.09310276780589923,0.8972157579533268
Bridge_1-17,..\data\processed\wet\Bridge_1-17_v3.wav,0.9004180571633305,0.37986087436396077,2.0256340597191533,0.3492095746126609,0.9004180571633305,0.6331014572732679,0.33902979104870073,0.3492095746126609
Bridge_1-17,..\data\processed\wet\Bridge_1-17_v4.wav,0.7259556788702394,0.5382661559715463,4.491888909193028,0.7798755458576239,0.7259556788702394,0.8971102599525771,0.8870864242651173,0.7798755458576239
Bridge_1-18,..\data\processed\wet\Bridge_1-18_v0.wav,0.6420316461542878,0.0504839789970293,1.227329213425762,0.8985541885270792,0.6420316461542878,0.08413996499504883,0.1616287140946138,0.8985541885270792
Bridge_1-18,..\data\processed\wet\Bridge_1-18_v1.wav,0.6064290596595899,0.005518230969977789,0.9566219428971445,0.6635017691080558,0.6064290596595899,0.009197051616629648,0.10147154286603212,0.6635017691080558
Bridge_1-18,..\data\processed\wet\Bridge_1-18_v2.wav,0.005061583846218687,0.09648483085049919,2.9693020521496374,0.6918951976926933,0.005061583846218687,0.16080805141749865,0.5487337893665861,0.6918951976926933
Bridge_1-18,..\data\processed\wet\Bridge_1-18_v3.wav,0.6519612595026005,0.13456158567633586,3.7048064960639113,0.23724908749680007,0.6519612595026005,0.22426930946055978,0.7121792213475359,0.23724908749680007
Bridge_1-18,..\data\processed\wet\Bridge_1-18_v4.wav,0.3253996981592677,0.44789484307081445,3.423348045712466,0.8492234104941779,0.3253996981592677,0.7464914051180241,0.6496328990472147,0.8492234104941779
Bridge_1-19,..\data\processed\wet\Bridge_1-19_v0.wav,0.6576128923003434,0.340985162001283,0.9215364552264161,0.3677158030594335,0.6576128923003434,0.5683086033354716,0.09367476782809248,0.3677158030594335
Bridge_1-19,..\data\processed\wet\Bridge_1-19_v1.wav,0.26520236768172545,0.14639378602745015,4.878547496386005,0.3930977246667604,0.26520236768172545,0.2439896433790836,0.9730105547524457,0.3930977246667604
Bridge_1-19,..\data\processed\wet\Bridge_1-19_v2.wav,0.8920465551771133,0.37868317559835774,4.076650865937418,0.5026370931051921,0.8920465551771133,0.6311386259972629,0.7948113035416484,0.5026370931051921
Bridge_1-19,..\data\processed\wet\Bridge_1-19_v3.wav,0.5769038846263591,0.2955106162913183,1.3785934450912003,0.7224521152615053,0.5769038846263591,0.49251769381886384,0.1952429877980445,0.7224521152615053
Bridge_1-19,..\data\processed\wet\Bridge_1-19_v4.wav,0.2807723624408558,0.014589579858872303,3.404625331582255,0.17711067940704894,0.2807723624408558,0.02431596643145384,0.6454722959071678,0.17711067940704894
Bridge_1-2,..\data\processed\wet\Bridge_1-2_v0.wav,0.9404585843529143,0.5723571462015524,4.616889755992018,0.3701587002554444,0.9404585843529143,0.9539285770025874,0.9148643902204484,0.3701587002554444
Bridge_1-2,..\data\processed\wet\Bridge_1-2_v1.wav,0.015456616528867428,0.5569911375526352,2.4268286674279143,0.9666548190436696,0.015456616528867428,0.9283185625877254,0.4281841483173143,0.9666548190436696
Bridge_1-2,..\data\processed\wet\Bridge_1-2_v2.wav,0.9636199770892528,0.511805673280416,1.8250200143131357,0.38509772860192526,0.9636199770892528,0.8530094554673601,0.2944488920695857,0.38509772860192526
Bridge_1-2,..\data\processed\wet\Bridge_1-2_v3.wav,0.8511366715168569,0.1901532030937666,1.2627173600874162,0.5568012624583502,0.8511366715168569,0.31692200515627766,0.1694927466860925,0.5568012624583502
Bridge_1-2,..\data\processed\wet\Bridge_1-2_v4.wav,0.936154774160781,0.4176178780049838,3.0652752654021422,0.09717649377076854,0.936154774160781,0.696029796674973,0.570061170089365,0.09717649377076854
Bridge_1-20,..\data\processed\wet\Bridge_1-20_v0.wav,0.6150072266991697,0.594032310062558,1.130378068564358,0.5183296523637367,0.6150072266991697,0.9900538501042633,0.14008401523652403,0.5183296523637367
Bridge_1-20,..\data\processed\wet\Bridge_1-20_v1.wav,0.8773730719279554,0.44446117065252266,3.636570834478706,0.7024840839871093,0.8773730719279554,0.7407686177542044,0.697015740995268,0.7024840839871093
Bridge_1-20,..\data\processed\wet\Bridge_1-20_v2.wav,0.35949115121975517,0.176155106558696,4.142125199653311,0.8101133946791808,0.35949115121975517,0.29359184426449336,0.8093611554785135,0.8101133946791808
Bridge_1-20,..\data\processed\wet\Bridge_1-20_v3.wav,0.8670723185801037,0.5479443315338828,2.80104079487422,0.5015162946871996,0.8670723185801037,0.9132405525564713,0.5113423988609378,0.5015162946871996
Bridge_1-20,..\data\processed\wet\Bridge_1-20_v4.wav,0.7982951789667752,0.38997835846665907,3.658850947659665,0.795792669436101,0.7982951789667752,0.6499639307777652,0.7019668772577033,0.795792669436101
Bridge_1-21,..\data\processed\wet\Bridge_1-21_v0.wav,0.8900053418175663,0.20279709411092148,2.190123286879748,0.093981939840869,0.8900053418175663,0.3379951568515358,0.37558295263994407,0.093981939840869
Bridge_1-21,..\data\processed\wet\Bridge_1-21_v1.wav,0.578280140996174,0.02156536427804525,2.5951910815960706,0.5426446347075766,0.578280140996174,0.035942273796742086,0.46559801813246016,0.5426446347075766
Bridge_1-21,..\data\processed\wet\Bridge_1-21_v2.wav,0.2865412521282844,0.35449995634140646,0.6372511247257224,0.03734818874921442,0.2865412521282844,0.5908332605690108,0.03050024993904943,0.03734818874921442
Bridge_1-21,..\data\processed\wet\Bridge_1-21_v3.wav,0.8226005606596583,0.21611438484675774,1.0717723069334815,0.5222432600548044,0.8226005606596583,0.3601906414112629,0.12706051265188478,0.5222432600548044
Bridge_1-21,..\data\processed\wet\Bridge_1-21_v4.wav,0.7699935530986108,0.1294926164981059,3.303007141185501,0.085347464993768,0.7699935530986108,0.21582102749684318,0.6228904758190003,0.085347464993768
Bridge_1-22,..\data\processed\wet\Bridge_1-22_v0.wav,0.0516817211686077,0.3188127789408888,2.9328580472454795,0.6374299014982066,0.0516817211686077,0.531354631568148,0.5406351216101065,0.6374299014982066
Bridge_1-22,..\data\processed\wet\Bridge_1-22_v1.wav,0.7260913337226615,0.5855112476775207,2.823351567355379,0.32295647294124596,0.7260913337226615,0.9758520794625346,0.5163003483011953,0.32295647294124596
Bridge_1-22,..\data\processed\wet\Bridge_1-22_v2.wav,0.7951861947687037,0.16249935075724453,2.4753713931753625,0.07845638134226596,0.7951861947687037,0.2708322512620742,0.4389714207056361,0.07845638134226596
Bridge_1-22,..\data\processed\wet\Bridge_1-22_v3.wav,0.02535074341545751,0.577589048806755,4.261910542304927,0.695974206093698,0.02535074341545751,0.9626484146779251,0.8359801205122059,0.695974206093698
Bridge_1-22,..\data\processed\wet\Bridge_1-22_v4.wav,0.4089529444142699,0.10397659204250746,1.2039666920198873,0.25024289816459533,0.4089529444142699,0.17329432007084578,0.15643704267108605,0.25024289816459533
Bridge_1-3,..\data\processed\wet\Bridge_1-3_v0.wav,0.5492266647061205,0.42875755362003737,3.4708881952297905,0.27993389694594284,0.5492266647061205,0.7145959227000623,0.6601973767177313,0.27993389694594284
Bridge_1-3,..\data\processed\wet\Bridge_1-3_v1.wav,0.9548652806631941,0.4427381500174611,2.994593236301303,0.6117207462343522,0.9548652806631941,0.7378969166957685,0.5543540525114007,0.6117207462343522
Bridge_1-3,..\data\processed\wet\Bridge_1-3_v2.wav,0.4196000624277899,0.14863859370069446,2.1018770539306773,0.7578461104643691,0.4196000624277899,0.24773098950115743,0.3559726786512616,0.7578461104643691
Bridge_1-3,..\data\processed\wet\Bridge_1-3_v3.wav,0.014393488629755868,0.06964358430414974,0.7070118890978874,0.040728802318970136,0.014393488629755868,0.11607264050691624,0.04600264202175275,0.040728802318970136
Bridge_1-3,..\data\processed\wet\Bridge_1-3_v4.wav,0.8554605840110072,0.4221947156280142,2.6337822308929635,0.09783416065100148,0.8554605840110072,0.7036578593800237,0.4741738290873252,0.09783416065100148
Bridge_1-4,..\data\processed\wet\Bridge_1-4_v0.wav,0.49161587511683236,0.2840830624683394,1.2794084145950684,0.43385164923797304,0.49161587511683236,0.47347177078056574,0.17320186991001518,0.43385164923797304
Bridge_1-4,..\data\processed\wet\Bridge_1-4_v1.wav,0.39850473439737344,0.36951005883132987,3.357921428904397,0.04530400977204452,0.39850473439737344,0.6158500980522165,0.6350936508676438,0.04530400977204452
Bridge_1-4,..\data\processed\wet\Bridge_1-4_v2.wav,0.3746126146264712,0.37551594942854183,2.7641131636103946,0.8564898411883223,0.3746126146264712,0.6258599157142364,0.5031362585800877,0.8564898411883223
Bridge_1-4,..\data\processed\wet\Bridge_1-4_v3.wav,0.658693631618945,0.09776065624885781,0.8175593633019342,0.6424192782063156,0.658693631618945,0.1629344270814297,0.07056874740042983,0.6424192782063156
Bridge_1-4,..\data\processed\wet\Bridge_1-4_v4.wav,0.026511310541621813,0.351465348764078,4.731036086412309,0.575474177875879,0.026511310541621813,0.5857755812734633,0.9402302414249575,0.575474177875879
Bridge_1-5,..\data\processed\wet\Bridge_1-5_v0.wav,0.3881699262065219,0.3859729310654119,2.562138007211825,0.5456167893159349,0.3881699262065219,0.6432882184423532,0.45825289049151663,0.5456167893159349
Bridge_1-5,..\data\processed\wet\Bridge_1-5_v1.wav,0.9414648087765252,0.23166158268046455,4.825357537207614,0.9053506419560637,0.9414648087765252,0.38610263780077425,0.9611905638239142,0.9053506419560637
Bridge_1-5,..\data\processed\wet\Bridge_1-5_v2.wav,0.19579113478929644,0.04161678052509927,0.9535010061984199,0.018221825651549728,0.19579113478929644,0.06936130087516545,0.10077800137742665,0.018221825651549728
Bridge_1-5,..\data\processed\wet\Bridge_1-5_v3.wav,0.0944429607559284,0.4098040640498141,0.8203489180710304,0.3189756302937613,0.0944429607559284,0.6830067734163568,0.07118864846022897,0.3189756302937613
Bridge_1-5,..\data\processed\wet\Bridge_1-5_v4.wav,0.8448753109694546,0.013963161441495519,4.1651081716502105,0.28185477477339993,0.8448753109694546,0.023271935735825866,0.8144684825889357,0.28185477477339993
Bridge_1-6,..\data\processed\wet\Bridge_1-6_v0.wav,0.11816482762165625,0.4180422992184904,3.330242810509478,0.877472013527053,0.11816482762165625,0.6967371653641506,0.628942846779884,0.877472013527053
Bridge_1-6,..\data\processed\wet\Bridge_1-6_v1.wav,0.7350710438038858,0.4820885582309091,1.769155576570879,0.17743954377972282,0.7350710438038858,0.8034809303848486,0.2820345725713065,0.17743954377972282
Bridge_1-6,..\data\processed\wet\Bridge_1-6_v2.wav,0.7506147516408583,0.4841008435603584,4.95727313900303,0.4126176769114265,0.7506147516408583,0.806834739267264,0.9905051420006734,0.4126176769114265
Bridge_1-6,..\data\processed\wet\Bridge_1-6_v3.wav,0.37201808579278317,0.4658477764451981,2.03361593113858,0.9307573256035647,0.37201808579278317,0.7764129607419968,0.34080354025301784,0.9307573256035647
Bridge_1-6,..\data\processed\wet\Bridge_1-6_v4.wav,0.8584127518430118,0.257396416425011,3.878919805061738,0.7545428740846823,0.8584127518430118,0.42899402737501835,0.7508710677914974,0.7545428740846823
Bridge_1-7,..\data\processed\wet\Bridge_1-7_v0.wav,0.10312386883593261,0.54153174400774,2.773635676015357,0.8264574661077416,0.10312386883593261,0.9025529066795667,0.5052523724478571,0.8264574661077416
Bridge_1-7,..\data\processed\wet\Bridge_1-7_v1.wav,0.32004960103061175,0.5373139370977202,2.251407554303734,0.01083765148029836,0.32004960103061175,0.8955232284962005,0.3892016787341631,0.01083765148029836
Bridge_1-7,..\data\processed\wet\Bridge_1-7_v2.wav,0.9053819764192637,0.05477200607168013,1.936911369156867,0.9500619670508049,0.9053819764192637,0.09128667678613356,0.31931363759041487,0.9500619670508049
Bridge_1-7,..\data\processed\wet\Bridge_1-7_v3.wav,0.9506071469375561,0.34406273287397166,3.3432674547640966,0.44844552197831977,0.9506071469375561,0.5734378881232861,0.6318372121697993,0.44844552197831977
Bridge_1-7,..\data\processed\wet\Bridge_1-7_v4.wav,0.29321077169806453,0.19719872722194956,3.526333052346673,0.75237452943768,0.29321077169806453,0.32866454536991596,0.6725184560770384,0.75237452943768
Bridge_1-8,..\data\processed\wet\Bridge_1-8_v0.wav,0.7915790437258485,0.4737708856767323,0.9104274637191067,0.49442030470258147,0.7915790437258485,0.7896181427945539,0.09120610304869037,0.49442030470258147
Bridge_1-8,..\data\processed\wet\Bridge_1-8_v1.wav,0.057558760016644284,0.3297173293942413,2.4868872561801965,0.8877041827582998,0.057558760016644284,0.5495288823237355,0.441530501373377,0.8877041827582998
Bridge_1-8,..\data\processed\wet\Bridge_1-8_v2.wav,0.3509150125520787,0.07024020985656351,1.1434625692377614,0.7615106317174722,0.3509150125520787,0.11706701642760586,0.14299168205283586,0.7615106317174722
Bridge_1-8,..\data\processed\wet\Bridge_1-8_v3.wav,0.6182180633162611,0.06067360567367414,0.8784806275174885,0.70096913145912,0.6182180633162611,0.10112267612279024,0.08410680611499743,0.70096913145912
Bridge_1-8,..\data\processed\wet\Bridge_1-8_v4.wav,0.07276300636419353,0.4931160355742137,3.6780900222042328,0.08134878064189976,0.07276300636419353,0.8218600592903562,0.7062422271564962,0.08134878064189976
Bridge_1-9,..\data\processed\wet\Bridge_1-9_v0.wav,0.08483771408519192,0.5919837471007052,2.1842185809025416,0.3706421470668909,0.08483771408519192,0.9866395785011755,0.3742707957561204,0.3706421470668909
Bridge_1-9,..\data\processed\wet\Bridge_1-9_v1.wav,0.8127995672575026,0.5683491464303152,4.937004787202919,0.7533781852589416,0.8127995672575026,0.9472485773838587,0.9860010638228709,0.7533781852589416
Bridge_1-9,..\data\processed\wet\Bridge_1-9_v2.wav,0.37625958553091576,0.05010043001920126,3.9971611216734657,0.558404249735805,0.37625958553091576,0.08350071669866876,0.7771469159274368,0.558404249735805
Bridge_1-9,..\data\processed\wet\Bridge_1-9_v3.wav,0.4242220092469763,0.5438126310568415,1.000388670377681,0.49262510429085915,0.4242220092469763,0.9063543850947359,0.11119748230615133,0.49262510429085915
Bridge_1-9,..\data\processed\wet\Bridge_1-9_v4.wav,0.011353644767419069,0.2811963851964758,0.7533647405682681,0.11881791626807192,0.011353644767419069,0.4686606419941263,0.05630327568183735,0.11881791626807192
Bridge_2-0,..\data\processed\wet\Bridge_2-0_v0.wav,0.11752624677710488,0.3895261812696381,3.857201956694405,0.5833687650971596,0.11752624677710488,0.6492103021160636,0.7460448792654233,0.5833687650971596
Bridge_2-0,..\data\processed\wet\Bridge_2-0_v1.wav,0.9621725484745419,0.22492234771422243,1.7857043882683734,0.8685991281894603,0.9621725484745419,0.37487057952370406,0.28571208628186073,0.8685991281894603
Bridge_2-0,..\data\processed\wet\Bridge_2-0_v2.wav,0.22359583851945264,0.5779335236643668,0.5546951361041735,0.969878826707639,0.22359583851945264,0.9632225394406113,0.012154474689816341,0.969878826707639
Bridge_2-0,..\data\processed\wet\Bridge_2-0_v3.wav,0.04315991195057611,0.5346858682188427,2.874654990888349,0.9929647961193003,0.04315991195057611,0.8911431136980712,0.5277011090862999,0.9929647961193003
Bridge_2-0,..\data\processed\wet\Bridge_2-0_v4.wav,0.07379656473539886,0.33231257064079245,4.861861410285945,0.5230978441701488,0.07379656473539886,0.5538542844013208,0.9693025356190988,0.5230978441701488
Bridge_2-1,..\data\processed\wet\Bridge_2-1_v0.wav,0.6293986381352625,0.4174492133907703,2.5454347914549795,0.6275580800840634,0.6293986381352625,0.6957486889846172,0.45454106476777323,0.6275580800840634
Bridge_2-1,..\data\processed\wet\Bridge_2-1_v1.wav,0.5843143119231002,0.5406948062945933,0.7045087115365605,0.2809631895922303,0.5843143119231002,0.9011580104909889,0.045446380341457884,0.2809631895922303
Bridge_2-1,..\data\processed\wet\Bridge_2-1_v2.wav,0.9504114840765587,0.5341582703345498,2.5504553875357083,0.6201325978015367,0.9504114840765587,0.8902637838909163,0.45565675278571294,0.6201325978015367
Bridge_2-1,..\data\processed\wet\Bridge_2-1_v3.wav,0.2773811829811327,0.11287269583425678,2.5866428222299196,0.3533522280260528,0.2773811829811327,0.1881211597237613,0.46369840493998216,0.3533522280260528
Bridge_2-1,..\data\processed\wet\Bridge_2-1_v4.wav,0.5836561118508721,0.046640782178990904,4.884776634497749,0.9862107444796029,0.5836561118508721,0.07773463696498484,0.9743948076661665,0.9862107444796029
Bridge_2-10,..\data\processed\wet\Bridge_2-10_v0.wav,0.6981617140197451,0.32165781980647223,1.892874273288475,0.8137950197069487,0.6981617140197451,0.5360963663441204,0.30952761628632774,0.8137950197069487
Bridge_2-10,..\data\processed\wet\Bridge_2-10_v1.wav,0.6847311725538793,0.09757016360693478,4.5991723302222915,0.822537242923169,0.6847311725538793,0.1626169393448913,0.9109271844938426,0.822537242923169
Bridge_2-10,..\data\processed\wet\Bridge_2-10_v2.wav,0.949799913291924,0.435431705033016,3.2603683817110545,0.4182430362906189,0.949799913291924,0.72571950838836,0.6134151959357899,0.4182430362906189
Bridge_2-10,..\data\processed\wet\Bridge_2-10_v3.wav,0.9327284833540133,0.519638333700245,0.7034840154778523,0.026366974497252005,0.9327284833540133,0.8660638895004085,0.04521867010618941,0.026366974497252005
Bridge_2-10,..\data\processed\wet\Bridge_2-10_v4.wav,0.3764633668780496,0.4863319984690997,4.94274258191725,0.15041689110352818,0.3764633668780496,0.8105533307818329,0.9872761293149446,0.15041689110352818
Bridge_2-11,..\data\processed\wet\Bridge_2-11_v0.wav,0.5941307153521351,0.2285345139786129,4.864614790165715,0.8421189231357087,0.5941307153521351,0.3808908566310215,0.9699143978146032,0.8421189231357087
Bridge_2-11,..\data\processed\wet\Bridge_2-11_v1.wav,0.8383287047111379,0.28121589587698215,2.3666877605194934,0.27340707193070624,0.8383287047111379,0.4686931597949703,0.4148195023376652,0.27340707193070624
Bridge_2-11,..\data\processed\wet\Bridge_2-11_v2.wav,0.056375496650927115,0.5188334257530319,4.158054541085349,0.9997176732861306,0.056375496650927115,0.8647223762550532,0.8129010091300776,0.9997176732861306
Bridge_2-11,..\data\processed\wet\Bridge_2-11_v3.wav,0.9966368370739054,0.3332590233615765,3.9604433683122973,0.944765729882428,0.9966368370739054,0.5554317056026274,0.7689874151805105,0.944765729882428
Bridge_2-11,..\data\processed\wet\Bridge_2-11_v4.wav,0.8496473906774115,0.14840886104591858,2.527448608895421,0.12915941515149498,0.8496473906774115,0.24734810174319763,0.4505441353100935,0.12915941515149498
Bridge_2-12,..\data\processed\wet\Bridge_2-12_v0.wav,0.9540510272587224,0.363704780670528,1.5288926247655823,0.6717006844058567,0.9540510272587224,0.60617463445088,0.22864280550346272,0.6717006844058567
Bridge_2-12,..\data\processed\wet\Bridge_2-12_v1.wav,0.6181282404578958,0.21489763081970428,1.0110091648983306,0.6715731955927996,0.6181282404578958,0.3581627180328405,0.11355759219962902,0.6715731955927996
Bridge_2-12,..\data\processed\wet\Bridge_2-12_v2.wav,0.5203077009037933,0.46339103504138357,2.84073575500397,0.8521815003185401,0.5203077009037933,0.7723183917356393,0.5201635011119934,0.8521815003185401
Bridge_2-12,..\data\processed\wet\Bridge_2-12_v3.wav,0.5519068387744855,0.33656278292123176,4.444941211962552,0.40348286621239704,0.5519068387744855,0.5609379715353863,0.876653602658345,0.40348286621239704
Bridge_2-12,..\data\processed\wet\Bridge_2-12_v4.wav,0.13401522845064073,0.01726960578800338,3.8981176505312853,0.6203095513534647,0.13401522845064073,0.02878267631333897,0.755137255673619,0.6203095513534647
Bridge_2-13,..\data\processed\wet\Bridge_2-13_v0.wav,0.7040797680992236,0.12777849690534643,1.1136716401404638,0.014544665667881929,0.7040797680992236,0.21296416150891073,0.13637147558676974,0.014544665667881929
Bridge_2-13,..\data\processed\wet\Bridge_2-13_v1.wav,0.350587558806597,0.35395061211277984,2.2650982029487956,0.43747492202372906,0.350587558806597,0.5899176868546331,0.3922440450997324,0.43747492202372906
Bridge_2-13,..\data\processed\wet\Bridge_2-13_v2.wav,0.9041586944937484,0.2089532802139802,2.8129527012191486,0.7836530127411431,0.9041586944937484,0.34825546702330035,0.5139894891598108,0.7836530127411431
Bridge_2-13,..\data\processed\wet\Bridge_2-13_v3.wav,0.39654278232127016,0.3732520201367241,4.380636689360353,0.9495206236576421,0.39654278232127016,0.6220867002278735,0.8623637087467451,0.9495206236576421
Bridge_2-13,..\data\processed\wet\Bridge_2-13_v4.wav,0.14707348092903794,0.5559525750968967,2.714523318857922,0.25824438829895835,0.14707348092903794,0.9265876251614945,0.49211629307953825,0.25824438829895835
Bridge_2-14,..\data\processed\wet\Bridge_2-14_v0.wav,0.4591357562382613,0.5880195451712862,2.7167814229679133,0.3287516102875082,0.4591357562382613,0.980032575285477,0.4926180939928696,0.3287516102875082
Bridge_2-14,..\data\processed\wet\Bridge_2-14_v1.wav,0.6334008543167258,0.14408737126691584,0.8413849764889876,0.12887972191064923,0.6334008543167258,0.24014561877819307,0.0758633281086639,0.12887972191064923
Bridge_2-14,..\data\processed\wet\Bridge_2-14_v2.wav,0.12804583895777244,0.0911416161073766,1.1247222769223457,0.6408747448032146,0.12804583895777244,0.15190269351229435,0.13882717264941016,0.6408747448032146
Bridge_2-14,..\data\processed\wet\Bridge_2-14_v3.wav,0.18188008439914483,0.2074003699943179,4.535547844577053,0.47396164026287235,0.18188008439914483,0.3456672833238632,0.8967884099060117,0.47396164026287235
Bridge_2-14,..\data\processed\wet\Bridge_2-14_v4.wav,0.6675577385210272,0.1033919227209779,1.3653005846390185,0.04086861626647886,0.6675577385210272,0.17231987120162984,0.19228901880867078,0.04086861626647886
Bridge_2-15,..\data\processed\wet\Bridge_2-15_v0.wav,0.16893506307216455,0.16715420341917517,1.2965471792453607,0.08870253375705561,0.16893506307216455,0.2785903390319586,0.17701048427674682,0.08870253375705561
Bridge_2-15,..\data\processed\wet\Bridge_2-15_v1.wav,0.12063587110060081,0.27646726081963546,1.4285017328260663,0.36426986104807546,0.12063587110060081,0.46077876803272577,0.2063337184057925,0.36426986104807546
Bridge_2-15,..\data\processed\wet\Bridge_2-15_v2.wav,0.5034172708548569,0.4142368971776192,0.6769046292849452,0.7994103989090426,0.5034172708548569,0.6903948286293653,0.039312139841098936,0.7994103989090426
Bridge_2-15,..\data\processed\wet\Bridge_2-15_v3.wav,0.6279003894909078,0.04905541916932314,4.431103808480497,0.9208724005318132,0.6279003894909078,0.08175903194887191,0.8735786241067771,0.9208724005318132
Bridge_2-15,..\data\processed\wet\Bridge_2-15_v4.wav,0.06107795985486375,0.16612658888832224,4.127905759068776,0.7482596903836584,0.06107795985486375,0.2768776481472037,0.8062012797930613,0.7482596903836584
Bridge_2-16,..\data\processed\wet\Bridge_2-16_v0.wav,0.18452101935637732,0.12560959400202618,2.167124462561219,0.4845229851910213,0.18452101935637732,0.2093493233367103,0.370472102791382,0.4845229851910213
Bridge_2-16,..\data\processed\wet\Bridge_2-16_v1.wav,0.618254771530296,0.22134818374186344,2.5814062225991656,0.7474709381337565,0.618254771530296,0.3689136395697724,0.4625347161331479,0.7474709381337565
Bridge_2-16,..\data\processed\wet\Bridge_2-16_v2.wav,0.0366832028905979,0.15146216660641246,3.710073136480486,0.8952068376871993,0.0366832028905979,0.25243694434402075,0.7133495858845524,0.8952068376871993
Bridge_2-16,..\data\processed\wet\Bridge_2-16_v3.wav,0.5116774421156661,0.31926809115918936,0.9822740510289922,0.44741236682345464,0.5116774421156661,0.5321134852653157,0.10717201133977605,0.44741236682345464
Bridge_2-16,..\data\processed\wet\Bridge_2-16_v4.wav,0.5326172664550232,0.1454823021808378,1.7115945392722143,0.37728416310462265,0.5326172664550232,0.24247050363472966,0.26924323094938096,0.37728416310462265
Bridge_2-17,..\data\processed\wet\Bridge_2-17_v0.wav,0.02007119777772637,0.19324749934990695,1.4515160314844509,0.32749735217791465,0.02007119777772637,0.3220791655831783,0.21144800699654465,0.32749735217791465
Bridge_2-17,..\data\processed\wet\Bridge_2-17_v1.wav,0.11976213181925122,0.5343163684439369,3.171166040993219,0.6791023191444896,0.11976213181925122,0.890527280739895,0.5935924535540487,0.6791023191444896
Bridge_2-17,..\data\processed\wet\Bridge_2-17_v2.wav,0.7891712386073383,0.29906531935743436,0.8911412963934067,0.5371065418185478,0.7891712386073383,0.4984421989290573,0.0869202880874237,0.5371065418185478
Bridge_2-17,..\data\processed\wet\Bridge_2-17_v3.wav,0.5868411180208791,0.447263684510598,2.442467958033557,0.12758030279556376,0.5868411180208791,0.74543947418433,0.43165954622967934,0.12758030279556376
Bridge_2-17,..\data\processed\wet\Bridge_2-17_v4.wav,0.28377590579872447,0.21784937783918104,3.4066275859922053,0.5707783046689119,0.28377590579872447,0.3630822963986351,0.6459172413316012,0.5707783046689119
Bridge_2-18,..\data\processed\wet\Bridge_2-18_v0.wav,0.35609672589784624,0.5919091492757877,3.2259866871059923,0.23722679173599448,0.35609672589784624,0.9865152487929796,0.6057748193568872,0.23722679173599448
Bridge_2-18,..\data\processed\wet\Bridge_2-18_v1.wav,0.10178247262040374,0.09171548351059922,1.6068097777302865,0.16068137325955567,0.10178247262040374,0.15285913918433203,0.24595772838450813,0.16068137325955567
Bridge_2-18,..\data\processed\wet\Bridge_2-18_v2.wav,0.18656702405130576,0.17105710121630827,1.2801811788263966,0.8967654246264252,0.18656702405130576,0.2850951686938471,0.1733735952947548,0.8967654246264252
Bridge_2-18,..\data\processed\wet\Bridge_2-18_v3.wav,0.08023374566164221,0.3147068337421528,2.346785721453477,0.9823786169086064,0.08023374566164221,0.5245113895702547,0.41039682698966157,0.9823786169086064
Bridge_2-18,..\data\processed\wet\Bridge_2-18_v4.wav,0.11203890216805235,0.23871335942744498,4.86261694973916,0.8655071258939803,0.11203890216805235,0.39785559904574164,0.969470433275369,0.8655071258939803
Bridge_2-19,..\data\processed\wet\Bridge_2-19_v0.wav,0.8170720709492799,0.1547416962269639,1.2689941432552962,0.668643219924431,0.8170720709492799,0.25790282704493983,0.17088758739006582,0.668643219924431
Bridge_2-19,..\data\processed\wet\Bridge_2-19_v1.wav,0.9293759891275858,0.33405773580835785,3.0722571026145493,0.2799790936602842,0.9293759891275858,0.5567628930139298,0.5716126894698998,0.2799790936602842
Bridge_2-19,..\data\processed\wet\Bridge_2-19_v2.wav,0.7694929331919369,0.11222624913451403,1.9565565638190965,0.4254364386164168,0.7694929331919369,0.18704374855752337,0.3236792364042437,0.4254364386164168
Bridge_2-19,..\data\processed\wet\Bridge_2-19_v3.wav,0.507610378684455,0.14544583944904813,1.016765711326416,0.6106200424416326,0.507610378684455,0.2424097324150802,0.11483682473920354,0.6106200424416326
Bridge_2-19,..\data\processed\wet\Bridge_2-19_v4.wav,0.28863055324025577,0.34874293285356733,1.1946322187339105,0.4811401018548175,0.28863055324025577,0.5812382214226123,0.1543627152742023,0.4811401018548175
Bridge_2-2,..\data\processed\wet\Bridge_2-2_v0.wav,0.5325894325515859,0.031094122093456144,2.0147192518726427,0.13441467693897424,0.5325894325515859,0.05182353682242691,0.3366042781939206,0.13441467693897424
Bridge_2-2,..\data\processed\wet\Bridge_2-2_v1.wav,0.06337497047276774,0.5939761394339671,1.9505923023862533,0.8098744458546349,0.06337497047276774,0.9899602323899452,0.32235384497472297,0.8098744458546349
Bridge_2-2,..\data\processed\wet\Bridge_2-2_v2.wav,0.25464065476376385,0.40890163333435753,3.9210253695035897,0.5956387406078443,0.25464065476376385,0.6815027222239293,0.7602278598896866,0.5956387406078443
Bridge_2-2,..\data\processed\wet\Bridge_2-2_v3.wav,0.47157618855015837,0.2471045484883611,2.069907199443479,0.9295291442478258,0.47157618855015837,0.41184091414726853,0.3488682665429953,0.9295291442478258
Bridge_2-2,..\data\processed\wet\Bridge_2-2_v4.wav,0.8306194077877291,0.5790161463999075,1.0593375056849512,0.7308674752036443,0.8306194077877291,0.9650269106665126,0.12429722348554471,0.7308674752036443
Bridge_2-20,..\data\processed\wet\Bridge_2-20_v0.wav,0.9383404568210378,0.10873983969939609,0.7992332031504987,0.741120649290059,0.9383404568210378,0.18123306616566015,0.0664962673667775,0.741120649290059
Bridge_2-20,..\data\processed\wet\Bridge_2-20_v1.wav,0.5744731131799119,0.5050972660549632,1.1289756948183027,0.7952673118598902,0.5744731131799119,0.8418287767582721,0.1397723766262895,0.7952673118598902
Bridge_2-20,..\data\processed\wet\Bridge_2-20_v2.wav,0.20162732004774453,0.0981935657194227,1.2391960906894681,0.8145747202313821,0.20162732004774453,0.1636559428657045,0.1642657979309929,0.8145747202313821
Bridge_2-20,..\data\processed\wet\Bridge_2-20_v3.wav,0.6651972206962001,0.3138392548614716,2.114737178555761,0.8772005408131083,0.6651972206962001,0.5230654247691193,0.3588304841235025,0.8772005408131083
Bridge_2-20,..\data\processed\wet\Bridge_2-20_v4.wav,0.3924451074226354,0.48995966368294624,2.476107088565983,0.3769444294249076,0.3924451074226354,0.8165994394715771,0.4391349085702184,0.3769444294249076
Bridge_2-21,..\data\processed\wet\Bridge_2-21_v0.wav,0.46267978566960644,0.18082672449848525,3.86424221079313,0.5027203900924792,0.46267978566960644,0.3013778741641421,0.7476093801762511,0.5027203900924792
Bridge_2-21,..\data\processed\wet\Bridge_2-21_v1.wav,0.2322126951468173,0.539744743964741,2.2275104961794514,0.5435528611139886,0.2322126951468173,0.8995745732745685,0.3838912213732114,0.5435528611139886
Bridge_2-21,..\data\processed\wet\Bridge_2-21_v2.wav,0.9064721109645469,0.37454279754839526,1.0260411831876384,0.9398321236134751,0.9064721109645469,0.6242379959139921,0.11689804070836408,0.9398321236134751
Bridge_2-21,..\data\processed\wet\Bridge_2-21_v3.wav,0.6277080530714179,0.20094336879425168,1.1267243269852427,0.794025189270296,0.6277080530714179,0.3349056146570861,0.13927207266338726,0.794025189270296
Bridge_2-21,..\data\processed\wet\Bridge_2-21_v4.wav,0.6200727559285135,0.3200766551857929,4.5225166237293095,0.7885972112245307,0.6200727559285135,0.5334610919763215,0.8938925830509576,0.7885972112245307
Bridge_2-22,..\data\processed\wet\Bridge_2-22_v0.wav,0.15167487973275118,0.18703324067732893,1.618201129165096,0.743946292572677,0.15167487973275118,0.31172206779554823,0.24848913981446577,0.743946292572677
Bridge_2-22,..\data\processed\wet\Bridge_2-22_v1.wav,0.03353243473577938,0.3419338109227899,3.9310640858331074,0.8767656367617495,0.03353243473577938,0.5698896848713165,0.7624586857406905,0.8767656367617495
Bridge_2-22,..\data\processed\wet\Bridge_2-22_v2.wav,0.34208174871590746,0.4927543828032077,0.9978428162984325,0.8464522917345182,0.34208174871590746,0.8212573046720129,0.11063173695520723,0.8464522917345182
Bridge_2-22,..\data\processed\wet\Bridge_2-22_v3.wav,0.12748866233198242,0.23837237433622036,4.087829146007991,0.14991742734877378,0.12748866233198242,0.39728729056036727,0.7972953657795535,0.14991742734877378
Bridge_2-22,..\data\processed\wet\Bridge_2-22_v4.wav,0.22925139523264149,0.4333515410358398,3.7401644144573347,0.6411476328852973,0.22925139523264149,0.7222525683930663,0.7200365365460744,0.6411476328852973
Bridge_2-3,..\data\processed\wet\Bridge_2-3_v0.wav,0.6939484444671,0.32563466600855767,1.6330957650812874,0.34569599350391944,0.6939484444671,0.5427244433475962,0.25179905890695276,0.34569599350391944
Bridge_2-3,..\data\processed\wet\Bridge_2-3_v1.wav,0.18159771680142567,0.545070336800177,3.125263076447542,0.4008514167636399,0.18159771680142567,0.9084505613336284,0.5833917947661205,0.4008514167636399
Bridge_2-3,..\data\processed\wet\Bridge_2-3_v2.wav,0.4620058036441327,0.5683700037670891,1.190081314022361,0.5862298320167972,0.4620058036441327,0.9472833396118152,0.1533514031160802,0.5862298320167972
Bridge_2-3,..\data\processed\wet\Bridge_2-3_v3.wav,0.505888678884466,0.36687254126078866,0.5814958271937822,0.8721239089441515,0.505888678884466,0.6114542354346478,0.018110183820840495,0.8721239089441515
Bridge_2-3,..\data\processed\wet\Bridge_2-3_v4.wav,0.9321182824836124,0.33907991015352534,3.634928707446015,0.9224993811772957,0.9321182824836124,0.5651331835892089,0.6966508238768923,0.9224993811772957
Bridge_2-4,..\data\processed\wet\Bridge_2-4_v0.wav,0.7072386343133986,0.0915234257485568,3.0932976207506595,0.6067150463828559,0.7072386343133986,0.15253904291426135,0.5762883601668132,0.6067150463828559
Bridge_2-4,..\data\processed\wet\Bridge_2-4_v1.wav,0.424130671302386,0.44186654137483367,4.704651566460567,0.9255685129067763,0.424130671302386,0.7364442356247228,0.9343670147690148,0.9255685129067763
Bridge_2-4,..\data\processed\wet\Bridge_2-4_v2.wav,0.4508393714041321,0.06794282750445314,4.931785395330506,0.8388980864459341,0.4508393714041321,0.11323804584075524,0.9848411989623346,0.8388980864459341
Bridge_2-4,..\data\processed\wet\Bridge_2-4_v3.wav,0.12466268120326685,0.5525051295704234,4.414533629279577,0.5188380571260721,0.12466268120326685,0.9208418826173724,0.8698963620621283,0.5188380571260721
Bridge_2-4,..\data\processed\wet\Bridge_2-4_v4.wav,0.5912754357449292,0.23940162232207815,0.746427374699141,0.3351972416459009,0.5912754357449292,0.39900270387013026,0.05476163882203133,0.3351972416459009
Bridge_2-5,..\data\processed\wet\Bridge_2-5_v0.wav,0.8028534485980114,0.002779213802761715,2.000746272610149,0.3981686935909433,0.8028534485980114,0.004632023004602859,0.33349917169114424,0.3981686935909433
Bridge_2-5,..\data\processed\wet\Bridge_2-5_v1.wav,0.5373956029379229,0.5519133698476563,2.0585569746468257,0.3469532018962277,0.5373956029379229,0.9198556164127605,0.34634599436596125,0.3469532018962277
Bridge_2-5,..\data\processed\wet\Bridge_2-5_v2.wav,0.7375012481097484,0.27133076453388427,1.510721703229919,0.4524395161326934,0.7375012481097484,0.45221794088980716,0.224604822939982,0.4524395161326934
Bridge_2-5,..\data\processed\wet\Bridge_2-5_v3.wav,0.14085702037979986,0.10583219190373398,2.7426549773276587,0.4189254495045479,0.14085702037979986,0.1763869865062233,0.49836777273947974,0.4189254495045479
Bridge_2-5,..\data\processed\wet\Bridge_2-5_v4.wav,0.9148459010681,0.21743633946997987,3.1126475762511956,0.6322642879195304,0.9148459010681,0.3623938991166331,0.5805883502780435,0.6322642879195304
Bridge_2-6,..\data\processed\wet\Bridge_2-6_v0.wav,0.013094456588333636,0.39812242321002633,1.3011618509138814,0.9610703174694551,0.013094456588333636,0.6635373720167106,0.17803596686975143,0.9610703174694551
Bridge_2-6,..\data\processed\wet\Bridge_2-6_v1.wav,0.14866272775311296,0.24877447423621424,0.8840735063538974,0.9968742518459474,0.14866272775311296,0.41462412372702373,0.08534966807864386,0.9968742518459474
Bridge_2-6,..\data\processed\wet\Bridge_2-6_v2.wav,0.5021950103312426,0.35723101039202626,0.8018441482479237,0.7499604703991778,0.5021950103312426,0.5953850173200438,0.0670764773884275,0.7499604703991778
Bridge_2-6,..\data\processed\wet\Bridge_2-6_v3.wav,0.20990559309558576,0.5388325736644283,1.4231283821690321,0.19068772066366657,0.20990559309558576,0.8980542894407139,0.20513964048200714,0.19068772066366657
Bridge_2-6,..\data\processed\wet\Bridge_2-6_v4.wav,0.03654966784809488,0.2832401670659995,3.041785099681774,0.06570863942835237,0.03654966784809488,0.47206694510999925,0.5648411332626164,0.06570863942835237
Bridge_2-7,..\data\processed\wet\Bridge_2-7_v0.wav,0.7755276166950106,0.27197330084881655,2.8597562119741102,0.44076274693822814,0.7755276166950106,0.4532888347480276,0.52439026932758,0.44076274693822814
Bridge_2-7,..\data\processed\wet\Bridge_2-7_v1.wav,0.400763060875326,0.3357841987849307,1.1985811066882062,0.18192813049527112,0.400763060875326,0.5596403313082179,0.15524024593071248,0.18192813049527112
Bridge_2-7,..\data\processed\wet\Bridge_2-7_v2.wav,0.8617856210135173,0.5676692772801796,2.1798919232588885,0.27074467314355377,0.8617856210135173,0.9461154621336326,0.373309316279753,0.27074467314355377
Bridge_2-7,..\data\processed\wet\Bridge_2-7_v3.wav,0.6439995432390158,0.24524050265885783,0.6142386004715519,0.15615259736619036,0.6439995432390158,0.4087341710980964,0.02538635566034486,0.15615259736619036
Bridge_2-7,..\data\processed\wet\Bridge_2-7_v4.wav,0.7159722288473975,0.3953543651460908,0.6219319662656757,0.22197216193294944,0.7159722288473975,0.6589239419101514,0.02709599250348349,0.22197216193294944
Bridge_2-8,..\data\processed\wet\Bridge_2-8_v0.wav,0.2310747965880714,0.403135646159237,0.5886974198946386,0.10410858198457384,0.2310747965880714,0.6718927435987284,0.01971053775436414,0.10410858198457384
Bridge_2-8,..\data\processed\wet\Bridge_2-8_v1.wav,0.7999160853731894,0.10712679723260017,3.437357485333436,0.23818278104672652,0.7999160853731894,0.1785446620543336,0.6527461078518747,0.23818278104672652
Bridge_2-8,..\data\processed\wet\Bridge_2-8_v2.wav,0.09944139275934516,0.14590331459967246,3.750201193350466,0.8556964681062857,0.09944139275934516,0.2431721909994541,0.7222669318556592,0.8556964681062857
Bridge_2-8,..\data\processed\wet\Bridge_2-8_v3.wav,0.8302198645669916,0.2383101177710729,3.5063831145679076,0.20498429541582097,0.8302198645669916,0.3971835296184548,0.6680851365706462,0.20498429541582097
Bridge_2-8,..\data\processed\wet\Bridge_2-8_v4.wav,0.29314773026101326,0.5378014911126718,0.5585086557983121,0.08550853085446808,0.29314773026101326,0.8963358185211198,0.013001923510736023,0.08550853085446808
Bridge_2-9,..\data\processed\wet\Bridge_2-9_v0.wav,0.20788625514602732,0.01591932232429183,1.316459457904088,0.5830415609696922,0.20788625514602732,0.026532203873819715,0.18143543508979734,0.5830415609696922
Bridge_2-9,..\data\processed\wet\Bridge_2-9_v1.wav,0.42142455059249795,0.5356030266461849,4.178496027822984,0.34181735169787597,0.42142455059249795,0.8926717110769748,0.8174435617384409,0.34181735169787597
Bridge_2-9,..\data\processed\wet\Bridge_2-9_v2.wav,0.2594234334312925,0.22781544490036013,3.156327241316635,0.26806364082287626,0.2594234334312925,0.3796924081672669,0.5902949425148077,0.26806364082287626
Bridge_2-9,..\data\processed\wet\Bridge_2-9_v3.wav,0.624148907849134,0.24564699131474424,2.984212313833911,0.4361265291353167,0.624148907849134,0.4094116521912404,0.5520471808519802,0.4361265291353167
Bridge_2-9,..\data\processed\wet\Bridge_2-9_v4.wav,0.29446575954191767,0.569071984177294,3.936226073718924,0.14011317576645255,0.29446575954191767,0.9484533069621567,0.7636057941597608,0.14011317576645255
Bridge_3-0,..\data\processed\wet\Bridge_3-0_v0.wav,0.8684679758979128,0.29245871894970815,4.525485021023411,0.7998552559473152,0.8684679758979128,0.4874311982495136,0.8945522268940914,0.7998552559473152
Bridge_3-0,..\data\processed\wet\Bridge_3-0_v1.wav,0.42521350446923345,0.01348158499207044,1.7090481172322574,0.5416342146608669,0.42521350446923345,0.022469308320117398,0.2686773593849461,0.5416342146608669
Bridge_3-0,..\data\processed\wet\Bridge_3-0_v2.wav,0.6334782198261473,0.15473261125992135,1.1271023333277086,0.8349302367992991,0.6334782198261473,0.2578876854332023,0.13935607407282413,0.8349302367992991
Bridge_3-0,..\data\processed\wet\Bridge_3-0_v3.wav,0.9844021807035521,0.31541410938161146,1.2725567863173657,0.27230732651936895,0.9844021807035521,0.5256901823026858,0.1716792858483035,0.27230732651936895
Bridge_3-0,..\data\processed\wet\Bridge_3-0_v4.wav,0.018390676547466733,0.5485792839362994,1.029879873005635,0.5765164755142536,0.018390676547466733,0.914298806560499,0.11775108289014113,0.5765164755142536
Bridge_3-1,..\data\processed\wet\Bridge_3-1_v0.wav,0.274055220687206,0.33250680150947604,3.431391747583389,0.8297418037072016,0.274055220687206,0.5541780025157934,0.6514203883518642,0.8297418037072016
Bridge_3-1,..\data\processed\wet\Bridge_3-1_v1.wav,0.2064212717606032,0.006597497195088287,1.1159853353096327,0.9000186418481051,0.2064212717606032,0.010995828658480478,0.13688563006880727,0.9000186418481051
Bridge_3-1,..\data\processed\wet\Bridge_3-1_v2.wav,0.8738900775625152,0.358447861302185,3.20232587195144,0.6650366745462555,0.8738900775625152,0.5974131021703083,0.6005168604336534,0.6650366745462555
Bridge_3-1,..\data\processed\wet\Bridge_3-1_v3.wav,0.1753712786234496,0.5486471675549759,2.384467362014329,0.38313852824949746,0.1753712786234496,0.9144119459249599,0.4187705248920731,0.38313852824949746
Bridge_3-1,..\data\processed\wet\Bridge_3-1_v4.wav,0.5189177052828375,0.028179580065033027,1.2482751594023573,0.7380336164263704,0.5189177052828375,0.046965966775055046,0.1662833687560794,0.7380336164263704
Bridge_3-10,..\data\processed\wet\Bridge_3-10_v0.wav,0.08279866792512647,0.36189126567983293,1.6040709935659443,0.38929561404197655,0.08279866792512647,0.6031521094663882,0.24534910968132095,0.38929561404197655
Bridge_3-10,..\data\processed\wet\Bridge_3-10_v1.wav,0.28869373677069987,0.21340362987896946,3.7357065733291046,0.297121715623175,0.28869373677069987,0.35567271646494913,0.7190459051842455,0.297121715623175
Bridge_3-10,..\data\processed\wet\Bridge_3-10_v2.wav,0.5664046402968972,0.2856302413194598,3.4865202441319165,0.936829739324758,0.5664046402968972,0.47605040219909966,0.6636711653626481,0.936829739324758
Bridge_3-10,..\data\processed\wet\Bridge_3-10_v3.wav,0.7325720972102503,0.12896422715445405,0.6403241077757811,0.2622640442998251,0.7325720972102503,0.21494037859075676,0.031183135061284686,0.2622640442998251
Bridge_3-10,..\data\processed\wet\Bridge_3-10_v4.wav,0.5950779307002548,0.030855488090550207,2.7336481124055636,0.5968428489168892,0.5950779307002548,0.05142581348425035,0.49636624720123634,0.5968428489168892
Bridge_3-11,..\data\processed\wet\Bridge_3-11_v0.wav,0.3342438908169608,0.4625473222474931,0.9796921391019731,0.07513778173580876,0.3342438908169608,0.7709122037458219,0.10659825313377179,0.07513778173580876
Bridge_3-11,..\data\processed\wet\Bridge_3-11_v1.wav,0.7281887562036033,0.2972947897237191,3.597810783924812,0.4348273386037462,0.7281887562036033,0.4954913162061985,0.688402396427736,0.4348273386037462
Bridge_3-11,..\data\processed\wet\Bridge_3-11_v2.wav,0.2464020332391068,0.4914613906045198,4.097371455360406,0.6946964708544268,0.2464020332391068,0.8191023176741997,0.7994158789689791,0.6946964708544268
Bridge_3-11,..\data\processed\wet\Bridge_3-11_v3.wav,0.2721451372299627,0.35413840012145226,2.1243825362301205,0.09158207332663415,0.2721451372299627,0.5902306668690871,0.3609738969400268,0.09158207332663415
Bridge_3-11,..\data\processed\wet\Bridge_3-11_v4.wav,0.9173135754622428,0.08209117855137683,4.776068092193611,0.44600577295795574,0.9173135754622428,0.1368186309189614,0.9502373538208025,0.44600577295795574
Bridge_3-12,..\data\processed\wet\Bridge_3-12_v0.wav,0.18513292883861965,0.3251405684270149,4.428256261443837,0.7322248864095612,0.18513292883861965,0.5419009473783581,0.8729458358764083,0.7322248864095612
Bridge_3-12,..\data\processed\wet\Bridge_3-12_v1.wav,0.8065611478614497,0.3952700200264304,3.615244540330336,0.8491956515653193,0.8065611478614497,0.6587833667107174,0.6922765645178525,0.8491956515653193
Bridge_3-12,..\data\processed\wet\Bridge_3-12_v2.wav,0.24966800885918594,0.29365497818588426,1.49544248818821,0.987668007996647,0.24966800885918594,0.4894249636431405,0.22120944181960223,0.987668007996647
Bridge_3-12,..\data\processed\wet\Bridge_3-12_v3.wav,0.9440593396866133,0.02365608682110354,3.675088276320598,0.9252483174156658,0.9440593396866133,0.0394268113685059,0.7055751725156885,0.9252483174156658
Bridge_3-12,..\data\processed\wet\Bridge_3-12_v4.wav,0.18057534512733353,0.3407671383315777,4.619697339146188,0.03394597858579884,0.18057534512733353,0.5679452305526295,0.9154882975880417,0.03394597858579884
Bridge_3-13,..\data\processed\wet\Bridge_3-13_v0.wav,0.6974202672468399,0.17840940442353045,4.6597828791943865,0.9710582451653678,0.6974202672468399,0.29734900737255077,0.9243961953765303,0.9710582451653678
Bridge_3-13,..\data\processed\wet\Bridge_3-13_v1.wav,0.9442664891134339,0.28452852999447825,4.379191929451911,0.8445493985350704,0.9442664891134339,0.47421421665746377,0.8620426509893134,0.8445493985350704
Bridge_3-13,..\data\processed\wet\Bridge_3-13_v2.wav,0.31910047324325563,0.4973492844904064,0.6665343562197168,0.596269878482053,0.31910047324325563,0.8289154741506773,0.03700763471549262,0.596269878482053
Bridge_3-13,..\data\processed\wet\Bridge_3-13_v3.wav,0.23000883728770305,0.07234013146636728,0.8462894073314412,0.6962887758781398,0.23000883728770305,0.12056688577727881,0.07695320162920916,0.6962887758781398
Bridge_3-13,..\data\processed\wet\Bridge_3-13_v4.wav,0.33987496376806614,0.4348600629172569,0.7941035335952407,0.31529033783061033,0.33987496376806614,0.7247667715287615,0.06535634079894237,0.31529033783061033
Bridge_3-14,..\data\processed\wet\Bridge_3-14_v0.wav,0.5394912923753372,0.4744338989033781,1.9343862631943147,0.6258913764370091,0.5394912923753372,0.7907231648389635,0.3187525029320699,0.6258913764370091
Bridge_3-14,..\data\processed\wet\Bridge_3-14_v1.wav,0.8859777482361871,0.36951791290938274,1.548317636391352,0.02440078155653802,0.8859777482361871,0.6158631881823046,0.23295947475363377,0.02440078155653802
Bridge_3-14,..\data\processed\wet\Bridge_3-14_v2.wav,0.8700988739009299,0.012761646510232283,4.4361575270788975,0.528937134027212,0.8700988739009299,0.021269410850387138,0.8747016726841994,0.528937134027212
Bridge_3-14,..\data\processed\wet\Bridge_3-14_v3.wav,0.9390676985128962,0.4792699414641992,4.990703497400019,0.35071181545171015,0.9390676985128962,0.7987832357736654,0.9979341105333375,0.35071181545171015
Bridge_3-14,..\data\processed\wet\Bridge_3-14_v4.wav,0.7671882889311269,0.24115854816554527,2.6594402913675896,0.6275054632183701,0.7671882889311269,0.40193091360924216,0.4798756203039088,0.6275054632183701
Bridge_3-15,..\data\processed\wet\Bridge_3-15_v0.wav,0.8736771141863388,0.590450081519577,3.957230362390332,0.41776678216733376,0.8736771141863388,0.984083469199295,0.7682734138645182,0.41776678216733376
Bridge_3-15,..\data\processed\wet\Bridge_3-15_v1.wav,0.4213570022770702,0.4425493809533349,1.5744971559573604,0.11047411313139466,0.4213570022770702,0.7375823015888915,0.2387771457683023,0.11047411313139466
Bridge_3-15,..\data\processed\wet\Bridge_3-15_v2.wav,0.35462215764077654,0.17234339499244902,1.8333865420519553,0.23360775104990994,0.35462215764077654,0.28723899165408173,0.2963081204559901,0.23360775104990994
Bridge_3-15,..\data\processed\wet\Bridge_3-15_v3.wav,0.04209318963636188,0.010724360840048285,4.944750753812142,0.42777313373586234,0.04209318963636188,0.01787393473341381,0.9877223897360314,0.42777313373586234
Bridge_3-15,..\data\processed\wet\Bridge_3-15_v4.wav,0.3843266471596817,0.4077883696158419,1.4821424953927886,0.9499611839502253,0.3843266471596817,0.6796472826930698,0.21825388786506414,0.9499611839502253
Bridge_3-16,..\data\processed\wet\Bridge_3-16_v0.wav,0.786345014415552,0.053646601387355705,2.379113491032178,0.8791183075621647,0.786345014415552,0.08941100231225951,0.4175807757849284,0.8791183075621647
Bridge_3-16,..\data\processed\wet\Bridge_3-16_v1.wav,0.9447320222914103,0.28044090674992184,3.2603512514481845,0.16703394609207523,0.9447320222914103,0.4674015112498697,0.6134113892107077,0.16703394609207523
Bridge_3-16,..\data\processed\wet\Bridge_3-16_v2.wav,0.9911686261369765,0.13900302083006602,4.742292983608065,0.6496466489923685,0.9911686261369765,0.23167170138344337,0.9427317741351255,0.6496466489923685
Bridge_3-16,..\data\processed\wet\Bridge_3-16_v3.wav,0.6077367948788591,0.30761310660990515,1.538014152729914,0.17652803200550826,0.6077367948788591,0.5126885110165086,0.2306698117177587,0.17652803200550826
Bridge_3-16,..\data\processed\wet\Bridge_3-16_v4.wav,0.22048620907017535,0.11186295728655271,4.00813013105039,0.3501252591667301,0.22048620907017535,0.18643826214425452,0.7795844735667532,0.3501252591667301
Bridge_3-17,..\data\processed\wet\Bridge_3-17_v0.wav,0.05784267656339637,0.5814615780844867,4.477036482335416,0.927752283195213,0.05784267656339637,0.9691026301408112,0.8837858849634258,0.927752283195213
Bridge_3-17,..\data\processed\wet\Bridge_3-17_v1.wav,0.9949078226464353,0.10433714953169237,2.2830890850619645,0.7582384757040913,0.9949078226464353,0.1738952492194873,0.39624201890265875,0.7582384757040913
Bridge_3-17,..\data\processed\wet\Bridge_3-17_v2.wav,0.6960206180537922,0.09233754380391303,4.17124906245778,0.22444057183666066,0.6960206180537922,0.15389590633985506,0.8158331249906178,0.22444057183666066
Bridge_3-17,..\data\processed\wet\Bridge_3-17_v3.wav,0.22381761482262308,0.32218465373604815,3.168229706787664,0.5800862078378112,0.22381761482262308,0.5369744228934136,0.5929399348417032,0.5800862078378112
Bridge_3-17,..\data\processed\wet\Bridge_3-17_v4.wav,0.09148683739775487,0.5264765175782282,1.6952001916491772,0.12951492128280417,0.09148683739775487,0.8774608626303804,0.26560004258870606,0.12951492128280417
Bridge_3-18,..\data\processed\wet\Bridge_3-18_v0.wav,0.8887480798689772,0.573390898937852,4.379574277694528,0.8095160747248781,0.8887480798689772,0.9556514982297534,0.8621276172654506,0.8095160747248781
Bridge_3-18,..\data\processed\wet\Bridge_3-18_v1.wav,0.6552419806390217,0.33051442236548356,0.8914404196013457,0.4084532130706987,0.6552419806390217,0.5508573706091393,0.08698675991141015,0.4084532130706987
Bridge_3-18,..\data\processed\wet\Bridge_3-18_v2.wav,0.372688517012314,0.15585227025619572,3.755390511598632,0.4958757350787708,0.372688517012314,0.2597537837603262,0.7234201136885849,0.4958757350787708
Bridge_3-18,..\data\processed\wet\Bridge_3-18_v3.wav,0.08104621590764793,0.1321099211698868,3.574664436468182,0.07613085949030018,0.08104621590764793,0.22018320194981134,0.6832587636595959,0.07613085949030018
Bridge_3-18,..\data\processed\wet\Bridge_3-18_v4.wav,0.8512069140487687,0.2970879162083846,2.662639597969916,0.5924077846595176,0.8512069140487687,0.4951465270139743,0.48058657732664795,0.5924077846595176
Bridge_3-19,..\data\processed\wet\Bridge_3-19_v0.wav,0.8246809659251492,0.20868552474131583,3.551072686515786,0.5657319639957911,0.8246809659251492,0.34780920790219305,0.6780161525590636,0.5657319639957911
Bridge_3-19,..\data\processed\wet\Bridge_3-19_v1.wav,0.2670282701694213,0.5271779918130948,4.088417097231177,0.6584518346584255,0.2670282701694213,0.878629986355158,0.7974260216069281,0.6584518346584255
Bridge_3-19,..\data\processed\wet\Bridge_3-19_v2.wav,0.8505817290942419,0.5203765205758814,3.6876333952176568,0.837013328363672,0.8505817290942419,0.8672942009598023,0.7083629767150348,0.837013328363672
Bridge_3-19,..\data\processed\wet\Bridge_3-19_v3.wav,0.6974714616692836,0.40808446305618024,3.2837512019683293,0.7527166395576412,0.6974714616692836,0.6801407717603004,0.6186113782151843,0.7527166395576412
Bridge_3-19,..\data\processed\wet\Bridge_3-19_v4.wav,0.1586051052930737,0.5285224555193571,4.423295874853544,0.029247283034559146,0.1586051052930737,0.8808707591989284,0.871843527745232,0.029247283034559146
Bridge_3-2,..\data\processed\wet\Bridge_3-2_v0.wav,0.8258167505647627,0.07732192048406712,2.0080348441661386,0.7435082562916078,0.8258167505647627,0.1288698674734452,0.3351188542591419,0.7435082562916078
Bridge_3-2,..\data\processed\wet\Bridge_3-2_v1.wav,0.1607598960483082,0.49078021447143727,4.244603800809839,0.5074677337608362,0.1607598960483082,0.8179670241190622,0.8321341779577419,0.5074677337608362
Bridge_3-2,..\data\processed\wet\Bridge_3-2_v2.wav,0.00638587171683358,0.17222287990494767,3.27617113269084,0.9811861780274235,0.00638587171683358,0.2870381331749128,0.6169269183757422,0.9811861780274235
Bridge_3-2,..\data\processed\wet\Bridge_3-2_v3.wav,0.6318135270166684,0.15588214863849587,3.353025663948251,0.5399853797158555,0.6318135270166684,0.2598035810641598,0.6340057030996114,0.5399853797158555
Bridge_3-2,..\data\processed\wet\Bridge_3-2_v4.wav,0.7798453951511436,0.06418838329617504,3.924625561259126,0.5412665786761103,0.7798453951511436,0.10698063882695841,0.761027902502028,0.5412665786761103
Bridge_3-20,..\data\processed\wet\Bridge_3-20_v0.wav,0.9629920038589946,0.20512329962321166,3.3467985191027667,0.9320281055100175,0.9629920038589946,0.3418721660386861,0.6326218931339481,0.9320281055100175
Bridge_3-20,..\data\processed\wet\Bridge_3-20_v1.wav,0.10250972799067926,0.5623370923418707,3.59548575035366,0.0678370591051719,0.10250972799067926,0.9372284872364511,0.6878857223008134,0.0678370591051719
Bridge_3-20,..\data\processed\wet\Bridge_3-20_v2.wav,0.30096356694681625,0.42490325318716893,0.8030777066094726,0.5821704601762733,0.30096356694681625,0.7081720886452816,0.0673506014687717,0.5821704601762733
Bridge_3-20,..\data\processed\wet\Bridge_3-20_v3.wav,0.34588305695295674,0.37254931066048624,0.7058391521563079,0.8715368061523763,0.34588305695295674,0.6209155177674771,0.045742033812512864,0.8715368061523763
Bridge_3-20,..\data\processed\wet\Bridge_3-20_v4.wav,0.9734889691773969,0.5813267131714148,3.873433242843161,0.13008624013063197,0.9734889691773969,0.9688778552856914,0.7496518317429247,0.13008624013063197
Bridge_3-21,..\data\processed\wet\Bridge_3-21_v0.wav,0.7582631959290226,0.014752149875280906,0.5995559818804876,0.32361021914954125,0.7582631959290226,0.02458691645880151,0.022123551528997254,0.32361021914954125
Bridge_3-21,..\data\processed\wet\Bridge_3-21_v1.wav,0.48864319040466575,0.4622444506846759,3.5748291947292734,0.44590270637674834,0.48864319040466575,0.7704074178077932,0.6832953766065052,0.44590270637674834
Bridge_3-21,..\data\processed\wet\Bridge_3-21_v2.wav,0.2736266662816659,0.5982747000946267,2.417815860061878,0.4513870243296755,0.2736266662816659,0.9971245001577111,0.42618130223597295,0.4513870243296755
Bridge_3-21,..\data\processed\wet\Bridge_3-21_v3.wav,0.16362382119166918,0.4768857292499576,3.621570016016699,0.2207696127887604,0.16362382119166918,0.7948095487499294,0.6936822257814886,0.2207696127887604
Bridge_3-21,..\data\processed\wet\Bridge_3-21_v4.wav,0.0823810456158427,0.40829958124482785,3.4453004642651086,0.2732595269982093,0.0823810456158427,0.6804993020747131,0.6545112142811352,0.2732595269982093
Bridge_3-22,..\data\processed\wet\Bridge_3-22_v0.wav,0.9508635622504104,0.09063473506854014,2.4455066046917087,0.9436159201675989,0.9508635622504104,0.15105789178090023,0.4323348010426019,0.9436159201675989
Bridge_3-22,..\data\processed\wet\Bridge_3-22_v1.wav,0.4197273169261223,0.3831155685984513,2.289174790832574,0.27421520234867003,0.4197273169261223,0.6385259476640855,0.3975943979627943,0.27421520234867003
Bridge_3-22,..\data\processed\wet\Bridge_3-22_v2.wav,0.9839776479598282,0.2456004037890258,4.523446416556105,0.22995460589108618,0.9839776479598282,0.409334006315043,0.8940992036791344,0.22995460589108618
Bridge_3-22,..\data\processed\wet\Bridge_3-22_v3.wav,0.2131047040250833,0.018680449730706816,3.432500714191483,0.36852634372376114,0.2131047040250833,0.03113408288451136,0.651666825375885,0.36852634372376114
Bridge_3-22,..\data\processed\wet\Bridge_3-22_v4.wav,0.864358249839637,0.28392594401493426,4.856870425616248,0.18552551570312115,0.864358249839637,0.4732099066915571,0.9681934279147217,0.18552551570312115
Bridge_3-3,..\data\processed\wet\Bridge_3-3_v0.wav,0.8686231679556108,0.46595811167504503,3.969148300898234,0.8447832281168877,0.8686231679556108,0.7765968527917417,0.770921844644052,0.8447832281168877
Bridge_3-3,..\data\processed\wet\Bridge_3-3_v1.wav,0.7610239909429989,0.37573219297884924,1.0906019495707442,0.032526179491251916,0.7610239909429989,0.6262203216314154,0.1312448776823876,0.032526179491251916
Bridge_3-3,..\data\processed\wet\Bridge_3-3_v2.wav,0.9208478478156868,0.3699901887124428,4.084417809392793,0.4815223515125501,0.9208478478156868,0.616650314520738,0.7965372909761762,0.4815223515125501
Bridge_3-3,..\data\processed\wet\Bridge_3-3_v3.wav,0.11730818896239448,0.07511147532153026,3.5850437925303713,0.4303058948994627,0.11730818896239448,0.12518579220255044,0.6855652872289714,0.4303058948994627
Bridge_3-3,..\data\processed\wet\Bridge_3-3_v4.wav,0.20052472670033672,0.2949567280448621,0.7889402168381034,0.5819714019143988,0.20052472670033672,0.4915945467414369,0.0642089370751341,0.5819714019143988
Bridge_3-4,..\data\processed\wet\Bridge_3-4_v0.wav,0.26899340443509767,0.47853546038231287,1.896628815156082,0.4552201490818012,0.26899340443509767,0.7975591006371882,0.31036195892357377,0.4552201490818012
Bridge_3-4,..\data\processed\wet\Bridge_3-4_v1.wav,0.011620539908100636,0.04346813267673533,2.266221003830082,0.4799388347171235,0.011620539908100636,0.07244688779455888,0.3924935564066849,0.4799388347171235
Bridge_3-4,..\data\processed\wet\Bridge_3-4_v2.wav,0.6000205481193037,0.17499754722558195,3.6274184875694413,0.8601223971892046,0.6000205481193037,0.29166257870930323,0.6949818861265425,0.8601223971892046
Bridge_3-4,..\data\processed\wet\Bridge_3-4_v3.wav,0.7798509888933498,0.023771295209014286,2.66228126266023,0.10493017841817487,0.7798509888933498,0.039618825348357145,0.48050694725782894,0.10493017841817487
Bridge_3-4,..\data\processed\wet\Bridge_3-4_v4.wav,0.24204501586252747,0.5919975559602878,1.1412299430568096,0.49888815345135606,0.24204501586252747,0.9866625932671463,0.14249554290151323,0.49888815345135606
Bridge_3-5,..\data\processed\wet\Bridge_3-5_v0.wav,0.6181557343181191,0.42147898232646236,3.0184190756911136,0.00977084741918366,0.6181557343181191,0.702464970544104,0.5596486834869141,0.00977084741918366
Bridge_3-5,..\data\processed\wet\Bridge_3-5_v1.wav,0.3264613082439919,0.31062698603082683,0.8953992461517501,0.35062693120918076,0.3264613082439919,0.5177116433847114,0.08786649914483337,0.35062693120918076
Bridge_3-5,..\data\processed\wet\Bridge_3-5_v2.wav,0.033203108791366565,0.047147098293012446,2.2861547429071822,0.13271575404306035,0.033203108791366565,0.07857849715502074,0.39692327620159606,0.13271575404306035
Bridge_3-5,..\data\processed\wet\Bridge_3-5_v3.wav,0.5675408482615582,0.41367898148235943,4.102640145990873,0.2001502442448101,0.5675408482615582,0.6894649691372657,0.8005866991090829,0.2001502442448101
Bridge_3-5,..\data\processed\wet\Bridge_3-5_v4.wav,0.16748258225906976,0.06274070420064015,3.363936122946365,0.7064757264869012,0.16748258225906976,0.10456784033440025,0.6364302495436367,0.7064757264869012
Bridge_3-6,..\data\processed\wet\Bridge_3-6_v0.wav,0.03158614482564204,0.5617273477462139,0.7338707764316259,0.5412963353010705,0.03158614482564204,0.9362122462436899,0.051971283651472425,0.5412963353010705
Bridge_3-6,..\data\processed\wet\Bridge_3-6_v1.wav,0.7090605194509164,0.5225814742476513,3.7133911945959253,0.8017280830697918,0.7090605194509164,0.8709691237460856,0.7140869321324278,0.8017280830697918
Bridge_3-6,..\data\processed\wet\Bridge_3-6_v2.wav,0.33945019254280606,0.4888950682479073,0.8605168087310382,0.8948166560605276,0.33945019254280606,0.8148251137465122,0.08011484638467516,0.8948166560605276
Bridge_3-6,..\data\processed\wet\Bridge_3-6_v3.wav,0.5475923761537362,0.4903786619774962,2.535432280332351,0.643577695196525,0.5475923761537362,0.8172977699624937,0.4523182845183002,0.643577695196525
Bridge_3-6,..\data\processed\wet\Bridge_3-6_v4.wav,0.5264026609361132,0.43895371305319913,0.8673349191376531,0.0603520839905638,0.5264026609361132,0.7315895217553319,0.08162998203058959,0.0603520839905638
Bridge_3-7,..\data\processed\wet\Bridge_3-7_v0.wav,0.24710323401014644,0.095726808067913,4.423026049664907,0.21921398735804432,0.24710323401014644,0.15954468011318834,0.8717835665922016,0.21921398735804432
Bridge_3-7,..\data\processed\wet\Bridge_3-7_v1.wav,0.9758652558191313,0.2021374750626641,1.3195306205991468,0.7896985071424791,0.9758652558191313,0.33689579177110685,0.18211791568869928,0.7896985071424791
Bridge_3-7,..\data\processed\wet\Bridge_3-7_v2.wav,0.6587077755008761,0.29891742987188336,2.9991359792193406,0.7192017782722638,0.6587077755008761,0.4981957164531389,0.5553635509376312,0.7192017782722638
Bridge_3-7,..\data\processed\wet\Bridge_3-7_v3.wav,0.22845474133129873,0.5978003496340452,4.886569229660524,0.6503256863469369,0.22845474133129873,0.9963339160567419,0.9747931621467831,0.6503256863469369
Bridge_3-7,..\data\processed\wet\Bridge_3-7_v4.wav,0.19954245092914513,0.40813694545877477,0.8248928404062913,0.030652502205806065,0.19954245092914513,0.6802282424312913,0.07219840897917584,0.030652502205806065
Bridge_3-8,..\data\processed\wet\Bridge_3-8_v0.wav,0.2576828885112137,0.2775737740435898,4.407226274337712,0.727169069766308,0.2576828885112137,0.46262295673931636,0.8682725054083805,0.727169069766308
Bridge_3-8,..\data\processed\wet\Bridge_3-8_v1.wav,0.742706521199981,0.2552960006688452,2.056707466461333,0.3710387629846027,0.742706521199981,0.4254933344480754,0.34593499254696286,0.3710387629846027
Bridge_3-8,..\data\processed\wet\Bridge_3-8_v2.wav,0.9876495637360578,0.024065514847489488,4.401641732551019,0.5786754085723934,0.9876495637360578,0.04010919141248248,0.8670314961224486,0.5786754085723934
Bridge_3-8,..\data\processed\wet\Bridge_3-8_v3.wav,0.43861541918959046,0.43515459624908187,2.6900102364111627,0.8734232380816606,0.43861541918959046,0.7252576604151365,0.4866689414247028,0.8734232380816606
Bridge_3-8,..\data\processed\wet\Bridge_3-8_v4.wav,0.9007018640112585,0.2530325561240732,1.7457250875577321,0.5923503285933622,0.9007018640112585,0.42172092687345536,0.2768277972350516,0.5923503285933622
Bridge_3-9,..\data\processed\wet\Bridge_3-9_v0.wav,0.912363345616691,0.12639731340339994,3.3033496260356725,0.6315602200925206,0.912363345616691,0.21066218900566658,0.6229665835634828,0.6315602200925206
Bridge_3-9,..\data\processed\wet\Bridge_3-9_v1.wav,0.733113022415281,0.07894061107635587,3.7212123410693985,0.909032520665641,0.733113022415281,0.1315676851272598,0.7158249646820886,0.909032520665641
Bridge_3-9,..\data\processed\wet\Bridge_3-9_v2.wav,0.17968310887024197,0.14252599495432658,4.871277923187378,0.18097695270948977,0.17968310887024197,0.23754332492387764,0.9713950940416396,0.18097695270948977
Bridge_3-9,..\data\processed\wet\Bridge_3-9_v3.wav,0.8543850933695791,0.29536671386882085,1.6125398348142967,0.8707499012725114,0.8543850933695791,0.4922778564480348,0.24723107440317704,0.8707499012725114
Bridge_3-9,..\data\processed\wet\Bridge_3-9_v4.wav,0.4453052550026655,0.3088904123578141,2.1165501622989455,0.5929508514349274,0.4453052550026655,0.5148173539296902,0.3592333693997657,0.5929508514349274
Bridge_4-0,..\data\processed\wet\Bridge_4-0_v0.wav,0.16352387258502277,0.23464892199105641,4.862355450508794,0.25813343270112754,0.16352387258502277,0.3910815366517607,0.9694123223352875,0.25813343270112754
Bridge_4-0,..\data\processed\wet\Bridge_4-0_v1.wav,0.6567366645412922,0.19511403853481693,3.980629065589703,0.13087366071834983,0.6567366645412922,0.3251900642246949,0.7734731256866006,0.13087366071834983
Bridge_4-0,..\data\processed\wet\Bridge_4-0_v2.wav,0.9698210450785447,0.27227372483018353,1.5622270850590878,0.07349674733001266,0.9698210450785447,0.45378954138363925,0.23605046334646396,0.07349674733001266
Bridge_4-0,..\data\processed\wet\Bridge_4-0_v3.wav,0.16975790508754074,0.3118643691336106,2.016514293940788,0.8288833658826095,0.16975790508754074,0.5197739485560177,0.33700317643128624,0.8288833658826095
Bridge_4-0,..\data\processed\wet\Bridge_4-0_v4.wav,0.43088752366180594,0.14922856355257794,3.2771524397181353,0.7067772168854458,0.43088752366180594,0.2487142725876299,0.61714498660403,0.7067772168854458
Bridge_4-1,..\data\processed\wet\Bridge_4-1_v0.wav,0.16704190790094986,0.1005715297729906,0.6650214212009433,0.7364020150656405,0.16704190790094986,0.16761921628831766,0.03667142693354296,0.7364020150656405
Bridge_4-1,..\data\processed\wet\Bridge_4-1_v1.wav,0.6638045276218051,0.2847785254498883,4.298767020361387,0.8056701529500532,0.6638045276218051,0.47463087574981383,0.8441704489691971,0.8056701529500532
Bridge_4-1,..\data\processed\wet\Bridge_4-1_v2.wav,0.5853543643967521,0.5209627683079552,1.4262854451654572,0.11191961939772788,0.5853543643967521,0.8682712805132586,0.20584121003676825,0.11191961939772788
Bridge_4-1,..\data\processed\wet\Bridge_4-1_v3.wav,0.2697496115169896,0.03425211365358891,2.890262876004644,0.9366056922949615,0.2697496115169896,0.05708685608931486,0.531169528001032,0.9366056922949615
Bridge_4-1,..\data\processed\wet\Bridge_4-1_v4.wav,0.03934354066850965,0.07326594840601608,2.534895627275459,0.9338750175279049,0.03934354066850965,0.1221099140100268,0.4521990282834353,0.9338750175279049
Bridge_4-10,..\data\processed\wet\Bridge_4-10_v0.wav,0.3161561049767505,0.30434088521303543,0.6870778657267644,0.14834320096208886,0.3161561049767505,0.5072348086883924,0.0415728590503921,0.14834320096208886
Bridge_4-10,..\data\processed\wet\Bridge_4-10_v1.wav,0.9866301229588469,0.5790712178616273,0.5222299142048432,0.951811785423239,0.9866301229588469,0.9651186964360455,0.004939980934409604,0.951811785423239
Bridge_4-10,..\data\processed\wet\Bridge_4-10_v2.wav,0.6391199378155004,0.5207509767120132,2.546329350352366,0.5155960285792502,0.6391199378155004,0.867918294520022,0.4547398556338591,0.5155960285792502
Bridge_4-10,..\data\processed\wet\Bridge_4-10_v3.wav,0.4888465802569202,0.4001185545276626,1.128430646403408,0.029973589872677953,0.4888465802569202,0.6668642575461043,0.13965125475631288,0.029973589872677953
Bridge_4-10,..\data\processed\wet\Bridge_4-10_v4.wav,0.3079299415911909,0.422808457641988,1.4083405345532676,0.6734324333249173,0.3079299415911909,0.7046807627366467,0.20185345212294836,0.6734324333249173
Bridge_4-11,..\data\processed\wet\Bridge_4-11_v0.wav,0.9699120461072704,0.05634042947365103,3.526709532013068,0.44375021930457115,0.9699120461072704,0.09390071578941839,0.6726021182251263,0.44375021930457115
Bridge_4-11,..\data\processed\wet\Bridge_4-11_v1.wav,0.8681422543775054,0.10628987366843154,3.61681678501774,0.8381152896481102,0.8681422543775054,0.1771497894473859,0.6926259522261645,0.8381152896481102
Bridge_4-11,..\data\processed\wet\Bridge_4-11_v2.wav,0.9446142194740232,0.4099488169737875,2.737286438037923,0.6178472402012138,0.9446142194740232,0.6832480282896458,0.4971747640084273,0.6178472402012138
Bridge_4-11,..\data\processed\wet\Bridge_4-11_v3.wav,0.8689049844787182,0.3423658479832978,0.6367417686357659,0.9309486955069778,0.8689049844787182,0.5706097466388297,0.030387059696836874,0.9309486955069778
Bridge_4-11,..\data\processed\wet\Bridge_4-11_v4.wav,0.6895267510315611,0.4059080314663479,1.4705381857897273,0.6588854702326572,0.6895267510315611,0.6765133857772465,0.21567515239771717,0.6588854702326572
Bridge_4-12,..\data\processed\wet\Bridge_4-12_v0.wav,0.3938644056541585,0.39073978622489525,0.9796686363859582,0.657845304603036,0.3938644056541585,0.6512329770414921,0.10659303030799072,0.657845304603036
Bridge_4-12,..\data\processed\wet\Bridge_4-12_v1.wav,0.9994137257706666,0.028927223316333614,4.897283828995928,0.4069079607228706,0.9994137257706666,0.04821203886055603,0.9771741842213173,0.4069079607228706
Bridge_4-12,..\data\processed\wet\Bridge_4-12_v2.wav,0.8707534503372591,0.46943129043496407,3.051573174440005,0.7384492092513265,0.8707534503372591,0.7823854840582735,0.5670162609866678,0.7384492092513265
Bridge_4-12,..\data\processed\wet\Bridge_4-12_v3.wav,0.8785155613013479,0.24248419299061977,1.971649227034574,0.6675933855635847,0.8785155613013479,0.404140321651033,0.3270331615632387,0.6675933855635847
Bridge_4-12,..\data\processed\wet\Bridge_4-12_v4.wav,0.8078459419412586,0.45737108086596945,4.090161419863855,0.435583314812933,0.8078459419412586,0.7622851347766157,0.7978136488586345,0.435583314812933
Bridge_4-13,..\data\processed\wet\Bridge_4-13_v0.wav,0.8178342161750216,0.07212543322236506,2.950200940823823,0.0057586604981215705,0.8178342161750216,0.12020905537060844,0.5444890979608495,0.0057586604981215705
Bridge_4-13,..\data\processed\wet\Bridge_4-13_v1.wav,0.3245858299002703,0.21987692092283873,2.282777112241649,0.6954672066898622,0.3245858299002703,0.3664615348713979,0.3961726916092554,0.6954672066898622
Bridge_4-13,..\data\processed\wet\Bridge_4-13_v2.wav,0.38855810127034573,0.2692161735735184,1.5689485889344736,0.3732517916293401,0.38855810127034573,0.4486936226225307,0.23754413087432746,0.3732517916293401
Bridge_4-13,..\data\processed\wet\Bridge_4-13_v3.wav,0.22726962726315147,0.04391755426106618,3.2155186702162006,0.6682127985550163,0.22726962726315147,0.07319592376844364,0.6034485933813779,0.6682127985550163
Bridge_4-13,..\data\processed\wet\Bridge_4-13_v4.wav,0.6194903460096145,0.2780964262803434,2.209036010806534,0.8633336495718252,0.6194903460096145,0.4634940438005724,0.3797857801792298,0.8633336495718252
Bridge_4-14,..\data\processed\wet\Bridge_4-14_v0.wav,0.519081785136218,0.28750912657783856,0.6153892961289607,0.34124782762615635,0.519081785136218,0.47918187762973097,0.0256420658064357,0.34124782762615635
Bridge_4-14,..\data\processed\wet\Bridge_4-14_v1.wav,0.38019561878585706,0.23929366853814027,3.1107756615229953,0.5336025467268785,0.38019561878585706,0.3988227808969005,0.5801723692273323,0.5336025467268785
Bridge_4-14,..\data\processed\wet\Bridge_4-14_v2.wav,0.6079050927934446,0.45892995692527694,4.158435824222421,0.7181230762264944,0.6079050927934446,0.7648832615421283,0.8129857387160935,0.7181230762264944
Bridge_4-14,..\data\processed\wet\Bridge_4-14_v3.wav,0.9555236959549347,0.010939549605816978,1.3810009355759574,0.00756287497814212,0.9555236959549347,0.01823258267636163,0.1957779856835461,0.00756287497814212
Bridge_4-14,..\data\processed\wet\Bridge_4-14_v4.wav,0.647474714154603,0.5388183293699921,1.5956703345933467,0.9270345447963066,0.647474714154603,0.8980305489499868,0.24348229657629927,0.9270345447963066
Bridge_4-15,..\data\processed\wet\Bridge_4-15_v0.wav,0.06026739028956085,0.5606616160833086,2.082302092578355,0.10142082844921652,0.06026739028956085,0.9344360268055143,0.35162268723963447,0.10142082844921652
Bridge_4-15,..\data\processed\wet\Bridge_4-15_v1.wav,0.48587175918632564,0.15406594063230475,1.7819280588286528,0.3072899649262866,0.48587175918632564,0.25677656772050794,0.28487290196192283,0.3072899649262866
Bridge_4-15,..\data\processed\wet\Bridge_4-15_v2.wav,0.8030258978326634,0.3234967660051527,1.9008846462020164,0.6103337833109184,0.8030258978326634,0.5391612766752545,0.31130769915600365,0.6103337833109184
Bridge_4-15,..\data\processed\wet\Bridge_4-15_v3.wav,0.7161506742231936,0.16357440044012025,2.3609709568640818,0.12188609333694755,0.7161506742231936,0.27262400073353377,0.4135491015253515,0.12188609333694755
Bridge_4-15,..\data\processed\wet\Bridge_4-15_v4.wav,0.18114934953468032,0.40867071237898966,1.3164725646303213,0.5251633836670602,0.18114934953468032,0.6811178539649828,0.18143834769562694,0.5251633836670602
Bridge_4-16,..\data\processed\wet\Bridge_4-16_v0.wav,0.7090462617224327,0.0641261538568463,3.052904988330066,0.25656278370136376,0.7090462617224327,0.10687692309474382,0.5673122196289035,0.25656278370136376
Bridge_4-16,..\data\processed\wet\Bridge_4-16_v1.wav,0.9629268752375798,0.2901273880319548,4.126966473988212,0.5502265421562618,0.9629268752375798,0.4835456467199247,0.8059925497751581,0.5502265421562618
Bridge_4-16,..\data\processed\wet\Bridge_4-16_v2.wav,0.043412532854819164,0.3798908253564134,4.781315039929956,0.6016118201463312,0.043412532854819164,0.6331513755940223,0.951403342206657,0.6016118201463312
Bridge_4-16,..\data\processed\wet\Bridge_4-16_v3.wav,0.8191888594267902,0.5305238780090447,1.5263589737701961,0.21204483990822665,0.8191888594267902,0.8842064633484078,0.22807977194893247,0.21204483990822665
Bridge_4-16,..\data\processed\wet\Bridge_4-16_v4.wav,0.6109809888509917,0.24661708188402282,4.279375862900242,0.9000231233980112,0.6109809888509917,0.4110284698067047,0.8398613028667204,0.9000231233980112
Bridge_4-17,..\data\processed\wet\Bridge_4-17_v0.wav,0.3534213793027181,0.14212233538468924,4.012364818597378,0.2748060355481361,0.3534213793027181,0.2368705589744821,0.7805255152438618,0.2748060355481361
Bridge_4-17,..\data\processed\wet\Bridge_4-17_v1.wav,0.8226143185136784,0.2542429521892577,3.5039745468116172,0.09553531383466818,0.8226143185136784,0.42373825364876283,0.6675498992914705,0.09553531383466818
Bridge_4-17,..\data\processed\wet\Bridge_4-17_v2.wav,0.623859324676573,0.27106060724233744,3.1397380842896334,0.16801420774486342,0.623859324676573,0.45176767873722906,0.5866084631754741,0.16801420774486342
Bridge_4-17,..\data\processed\wet\Bridge_4-17_v3.wav,0.7368737449441821,0.5176782465259371,1.4753291004084903,0.09571455552016173,0.7368737449441821,0.8627970775432285,0.21673980009077562,0.09571455552016173
Bridge_4-17,..\data\processed\wet\Bridge_4-17_v4.wav,0.023638586046336396,0.3851829002659596,3.2319231623995135,0.54669741271407,0.023638586046336396,0.641971500443266,0.6070940360887808,0.54669741271407
Bridge_4-18,..\data\processed\wet\Bridge_4-18_v0.wav,0.23194709611597542,0.23454359754330878,3.175143508337779,0.4967668588591694,0.23194709611597542,0.39090599590551467,0.594476335186173,0.4967668588591694
Bridge_4-18,..\data\processed\wet\Bridge_4-18_v1.wav,0.9877855202148873,0.08186385153403987,3.628150493214172,0.4043187681042921,0.9877855202148873,0.13643975255673313,0.6951445540475938,0.4043187681042921
Bridge_4-18,..\data\processed\wet\Bridge_4-18_v2.wav,0.42819961492561476,0.43055865939490573,3.6159626809596634,0.9912559937021883,0.42819961492561476,0.7175977656581762,0.6924361513243696,0.9912559937021883
Bridge_4-18,..\data\processed\wet\Bridge_4-18_v3.wav,0.12839428945412523,0.0624657896304998,3.759524677079335,0.5783869170064091,0.12839428945412523,0.10410964938416634,0.7243388171287412,0.5783869170064091
Bridge_4-18,..\data\processed\wet\Bridge_4-18_v4.wav,0.27416066655980587,0.04765162139339196,0.8854621231839375,0.8941908746641183,0.27416066655980587,0.0794193689889866,0.08565824959643055,0.8941908746641183
Bridge_4-19,..\data\processed\wet\Bridge_4-19_v0.wav,0.1918673247187429,0.19402293726931244,1.519953810021446,0.3549963058319373,0.1918673247187429,0.32337156211552076,0.22665640222698802,0.3549963058319373
Bridge_4-19,..\data\processed\wet\Bridge_4-19_v1.wav,0.06942384274609337,0.3114358745449622,0.8042565361649671,0.8003565078223616,0.06942384274609337,0.5190597909082704,0.0676125635922149,0.8003565078223616
Bridge_4-19,..\data\processed\wet\Bridge_4-19_v2.wav,0.23371208191043302,0.32400714876270637,4.460355894026562,0.6508773690471942,0.23371208191043302,0.5400119146045106,0.8800790875614583,0.6508773690471942
Bridge_4-19,..\data\processed\wet\Bridge_4-19_v3.wav,0.5329577865513353,0.19460025186922536,1.9985086087618906,0.6694869551981901,0.5329577865513353,0.3243337531153756,0.33300191305819793,0.6694869551981901
Bridge_4-19,..\data\processed\wet\Bridge_4-19_v4.wav,0.9941393612211675,0.39710351390962717,3.0100253781651123,0.7306505102392461,0.9941393612211675,0.6618391898493786,0.5577834173700249,0.7306505102392461
Bridge_4-2,..\data\processed\wet\Bridge_4-2_v0.wav,0.46520561228371815,0.03608540556047113,3.0303356714505942,0.9576252845053802,0.46520561228371815,0.060142342600785215,0.5622968158779098,0.9576252845053802
Bridge_4-2,..\data\processed\wet\Bridge_4-2_v1.wav,0.17530294235765964,0.41400293449239944,1.4042015989657541,0.5358276844730813,0.17530294235765964,0.6900048908206657,0.20093368865905648,0.5358276844730813
Bridge_4-2,..\data\processed\wet\Bridge_4-2_v2.wav,0.09667644964671962,0.27022256175491105,3.9027349800286073,0.3475715242389821,0.09667644964671962,0.4503709362581851,0.7561633288952461,0.3475715242389821
Bridge_4-2,..\data\processed\wet\Bridge_4-2_v3.wav,0.664911724487218,0.4772699764738375,4.672300187657537,0.23464208185545354,0.664911724487218,0.7954499607897292,0.9271778194794528,0.23464208185545354
Bridge_4-2,..\data\processed\wet\Bridge_4-2_v4.wav,0.39931591580930814,0.09144960799825046,4.966175759712688,0.9270009679242953,0.39931591580930814,0.15241601333041743,0.9924835021583751,0.9270009679242953
Bridge_4-20,..\data\processed\wet\Bridge_4-20_v0.wav,0.5399571302805596,0.5052199766258527,2.8443108977241898,0.6235856880027597,0.5399571302805596,0.8420332943764213,0.5209579772720422,0.6235856880027597
Bridge_4-20,..\data\processed\wet\Bridge_4-20_v1.wav,0.08912443211601662,0.4531622522980847,1.0747106763585568,0.8260676302525284,0.08912443211601662,0.7552704204968079,0.12771348363523483,0.8260676302525284
Bridge_4-20,..\data\processed\wet\Bridge_4-20_v2.wav,0.7820280876703859,0.42524681864578584,0.6627217123614295,0.3031283559453286,0.7820280876703859,0.7087446977429764,0.036160380524762115,0.3031283559453286
Bridge_4-20,..\data\processed\wet\Bridge_4-20_v3.wav,0.26311256991084286,0.21608184448291146,0.8943923604372734,0.9369578230310628,0.26311256991084286,0.3601364074715191,0.08764274676383854,0.9369578230310628
Bridge_4-20,..\data\processed\wet\Bridge_4-20_v4.wav,0.5538022407123763,0.18331458639481413,2.2864168268342753,0.44720254050483565,0.5538022407123763,0.30552431065802355,0.3969815170742834,0.44720254050483565
Bridge_4-21,..\data\processed\wet\Bridge_4-21_v0.wav,0.6005943333606173,0.30940765661789865,4.637263879464878,0.49696348290583026,0.6005943333606173,0.5156794276964978,0.9193919732144172,0.49696348290583026
Bridge_4-21,..\data\processed\wet\Bridge_4-21_v1.wav,0.9921580148233127,0.5108549746470574,1.4382973146080111,0.9305952146439163,0.9921580148233127,0.8514249577450957,0.2085105143573358,0.9305952146439163
Bridge_4-21,..\data\processed\wet\Bridge_4-21_v2.wav,0.11636639788547609,0.49046982509471493,2.2128048206446103,0.8779743204450695,0.11636639788547609,0.8174497084911916,0.3806232934765801,0.8779743204450695
Bridge_4-21,..\data\processed\wet\Bridge_4-21_v3.wav,0.8680566901074503,0.48355524007057266,4.055136963381776,0.3046791390980408,0.8680566901074503,0.8059254001176211,0.7900304363070614,0.3046791390980408
Bridge_4-21,..\data\processed\wet\Bridge_4-21_v4.wav,0.08091928305125218,0.24178810725909686,1.280860317439289,0.6949510889024617,0.08091928305125218,0.40298017876516146,0.17352451498650867,0.6949510889024617
Bridge_4-22,..\data\processed\wet\Bridge_4-22_v0.wav,0.34609972653778553,0.5853661205159489,3.384374348053994,0.822480563634361,0.34609972653778553,0.9756102008599149,0.640972077345332,0.822480563634361
Bridge_4-22,..\data\processed\wet\Bridge_4-22_v1.wav,0.13252467274184843,0.5172086893635736,4.652407357310275,0.4870619188189359,0.13252467274184843,0.8620144822726227,0.9227571905133944,0.4870619188189359
Bridge_4-22,..\data\processed\wet\Bridge_4-22_v2.wav,0.6062529377509774,0.45888588054179724,1.2867738226718566,0.5025660764634424,0.6062529377509774,0.7648098009029954,0.17483862726041258,0.5025660764634424
Bridge_4-22,..\data\processed\wet\Bridge_4-22_v3.wav,0.3986630277723131,0.08782439529734946,2.1539049003118915,0.06817230938549357,0.3986630277723131,0.1463739921622491,0.36753442229153144,0.06817230938549357
Bridge_4-22,..\data\processed\wet\Bridge_4-22_v4.wav,0.025811906949486985,0.08109977349289366,4.834018002151282,0.549529535895017,0.025811906949486985,0.13516628915482276,0.9631151115891738,0.549529535895017
Bridge_4-3,..\data\processed\wet\Bridge_4-3_v0.wav,0.96582216115322,0.2594987269980792,1.903172598883668,0.5061418628402441,0.96582216115322,0.432497878330132,0.3118161330852596,0.5061418628402441
Bridge_4-3,..\data\processed\wet\Bridge_4-3_v1.wav,0.4395116886329101,0.06339881055704634,3.383718416105928,0.2160381825095996,0.4395116886329101,0.1056646842617439,0.6408263146902062,0.2160381825095996
Bridge_4-3,..\data\processed\wet\Bridge_4-3_v2.wav,0.6195879548978296,0.390120655438892,1.1841118390789165,0.06134962711066816,0.6195879548978296,0.6502010923981534,0.1520248531286481,0.06134962711066816
Bridge_4-3,..\data\processed\wet\Bridge_4-3_v3.wav,0.7807615860684398,0.2758802542615921,0.761737079774641,0.9948663171697671,0.7807615860684398,0.4598004237693201,0.05816379550547578,0.9948663171697671
Bridge_4-3,..\data\processed\wet\Bridge_4-3_v4.wav,0.05778056099636664,0.4170211373151319,4.926555163685361,0.23918010421592562,0.05778056099636664,0.6950352288585532,0.9836789252634135,0.23918010421592562
Bridge_4-4,..\data\processed\wet\Bridge_4-4_v0.wav,0.14224936868719618,0.07283096365345733,1.86473816405418,0.10104581101064669,0.14224936868719618,0.12138493942242888,0.30327514756759555,0.10104581101064669
Bridge_4-4,..\data\processed\wet\Bridge_4-4_v1.wav,0.6921613416941319,0.037375078878037614,2.792399576674054,0.9966968538529768,0.6921613416941319,0.06229179813006269,0.5094221281497897,0.9966968538529768
Bridge_4-4,..\data\processed\wet\Bridge_4-4_v2.wav,0.8139702695060188,0.3691316629386065,1.8781412935397526,0.6238958362916385,0.8139702695060188,0.6152194382310109,0.30625362078661167,0.6238958362916385
Bridge_4-4,..\data\processed\wet\Bridge_4-4_v3.wav,0.5270414639116516,0.2556500303342229,1.0881966953308977,0.8866042152404667,0.5270414639116516,0.42608338389037154,0.13071037674019947,0.8866042152404667
Bridge_4-4,..\data\processed\wet\Bridge_4-4_v4.wav,0.4497846488213225,0.11677350709245904,2.154917078947803,0.41412975252892703,0.4497846488213225,0.19462251182076507,0.3677593508772896,0.41412975252892703
Bridge_4-5,..\data\processed\wet\Bridge_4-5_v0.wav,0.8275378955668743,0.44016862833684123,3.961872021386029,0.011031264428647214,0.8275378955668743,0.733614380561402,0.7693048936413398,0.011031264428647214
Bridge_4-5,..\data\processed\wet\Bridge_4-5_v1.wav,0.4161539981797615,0.28880649098119415,0.5863652457037551,0.2598132087450342,0.4161539981797615,0.4813441516353236,0.0191922768230567,0.2598132087450342
Bridge_4-5,..\data\processed\wet\Bridge_4-5_v2.wav,0.760289823122135,0.08226582343739942,2.9088955915366626,0.2152018720172375,0.760289823122135,0.13710970572899905,0.5353101314525917,0.2152018720172375
Bridge_4-5,..\data\processed\wet\Bridge_4-5_v3.wav,0.012120774643893273,0.14472087455972488,4.891431897095242,0.8015371118829896,0.012120774643893273,0.24120145759954148,0.9758737549100539,0.8015371118829896
Bridge_4-5,..\data\processed\wet\Bridge_4-5_v4.wav,0.9595766443210334,0.29271242635581746,0.9938128940487658,0.547959488973693,0.9595766443210334,0.48785404392636245,0.10973619867750352,0.547959488973693
Bridge_4-6,..\data\processed\wet\Bridge_4-6_v0.wav,0.4543773345599609,0.5066142496437696,0.9413716135291006,0.4882411370217782,0.4543773345599609,0.844357082739616,0.09808258078424457,0.4882411370217782
Bridge_4-6,..\data\processed\wet\Bridge_4-6_v1.wav,0.15004866469398426,0.19480555613403597,3.8181068482450984,0.47601812936876653,0.15004866469398426,0.32467592689006,0.7373570773877997,0.47601812936876653
Bridge_4-6,..\data\processed\wet\Bridge_4-6_v2.wav,0.37588828514576933,0.23668576714202116,2.56751045782694,0.7850165438370569,0.37588828514576933,0.3944762785700353,0.45944676840598664,0.7850165438370569
Bridge_4-6,..\data\processed\wet\Bridge_4-6_v3.wav,0.8920846889402344,0.5732008119023569,4.041065238148828,0.31540689574801273,0.8920846889402344,0.9553346865039283,0.7869033862552952,0.31540689574801273
Bridge_4-6,..\data\processed\wet\Bridge_4-6_v4.wav,0.6881347060865421,0.26256187443323514,1.6460177992072302,0.8408715794259226,0.6881347060865421,0.4376031240553919,0.2546706220460512,0.8408715794259226
Bridge_4-7,..\data\processed\wet\Bridge_4-7_v0.wav,0.038426348962324997,0.5410571952812541,2.5766485908113035,0.6372014768082804,0.038426348962324997,0.9017619921354235,0.4614774646247341,0.6372014768082804
Bridge_4-7,..\data\processed\wet\Bridge_4-7_v1.wav,0.6593539222057827,0.5370706444239218,3.365013569752433,0.6139335847600618,0.6593539222057827,0.8951177407065364,0.6366696821672073,0.6139335847600618
Bridge_4-7,..\data\processed\wet\Bridge_4-7_v2.wav,0.06665204056068996,0.31104481316712246,1.1757605036766874,0.7374337687214856,0.06665204056068996,0.5184080219452041,0.15016900081704165,0.7374337687214856
Bridge_4-7,..\data\processed\wet\Bridge_4-7_v3.wav,0.5122219208126745,0.408136667525012,0.6875280527107293,0.08479201604580322,0.5122219208126745,0.6802277792083533,0.04167290060238428,0.08479201604580322
Bridge_4-7,..\data\processed\wet\Bridge_4-7_v4.wav,0.7163233880626823,0.04325060159920402,0.8206552749436637,0.01210847523488745,0.7163233880626823,0.07208433599867337,0.07125672776525861,0.01210847523488745
Bridge_4-8,..\data\processed\wet\Bridge_4-8_v0.wav,0.9565013982994801,0.4425050156754042,2.089631338259289,0.2965355812876552,0.9565013982994801,0.737508359459007,0.35325140850206416,0.2965355812876552
Bridge_4-8,..\data\processed\wet\Bridge_4-8_v1.wav,0.34970322974584955,0.46479211870870907,3.476167749816865,0.18519556786746794,0.34970322974584955,0.7746535311811819,0.6613706110704144,0.18519556786746794
Bridge_4-8,..\data\processed\wet\Bridge_4-8_v2.wav,0.17410933533408435,0.059037389828038384,3.4713622386560217,0.7643726622217359,0.17410933533408435,0.09839564971339732,0.6603027197013381,0.7643726622217359
Bridge_4-8,..\data\processed\wet\Bridge_4-8_v3.wav,0.265046428325004,0.012566976618547688,0.869772503643923,0.9678600348450305,0.265046428325004,0.020944961030912812,0.08217166747642733,0.9678600348450305
Bridge_4-8,..\data\processed\wet\Bridge_4-8_v4.wav,0.29544477747742026,0.46153388870288015,3.310986059844187,0.3819396396528959,0.29544477747742026,0.7692231478381336,0.6246635688542638,0.3819396396528959
Bridge_4-9,..\data\processed\wet\Bridge_4-9_v0.wav,0.2056872621955551,0.07283185089564385,3.2675583561749,0.774633780637788,0.2056872621955551,0.12138641815940643,0.6150129680388666,0.774633780637788
Bridge_4-9,..\data\processed\wet\Bridge_4-9_v1.wav,0.6439042535411307,0.31818127994949497,0.6887805054423632,0.9684887775943838,0.6439042535411307,0.5303021332491583,0.04195122343163628,0.9684887775943838
Bridge_4-9,..\data\processed\wet\Bridge_4-9_v2.wav,0.7987141916545746,0.17569322202057883,4.909866482114828,0.6018815896363221,0.7987141916545746,0.29282203670096474,0.9799703293588506,0.6018815896363221
Bridge_4-9,..\data\processed\wet\Bridge_4-9_v3.wav,0.5824226582072465,0.44884390765771925,4.152964046405619,0.6564786073315027,0.5824226582072465,0.7480731794295321,0.8117697880901376,0.6564786073315027
Bridge_4-9,..\data\processed\wet\Bridge_4-9_v4.wav,0.12809574636620003,0.20296050359669904,4.6763763814672235,0.22461561184385193,0.12809574636620003,0.3382675059944984,0.9280836403260496,0.22461561184385193
Bridge_5-0,..\data\processed\wet\Bridge_5-0_v0.wav,0.3721670238375133,0.25924612976651756,2.477322453625035,0.6129395824945255,0.3721670238375133,0.43207688294419594,0.4394049896944522,0.6129395824945255
Bridge_5-0,..\data\processed\wet\Bridge_5-0_v1.wav,0.9430758377447076,0.14441562709950298,1.0467561933541312,0.19747048985993731,0.9430758377447076,0.24069271183250499,0.12150137630091803,0.19747048985993731
Bridge_5-0,..\data\processed\wet\Bridge_5-0_v2.wav,0.8869249002092695,0.3874864875931236,1.7865805515762205,0.8159469389686173,0.8869249002092695,0.645810812655206,0.28590678923916013,0.8159469389686173
Bridge_5-0,..\data\processed\wet\Bridge_5-0_v3.wav,0.861369996363436,0.5079086032141668,4.635169401377995,0.2522410201733616,0.861369996363436,0.8465143386902779,0.9189265336395545,0.2522410201733616
Bridge_5-0,..\data\processed\wet\Bridge_5-0_v4.wav,0.7550419287462783,0.276323698364484,4.288993488005277,0.7284906771616132,0.7550419287462783,0.46053949727414,0.8419985528900615,0.7284906771616132
Bridge_5-1,..\data\processed\wet\Bridge_5-1_v0.wav,0.7764474464997246,0.3936971026086429,1.298429462613681,0.5450269188969383,0.7764474464997246,0.6561618376810715,0.17742876946970687,0.5450269188969383
Bridge_5-1,..\data\processed\wet\Bridge_5-1_v1.wav,0.9846697395245082,0.5624328398982713,0.6942818110865525,0.16481481572943713,0.9846697395245082,0.9373880664971189,0.04317373579701167,0.16481481572943713
Bridge_5-1,..\data\processed\wet\Bridge_5-1_v2.wav,0.1317287734545619,0.4355879459911773,4.180033984356253,0.2135113663106719,0.1317287734545619,0.7259799099852955,0.8177853298569452,0.2135113663106719
Bridge_5-1,..\data\processed\wet\Bridge_5-1_v3.wav,0.505852692951829,0.5044218168067199,3.7976069514481274,0.5422372054918483,0.505852692951829,0.8407030280111999,0.7328015447662506,0.5422372054918483
Bridge_5-1,..\data\processed\wet\Bridge_5-1_v4.wav,0.5903476904587729,0.305016328149768,1.8389680309346925,0.5650219928590161,0.5903476904587729,0.50836054691628,0.2975484513188206,0.5650219928590161
Bridge_5-10,..\data\processed\wet\Bridge_5-10_v0.wav,0.6888853020500907,0.5239937495164846,3.363311092906616,0.761121537043158,0.6888853020500907,0.8733229158608077,0.6362913539792481,0.761121537043158
Bridge_5-10,..\data\processed\wet\Bridge_5-10_v1.wav,0.160071634954573,0.2769344846518739,0.5419922892219198,0.24667886452162302,0.160071634954573,0.4615574744197899,0.009331619827093284,0.24667886452162302
Bridge_5-10,..\data\processed\wet\Bridge_5-10_v2.wav,0.7264617151130048,0.595085970809618,0.9463014481424716,0.40149431586128825,0.7264617151130048,0.9918099513493633,0.09917809958721592,0.40149431586128825
Bridge_5-10,..\data\processed\wet\Bridge_5-10_v3.wav,0.8000709686991595,0.1224213807773393,2.997882271860288,0.7330712960296748,0.8000709686991595,0.20403563462889884,0.5550849493022862,0.7330712960296748
Bridge_5-10,..\data\processed\wet\Bridge_5-10_v4.wav,0.615985450260179,0.11281484076924968,2.0992305590858273,0.7837917844853972,0.615985450260179,0.18802473461541613,0.3553845686857394,0.7837917844853972
Bridge_5-11,..\data\processed\wet\Bridge_5-11_v0.wav,0.5542265141320166,0.003137768125747642,3.924458420126422,0.03531135494023907,0.5542265141320166,0.005229613542912737,0.7609907600280938,0.03531135494023907
Bridge_5-11,..\data\processed\wet\Bridge_5-11_v1.wav,0.7457337827312321,0.12148833609914245,4.811330660537211,0.3679407513020845,0.7457337827312321,0.2024805601652374,0.9580734801193801,0.3679407513020845
Bridge_5-11,..\data\processed\wet\Bridge_5-11_v2.wav,0.3269316163380791,0.0893328301994668,1.875218969705967,0.8766507618282006,0.3269316163380791,0.14888805033244468,0.3056042154902149,0.8766507618282006
Bridge_5-11,..\data\processed\wet\Bridge_5-11_v3.wav,0.9963343376272473,0.22098571830410899,2.5187478392954414,0.722070938202737,0.9963343376272473,0.36830953050684834,0.44861063095454257,0.722070938202737
Bridge_5-11,..\data\processed\wet\Bridge_5-11_v4.wav,0.8861957804650745,0.3558266005120705,2.261865641800232,0.41262184084862374,0.8861957804650745,0.5930443341867842,0.3915256981778293,0.41262184084862374
Bridge_5-12,..\data\processed\wet\Bridge_5-12_v0.wav,0.6956181464968069,0.0019309581625672088,3.288152018569283,0.3554930104413574,0.6956181464968069,0.0032182636042786816,0.6195893374598407,0.3554930104413574
Bridge_5-12,..\data\processed\wet\Bridge_5-12_v1.wav,0.7941973312770843,0.05579438389387929,3.1469102012677572,0.48097288988612374,0.7941973312770843,0.09299063982313216,0.5882022669483905,0.48097288988612374
Bridge_5-12,..\data\processed\wet\Bridge_5-12_v2.wav,0.6423255259052274,0.038912156689781006,3.1099270434265907,0.5614845879595237,0.6423255259052274,0.06485359448296835,0.5799837874281313,0.5614845879595237
Bridge_5-12,..\data\processed\wet\Bridge_5-12_v3.wav,0.5606600944161709,0.36209259995787285,3.54410571751863,0.8049889996807698,0.5606600944161709,0.6034876665964548,0.6764679372263622,0.8049889996807698
Bridge_5-12,..\data\processed\wet\Bridge_5-12_v4.wav,0.26982072012821434,0.49502964610803724,2.742150570185541,0.07705827913433116,0.26982072012821434,0.8250494101800621,0.49825568226345357,0.07705827913433116
Bridge_5-13,..\data\processed\wet\Bridge_5-13_v0.wav,0.0585509292439792,0.20054299121763647,4.032036397001604,0.7076809347409158,0.0585509292439792,0.3342383186960608,0.7848969771114676,0.7076809347409158
Bridge_5-13,..\data\processed\wet\Bridge_5-13_v1.wav,0.7886149646724064,0.3103614338649656,2.4808954907997074,0.14745252670628395,0.7886149646724064,0.5172690564416094,0.44019899795549056,0.14745252670628395
Bridge_5-13,..\data\processed\wet\Bridge_5-13_v2.wav,0.32819275360931155,0.26041161970432514,0.8987019335582775,0.22061195271121126,0.32819275360931155,0.43401936617387527,0.08860042967961723,0.22061195271121126
Bridge_5-13,..\data\processed\wet\Bridge_5-13_v3.wav,0.5982252940637388,0.44139786854351387,4.992563801268274,0.9331133313435577,0.5982252940637388,0.7356631142391898,0.9983475113929496,0.9331133313435577
Bridge_5-13,..\data\processed\wet\Bridge_5-13_v4.wav,0.6425651995351915,0.2527488319764432,3.362798141187047,0.785651618080232,0.6425651995351915,0.42124805329407206,0.6361773647082327,0.785651618080232
Bridge_5-14,..\data\processed\wet\Bridge_5-14_v0.wav,0.11833619092338732,0.24594293381777294,4.279110285360277,0.383832951933044,0.11833619092338732,0.40990488969628824,0.8398022856356171,0.383832951933044
Bridge_5-14,..\data\processed\wet\Bridge_5-14_v1.wav,0.5718722712271865,0.3526616165173189,1.3301431391013772,0.3622354416522884,0.5718722712271865,0.5877693608621982,0.18447625313363936,0.3622354416522884
Bridge_5-14,..\data\processed\wet\Bridge_5-14_v2.wav,0.33451128874193214,0.015718025119238876,0.6088629375110985,0.8316970436757735,0.33451128874193214,0.026196708532064794,0.02419176389135523,0.8316970436757735
Bridge_5-14,..\data\processed\wet\Bridge_5-14_v3.wav,0.2730708099728124,0.31084725974328925,1.8442650811494787,0.9406792451153405,0.2730708099728124,0.5180787662388154,0.29872557358877305,0.9406792451153405
Bridge_5-14,..\data\processed\wet\Bridge_5-14_v4.wav,0.25929675886577375,0.25779408764336104,4.427286127180708,0.8419335667918086,0.25929675886577375,0.4296568127389351,0.8727302504846018,0.8419335667918086
Bridge_5-15,..\data\processed\wet\Bridge_5-15_v0.wav,0.18610141784627732,0.48158598587742624,2.561840990320517,0.4829688720853552,0.18610141784627732,0.8026433097957104,0.45818688673789265,0.4829688720853552
Bridge_5-15,..\data\processed\wet\Bridge_5-15_v1.wav,0.13347997241594378,0.04836090825427479,3.775726881381943,0.49646115235529975,0.13347997241594378,0.08060151375712465,0.7279393069737652,0.49646115235529975
Bridge_5-15,..\data\processed\wet\Bridge_5-15_v2.wav,0.43685070261517955,0.43770493719143805,3.944808045459994,0.15890816766935356,0.43685070261517955,0.7295082286523967,0.7655128989911097,0.15890816766935356
Bridge_5-15,..\data\processed\wet\Bridge_5-15_v3.wav,0.6102251494776413,0.08121244936661132,3.8811878871307055,0.6569551562671395,0.6102251494776413,0.13535408227768553,0.7513750860290457,0.6569551562671395
Bridge_5-15,..\data\processed\wet\Bridge_5-15_v4.wav,0.956614621083458,0.041374809813852706,0.7567462451806444,0.28218707469320015,0.956614621083458,0.06895801635642118,0.0570547211512543,0.28218707469320015
Bridge_5-16,..\data\processed\wet\Bridge_5-16_v0.wav,0.26170568373590597,0.1481872794431999,4.578145612344665,0.2495461998495061,0.26170568373590597,0.24697879907199985,0.9062545805210367,0.2495461998495061
Bridge_5-16,..\data\processed\wet\Bridge_5-16_v1.wav,0.271949726128631,0.4556389574507782,2.52382929102743,0.7767105569551812,0.271949726128631,0.7593982624179637,0.44973984245053994,0.7767105569551812
Bridge_5-16,..\data\processed\wet\Bridge_5-16_v2.wav,0.06536615756438524,0.29254271620403055,0.6512612008247718,0.06265320345535452,0.06536615756438524,0.48757119367338425,0.03361360018328262,0.06265320345535452
Bridge_5-16,..\data\processed\wet\Bridge_5-16_v3.wav,0.906437453344411,0.0835472226705571,2.895893070238477,0.41109560260070654,0.906437453344411,0.13924537111759516,0.5324206822752171,0.41109560260070654
Bridge_5-16,..\data\processed\wet\Bridge_5-16_v4.wav,0.3473433262588427,0.5399000074123634,0.5982052854897028,0.6637896861755891,0.3473433262588427,0.8998333456872725,0.0218233967754895,0.6637896861755891
Bridge_5-17,..\data\processed\wet\Bridge_5-17_v0.wav,0.9633944342135504,0.33610091007710513,4.715701079148913,0.05225787928602377,0.9633944342135504,0.5601681834618419,0.9368224620330918,0.05225787928602377
Bridge_5-17,..\data\processed\wet\Bridge_5-17_v1.wav,0.4187933190741614,0.1560946745772307,3.788694342413284,0.9812970904972467,0.4187933190741614,0.26015779096205116,0.7308209649807298,0.9812970904972467
Bridge_5-17,..\data\processed\wet\Bridge_5-17_v2.wav,0.2565300624442478,0.3925047608844447,1.3914393474188307,0.5653302545716099,0.2565300624442478,0.6541746014740745,0.19809763275974016,0.5653302545716099
Bridge_5-17,..\data\processed\wet\Bridge_5-17_v3.wav,0.4639324866883362,0.5832031977789223,3.2383727271340996,0.3495063720868188,0.4639324866883362,0.9720053296315372,0.6085272726964666,0.3495063720868188
Bridge_5-17,..\data\processed\wet\Bridge_5-17_v4.wav,0.11409578488793337,0.09074809724096074,1.5139261847805578,0.250966661340298,0.11409578488793337,0.15124682873493456,0.2253169299512351,0.250966661340298
Bridge_5-18,..\data\processed\wet\Bridge_5-18_v0.wav,0.8506160578411378,0.33673367296951495,2.855259101184649,0.11476887186921747,0.8506160578411378,0.5612227882825249,0.5233909113743664,0.11476887186921747
Bridge_5-18,..\data\processed\wet\Bridge_5-18_v1.wav,0.860139693349435,0.43368858192509024,0.8045076285500071,0.7078350972297687,0.860139693349435,0.7228143032084837,0.06766836190000158,0.7078350972297687
Bridge_5-18,..\data\processed\wet\Bridge_5-18_v2.wav,0.5435382173426461,0.04903520744806695,2.562352886878954,0.484696287130047,0.5435382173426461,0.08172534574677826,0.45830064152865646,0.484696287130047
Bridge_5-18,..\data\processed\wet\Bridge_5-18_v3.wav,0.16577454016327575,0.5674188882001694,4.324889171662979,0.6690223373291083,0.16577454016327575,0.9456981470002823,0.8499753714806619,0.6690223373291083
Bridge_5-18,..\data\processed\wet\Bridge_5-18_v4.wav,0.4622955610006072,0.2470593249507051,3.4293806021792936,0.5454318694069055,0.4622955610006072,0.4117655415845085,0.6509734671509542,0.5454318694069055
Bridge_5-19,..\data\processed\wet\Bridge_5-19_v0.wav,0.062273105881885615,0.307501589262199,4.128816277547777,0.45923987759695806,0.062273105881885615,0.5125026487703317,0.8064036172328394,0.45923987759695806
Bridge_5-19,..\data\processed\wet\Bridge_5-19_v1.wav,0.05195657755426841,0.47176691963041983,1.4061370196118848,0.2586208348880388,0.05195657755426841,0.7862781993840331,0.2013637821359744,0.2586208348880388
Bridge_5-19,..\data\processed\wet\Bridge_5-19_v2.wav,0.1647063534322959,0.19812903892289851,3.905381775598858,0.5193858595039373,0.1647063534322959,0.33021506487149754,0.756751505688635,0.5193858595039373
Bridge_5-19,..\data\processed\wet\Bridge_5-19_v3.wav,0.20488127415071256,0.5266980468912245,4.458118347281881,0.8705784250460069,0.20488127415071256,0.8778300781520408,0.8795818549515292,0.8705784250460069
Bridge_5-19,..\data\processed\wet\Bridge_5-19_v4.wav,0.23879621138153928,0.27074360650859286,4.932453452633938,0.7720124763099904,0.23879621138153928,0.4512393441809881,0.9849896561408751,0.7720124763099904
Bridge_5-2,..\data\processed\wet\Bridge_5-2_v0.wav,0.027167421225559818,0.03912275475629523,2.5876911956554975,0.9092202058615602,0.027167421225559818,0.06520459126049205,0.46393137681233276,0.9092202058615602
Bridge_5-2,..\data\processed\wet\Bridge_5-2_v1.wav,0.5387017979527142,0.2986875048205741,0.9746316498048376,0.656780104724294,0.5387017979527142,0.49781250803429017,0.10547369995663058,0.656780104724294
Bridge_5-2,..\data\processed\wet\Bridge_5-2_v2.wav,0.8221031606002255,0.2282520045045374,3.9902533291639735,0.9644766539008116,0.8221031606002255,0.38042000750756233,0.7756118509253275,0.9644766539008116
Bridge_5-2,..\data\processed\wet\Bridge_5-2_v3.wav,0.2037664591276891,0.31399777871684476,1.79212081138059,0.7928544190338394,0.2037664591276891,0.5233296311947413,0.28713795808457554,0.7928544190338394
Bridge_5-2,..\data\processed\wet\Bridge_5-2_v4.wav,0.5775933658811575,0.3807494505301822,4.090613718271523,0.3959704726624549,0.5775933658811575,0.6345824175503038,0.7979141596158941,0.3959704726624549
Bridge_5-20,..\data\processed\wet\Bridge_5-20_v0.wav,0.9150900684070432,0.31981732034768395,1.210796702759066,0.6958991181688025,0.9150900684070432,0.53302886724614,0.157954822835348,0.6958991181688025
Bridge_5-20,..\data\processed\wet\Bridge_5-20_v1.wav,0.7932613504382544,0.190057006240516,4.357306656494389,0.9061432547657664,0.7932613504382544,0.31676167706752667,0.8571792569987531,0.9061432547657664
Bridge_5-20,..\data\processed\wet\Bridge_5-20_v2.wav,0.2769044873778089,0.5901128836291332,1.133201876219413,0.20201566840248997,0.2769044873778089,0.983521472715222,0.14071152804875842,0.20201566840248997
Bridge_5-20,..\data\processed\wet\Bridge_5-20_v3.wav,0.18422483923802613,0.5363938260047222,3.4443164854623283,0.15210428322227287,0.18422483923802613,0.8939897100078703,0.6542925523249619,0.15210428322227287
Bridge_5-20,..\data\processed\wet\Bridge_5-20_v4.wav,0.440323418368349,0.3691788150418812,0.8755883824522248,0.8824163684073387,0.440323418368349,0.615298025069802,0.08346408498938329,0.8824163684073387
Bridge_5-21,..\data\processed\wet\Bridge_5-21_v0.wav,0.8036035354415352,0.3031240641459829,4.852069768666267,0.4177609792750997,0.8036035354415352,0.5052067735766382,0.9671266152591704,0.4177609792750997
Bridge_5-21,..\data\processed\wet\Bridge_5-21_v1.wav,0.9841103190364978,0.40075199928217625,3.3560207296427365,0.165954895295785,0.9841103190364978,0.6679199988036271,0.6346712732539415,0.165954895295785
Bridge_5-21,..\data\processed\wet\Bridge_5-21_v2.wav,0.881927758304644,0.2564938127523691,1.230050326021157,0.01260751997575904,0.881927758304644,0.4274896879206152,0.16223340578247936,0.01260751997575904
Bridge_5-21,..\data\processed\wet\Bridge_5-21_v3.wav,0.5597556836383826,0.3164397732736058,3.7370913006612136,0.8902580530178021,0.5597556836383826,0.5273996221226763,0.7193536223691586,0.8902580530178021
Bridge_5-21,..\data\processed\wet\Bridge_5-21_v4.wav,0.07940658464302952,0.4388978942042174,1.34335374843912,0.858177053157164,0.07940658464302952,0.7314964903403623,0.18741194409758222,0.858177053157164
Bridge_5-22,..\data\processed\wet\Bridge_5-22_v0.wav,0.8190635138616561,0.3244762529913266,3.696092593804902,0.3143501131837484,0.8190635138616561,0.5407937549855444,0.7102427986233115,0.3143501131837484
Bridge_5-22,..\data\processed\wet\Bridge_5-22_v1.wav,0.47116789893281463,0.492982138626283,2.5666933872794626,0.3577982653254418,0.47116789893281463,0.8216368977104717,0.4592651971732139,0.3577982653254418
Bridge_5-22,..\data\processed\wet\Bridge_5-22_v2.wav,0.4942124472502999,0.496949551462331,2.0084362131689275,0.1737615931357438,0.4942124472502999,0.8282492524372184,0.3352080473708728,0.1737615931357438
Bridge_5-22,..\data\processed\wet\Bridge_5-22_v3.wav,0.7120140203307808,0.49558692762484907,0.9528686533559,0.23987411275594472,0.7120140203307808,0.8259782127080818,0.10063747852353333,0.23987411275594472
Bridge_5-22,..\data\processed\wet\Bridge_5-22_v4.wav,0.1419719897609939,0.20876484694929998,2.526579405074357,0.7488263369633065,0.1419719897609939,0.3479414115821666,0.4503509789054127,0.7488263369633065
Bridge_5-3,..\data\processed\wet\Bridge_5-3_v0.wav,0.6511475848816741,0.3725571404870587,2.0856872597434446,0.8414475530847599,0.6511475848816741,0.6209285674784312,0.35237494660965435,0.8414475530847599
Bridge_5-3,..\data\processed\wet\Bridge_5-3_v1.wav,0.47128716739816456,0.5874629628090927,3.3536396223308156,0.12626474156450274,0.47128716739816456,0.9791049380151545,0.6341421382957368,0.12626474156450274
Bridge_5-3,..\data\processed\wet\Bridge_5-3_v2.wav,0.676177562075434,0.19506240925901938,3.5884723850874383,0.06964114816240574,0.676177562075434,0.325104015431699,0.6863271966860974,0.06964114816240574
Bridge_5-3,..\data\processed\wet\Bridge_5-3_v3.wav,0.1748814371759594,0.5134423553434718,1.522308006605817,0.83704112524294,0.1748814371759594,0.8557372589057864,0.2271795570235149,0.83704112524294
Bridge_5-3,..\data\processed\wet\Bridge_5-3_v4.wav,0.27927608845441043,0.38572914603522457,3.6236775807942396,0.5126547531450529,0.27927608845441043,0.6428819100587077,0.694150573509831,0.5126547531450529
Bridge_5-4,..\data\processed\wet\Bridge_5-4_v0.wav,0.3053106766967313,0.12758662582265767,0.649352095530918,0.3039464012407238,0.3053106766967313,0.21264437637109612,0.03318935456242622,0.3039464012407238
Bridge_5-4,..\data\processed\wet\Bridge_5-4_v1.wav,0.653162790531283,0.5629828910690896,4.420420170183734,0.7660647765353026,0.653162790531283,0.9383048184484827,0.8712044822630519,0.7660647765353026
Bridge_5-4,..\data\processed\wet\Bridge_5-4_v2.wav,0.7884473432532987,0.39899094208559716,1.6712908590470135,0.9071950307058299,0.7884473432532987,0.6649849034759953,0.260286857566003,0.9071950307058299
Bridge_5-4,..\data\processed\wet\Bridge_5-4_v3.wav,0.670732311905834,0.33626437858826397,0.9994526114606648,0.4470555438064254,0.670732311905834,0.56044063098044,0.11098946921348106,0.4470555438064254
Bridge_5-4,..\data\processed\wet\Bridge_5-4_v4.wav,0.4603582712019263,0.518738165713602,2.959916990845048,0.38040054897040965,0.4603582712019263,0.86456360952267,0.5466482201877885,0.38040054897040965
Bridge_5-5,..\data\processed\wet\Bridge_5-5_v0.wav,0.9768003285106593,0.06643235599578941,2.4014679274037505,0.04202467517140529,0.9768003285106593,0.11072059332631569,0.42254842831194456,0.04202467517140529
Bridge_5-5,..\data\processed\wet\Bridge_5-5_v1.wav,0.7399041207669304,0.5508459313194903,1.7601679829772023,0.8583416767991209,0.7399041207669304,0.9180765521991506,0.28003732955048943,0.8583416767991209
Bridge_5-5,..\data\processed\wet\Bridge_5-5_v2.wav,0.29221823046189777,0.5464620969863491,3.8928285661855275,0.8049067768414386,0.29221823046189777,0.9107701616439151,0.7539619035967839,0.8049067768414386
Bridge_5-5,..\data\processed\wet\Bridge_5-5_v3.wav,0.0180065556004545,0.5776862142444156,3.7700194643164546,0.3047510953861333,0.0180065556004545,0.962810357074026,0.7266709920703233,0.3047510953861333
Bridge_5-5,..\data\processed\wet\Bridge_5-5_v4.wav,0.8293946648588469,0.16891271904895797,4.427392278047575,0.11258039041193701,0.8293946648588469,0.28152119841492995,0.8727538395661278,0.11258039041193701
Bridge_5-6,..\data\processed\wet\Bridge_5-6_v0.wav,0.7036859774607958,0.3244190859869462,0.9344051158794837,0.24189382825883898,0.7036859774607958,0.5406984766449103,0.09653447019544083,0.24189382825883898
Bridge_5-6,..\data\processed\wet\Bridge_5-6_v1.wav,0.01240403627731479,0.28126077927870347,1.8556936734200016,0.5983574842977588,0.01240403627731479,0.4687679654645058,0.3012652607600004,0.5983574842977588
Bridge_5-6,..\data\processed\wet\Bridge_5-6_v2.wav,0.2972378077086172,0.1799514669041908,3.8443693942922152,0.04814283597835345,0.2972378077086172,0.2999191115069847,0.7431931987316034,0.04814283597835345
Bridge_5-6,..\data\processed\wet\Bridge_5-6_v3.wav,0.9028949951919872,0.5113583246347089,3.5051210745188293,0.5932215701073843,0.9028949951919872,0.8522638743911815,0.6678046832264065,0.5932215701073843
Bridge_5-6,..\data\processed\wet\Bridge_5-6_v4.wav,0.8923024981396522,0.11119810771722867,0.8553612298587288,0.2395101699095381,0.8923024981396522,0.18533017952871444,0.07896916219082861,0.2395101699095381
Bridge_5-7,..\data\processed\wet\Bridge_5-7_v0.wav,0.7945782787001903,0.020802160035889992,3.1226307578757035,0.9954375161913099,0.7945782787001903,0.03467026672648332,0.5828068350834896,0.9954375161913099
Bridge_5-7,..\data\processed\wet\Bridge_5-7_v1.wav,0.8556960938375394,0.31286741342615365,0.7863840917898905,0.8313735143857098,0.8556960938375394,0.5214456890435895,0.06364090928664234,0.8313735143857098
Bridge_5-7,..\data\processed\wet\Bridge_5-7_v2.wav,0.5989785081772105,0.0689597982357401,0.922357781705103,0.9096268194365924,0.5989785081772105,0.11493299705956683,0.09385728482335622,0.9096268194365924
Bridge_5-7,..\data\processed\wet\Bridge_5-7_v3.wav,0.6692002629380784,0.4975720795900533,4.455405051270203,0.5717723520483222,0.6692002629380784,0.8292867993167555,0.8789789002822673,0.5717723520483222
Bridge_5-7,..\data\processed\wet\Bridge_5-7_v4.wav,0.5174463517550413,0.2582564461925941,1.9262596450600369,0.43459596085871177,0.5174463517550413,0.43042741032099013,0.3169465877911193,0.43459596085871177
Bridge_5-8,..\data\processed\wet\Bridge_5-8_v0.wav,0.7738796557301564,0.36115405860907895,4.516354804796808,0.4433800143791877,0.7738796557301564,0.6019234310151316,0.8925232899548461,0.4433800143791877
Bridge_5-8,..\data\processed\wet\Bridge_5-8_v1.wav,0.607089578718754,0.37878453185519323,3.162637230378465,0.7026337730855163,0.607089578718754,0.6313075530919887,0.5916971623063255,0.7026337730855163
Bridge_5-8,..\data\processed\wet\Bridge_5-8_v2.wav,0.23743346837480628,0.3074182665274744,0.9690116126375645,0.38451132764481255,0.23743346837480628,0.5123637775457907,0.10422480280834767,0.38451132764481255
Bridge_5-8,..\data\processed\wet\Bridge_5-8_v3.wav,0.4876670686212644,0.3913345557272835,4.777389736637915,0.6006510665483559,0.4876670686212644,0.6522242595454725,0.9505310525862034,0.6006510665483559
Bridge_5-8,..\data\processed\wet\Bridge_5-8_v4.wav,0.7435939161765598,0.30375963569712167,3.353468141193491,0.07093221613377343,0.7435939161765598,0.5062660594952028,0.6341040313763313,0.07093221613377343
Bridge_5-9,..\data\processed\wet\Bridge_5-9_v0.wav,0.254391580841847,0.2171118559230832,2.626220097529311,0.045648745502383736,0.254391580841847,0.3618530932051387,0.4724933550065135,0.045648745502383736
Bridge_5-9,..\data\processed\wet\Bridge_5-9_v1.wav,0.14002409755331768,0.16608858467478346,4.871897109054728,0.33134700710305076,0.14002409755331768,0.2768143077913058,0.9715326909010505,0.33134700710305076
Bridge_5-9,..\data\processed\wet\Bridge_5-9_v2.wav,0.48204105811208253,0.11765862764303575,3.2485103198409573,0.2806832155159743,0.48204105811208253,0.19609771273839294,0.6107800710757683,0.2806832155159743
Bridge_5-9,..\data\processed\wet\Bridge_5-9_v3.wav,0.20699257843842678,0.3099435770675874,0.5247760962218937,0.0076640326492253275,0.20699257843842678,0.5165726284459791,0.005505799160420821,0.0076640326492253275
Bridge_5-9,..\data\processed\wet\Bridge_5-9_v4.wav,0.21906880910185778,0.022032817500492685,0.9861158935881111,0.3388606493387516,0.21906880910185778,0.03672136250082114,0.10802575413069136,0.3388606493387516
Bridge_6-0,..\data\processed\wet\Bridge_6-0_v0.wav,0.8025856795798129,0.3432291860215805,2.807004766803874,0.29348882320812164,0.8025856795798129,0.5720486433693008,0.5126677259564164,0.29348882320812164
Bridge_6-0,..\data\processed\wet\Bridge_6-0_v1.wav,0.9317537194328164,0.23820902474231498,0.8919174505809717,0.6170665161178013,0.9317537194328164,0.39701504123719167,0.08709276679577149,0.6170665161178013
Bridge_6-0,..\data\processed\wet\Bridge_6-0_v2.wav,0.11383839347660141,0.20713388568101523,2.78335372423014,0.8742225246851758,0.11383839347660141,0.3452231428016921,0.5074119387178089,0.8742225246851758
Bridge_6-0,..\data\processed\wet\Bridge_6-0_v3.wav,0.49354658034011867,0.42135525961899856,4.967675775495817,0.13148911989798162,0.49354658034011867,0.7022587660316643,0.9928168389990704,0.13148911989798162
Bridge_6-0,..\data\processed\wet\Bridge_6-0_v4.wav,0.2747315255195195,0.23674564535858783,2.398226803424741,0.41102107526554577,0.2747315255195195,0.3945760755976464,0.42182817853883137,0.41102107526554577
Bridge_6-1,..\data\processed\wet\Bridge_6-1_v0.wav,0.9076110025565549,0.4284195866801139,3.235573463408167,0.3093727178627821,0.9076110025565549,0.7140326444668564,0.6079052140907037,0.3093727178627821
Bridge_6-1,..\data\processed\wet\Bridge_6-1_v1.wav,0.8237903842212947,0.5730363068909934,4.1953922714760195,0.0015651051914729042,0.8237903842212947,0.955060511484989,0.8211982825502265,0.0015651051914729042
Bridge_6-1,..\data\processed\wet\Bridge_6-1_v2.wav,0.636401370183407,0.030681228865260434,1.6592324915017485,0.059524700347771686,0.636401370183407,0.051135381442100725,0.25760722033372185,0.059524700347771686
Bridge_6-1,..\data\processed\wet\Bridge_6-1_v3.wav,0.6037954529493877,0.41195394809556407,1.015194371296573,0.3838388830449795,0.6037954529493877,0.6865899134926068,0.1144876380659051,0.3838388830449795
Bridge_6-1,..\data\processed\wet\Bridge_6-1_v4.wav,0.456236508955542,0.22143181305654994,1.0446125021833688,0.4189477901874754,0.456236508955542,0.3690530217609166,0.12102500048519306,0.4189477901874754
Bridge_6-10,..\data\processed\wet\Bridge_6-10_v0.wav,0.7511780478084181,0.04260459871995328,0.8608100633685656,0.3547712918359842,0.7511780478084181,0.07100766453325547,0.08018001408190346,0.3547712918359842
Bridge_6-10,..\data\processed\wet\Bridge_6-10_v1.wav,0.941725711618925,0.40114358803374844,3.5540148050265414,0.36191999083786497,0.941725711618925,0.668572646722914,0.6786699566725648,0.36191999083786497
Bridge_6-10,..\data\processed\wet\Bridge_6-10_v2.wav,0.5936607912085384,0.006078710416646027,3.36243220884294,0.9132869475762367,0.5936607912085384,0.010131184027743378,0.6360960464095422,0.9132869475762367
Bridge_6-10,..\data\processed\wet\Bridge_6-10_v3.wav,0.6125734683448192,0.524219156079807,3.757878749597422,0.12055841640369025,0.6125734683448192,0.8736985934663449,0.7239730554660938,0.12055841640369025
Bridge_6-10,..\data\processed\wet\Bridge_6-10_v4.wav,0.9024533072858417,0.03986630661346493,2.902853626464937,0.14213712379345766,0.9024533072858417,0.06644384435577488,0.5339674725477638,0.14213712379345766
Bridge_6-11,..\data\processed\wet\Bridge_6-11_v0.wav,0.011706610730904066,0.2532205560765834,1.8276831844437031,0.486000493797603,0.011706610730904066,0.422034260127639,0.29504070765415624,0.486000493797603
Bridge_6-11,..\data\processed\wet\Bridge_6-11_v1.wav,0.5771998867345508,0.026243443385368413,1.0535148280568554,0.5586423964504253,0.5771998867345508,0.04373907230894736,0.12300329512374564,0.5586423964504253
Bridge_6-11,..\data\processed\wet\Bridge_6-11_v2.wav,0.34316735317265823,0.43750409252966876,3.4353124186637283,0.8456043629899068,0.34316735317265823,0.729173487549448,0.6522916485919397,0.8456043629899068
Bridge_6-11,..\data\processed\wet\Bridge_6-11_v3.wav,0.6924928266692253,0.2579586464340889,3.528349800774946,0.2753811742554185,0.6924928266692253,0.4299310773901482,0.6729666223944324,0.2753811742554185
Bridge_6-11,..\data\processed\wet\Bridge_6-11_v4.wav,0.3063134987782127,0.47339109595247597,2.50888782380712,0.7983803405183525,0.3063134987782127,0.7889851599207933,0.44641951640158223,0.7983803405183525
Bridge_6-12,..\data\processed\wet\Bridge_6-12_v0.wav,0.8224223736682784,0.5145374025967703,4.624858561285433,0.43098522051329624,0.8224223736682784,0.8575623376612839,0.9166352358412073,0.43098522051329624
Bridge_6-12,..\data\processed\wet\Bridge_6-12_v1.wav,0.31886681832113883,0.3493192479564683,2.170275905469324,0.601074166800233,0.31886681832113883,0.5821987465941139,0.3711724234376276,0.601074166800233
Bridge_6-12,..\data\processed\wet\Bridge_6-12_v2.wav,0.7055858626438246,0.41304301109528213,2.185487991590546,0.16686020169875282,0.7055858626438246,0.6884050184921369,0.3745528870201213,0.16686020169875282
Bridge_6-12,..\data\processed\wet\Bridge_6-12_v3.wav,0.43052933846220753,0.08555648644914524,4.505436658327137,0.3458774607378574,0.43052933846220753,0.14259414408190874,0.8900970351838082,0.3458774607378574
Bridge_6-12,..\data\processed\wet\Bridge_6-12_v4.wav,0.15445974722332378,0.015268655943450525,3.4062007382891792,0.6369023174547432,0.15445974722332378,0.025447759905750877,0.6458223862864843,0.6369023174547432
Bridge_6-13,..\data\processed\wet\Bridge_6-13_v0.wav,0.34060416658129167,0.0430271333085906,2.343330027028544,0.3112174950633936,0.34060416658129167,0.071711888847651,0.409628894895232,0.3112174950633936
Bridge_6-13,..\data\processed\wet\Bridge_6-13_v1.wav,0.6771206397350094,0.3634675496716142,2.14067177688893,0.2178925542549901,0.6771206397350094,0.6057792494526903,0.36459372819754,0.2178925542549901
Bridge_6-13,..\data\processed\wet\Bridge_6-13_v2.wav,0.9880359661555919,0.2724009727176689,3.5972340610110667,0.14055296757836078,0.9880359661555919,0.4540016211961148,0.688274235780237,0.14055296757836078
Bridge_6-13,..\data\processed\wet\Bridge_6-13_v3.wav,0.4855896996593978,0.01652203192167929,2.7745480305970247,0.9640174071177023,0.4855896996593978,0.027536719869465487,0.50545511791045,0.9640174071177023
Bridge_6-13,..\data\processed\wet\Bridge_6-13_v4.wav,0.3842067129858002,0.023397607544946953,0.6393010591370458,0.3879867599468695,0.3842067129858002,0.03899601257491159,0.030955790919343515,0.3879867599468695
Bridge_6-14,..\data\processed\wet\Bridge_6-14_v0.wav,0.16002493646319405,0.014011257796911546,3.9029612627757957,0.4585230088818907,0.16002493646319405,0.023352096328185912,0.7562136139501768,0.4585230088818907
Bridge_6-14,..\data\processed\wet\Bridge_6-14_v1.wav,0.2892447719726545,0.5400499098098884,1.0226253209023652,0.9559188289553192,0.2892447719726545,0.9000831830164807,0.11613896020052561,0.9559188289553192
Bridge_6-14,..\data\processed\wet\Bridge_6-14_v2.wav,0.3139667173773528,0.5330422033852087,3.213242944157577,0.8267073597414875,0.3139667173773528,0.8884036723086812,0.6029428764794615,0.8267073597414875
Bridge_6-14,..\data\processed\wet\Bridge_6-14_v3.wav,0.9840131632104643,0.17304326269124742,4.825109684334168,0.38948189490242036,0.9840131632104643,0.2884054378187457,0.961135485407593,0.38948189490242036
Bridge_6-14,..\data\processed\wet\Bridge_6-14_v4.wav,0.3855119047369223,0.2042322625527034,2.9363342330641333,0.1541450431784871,0.3855119047369223,0.3403871042545057,0.5414076073475852,0.1541450431784871
Bridge_6-15,..\data\processed\wet\Bridge_6-15_v0.wav,0.5537114853580112,0.3250228874460024,3.928558156721915,0.8336499619375856,0.5537114853580112,0.541704812410004,0.76190181260487,0.8336499619375856
Bridge_6-15,..\data\processed\wet\Bridge_6-15_v1.wav,0.44044135031242404,0.18139994961089626,1.667007037926925,0.19462383670487193,0.44044135031242404,0.30233324935149375,0.25933489731709447,0.19462383670487193
Bridge_6-15,..\data\processed\wet\Bridge_6-15_v2.wav,0.05764758219902488,0.205468787300828,1.7161146145885247,0.9664173858664074,0.05764758219902488,0.34244797883471334,0.27024769213078326,0.9664173858664074
Bridge_6-15,..\data\processed\wet\Bridge_6-15_v3.wav,0.5577088262500439,0.20836622341830452,3.112104204471632,0.1391967013456955,0.5577088262500439,0.34727703903050755,0.580467600993696,0.1391967013456955
Bridge_6-15,..\data\processed\wet\Bridge_6-15_v4.wav,0.4440437492022029,0.3757405928526383,2.7000402430660313,0.40177880065432425,0.4440437492022029,0.6262343214210638,0.4888978317924514,0.40177880065432425
Bridge_6-16,..\data\processed\wet\Bridge_6-16_v0.wav,0.9938483888996982,0.5281888572893562,3.3053268117174803,0.5693773611822828,0.9938483888996982,0.880314762148927,0.6234059581594401,0.5693773611822828
Bridge_6-16,..\data\processed\wet\Bridge_6-16_v1.wav,0.620660479824584,0.12078726469345995,2.2781198446894337,0.03945953289089932,0.620660479824584,0.20131210782243325,0.3951377432643186,0.03945953289089932
Bridge_6-16,..\data\processed\wet\Bridge_6-16_v2.wav,0.47554603748682667,0.3258147503745979,1.5248738124644432,0.9640288471655137,0.47554603748682667,0.5430245839576632,0.2277497361032096,0.9640288471655137
Bridge_6-16,..\data\processed\wet\Bridge_6-16_v3.wav,0.909454610937242,0.43328594127354353,2.9002398294441316,0.869969159647685,0.909454610937242,0.7221432354559059,0.5333866287653626,0.869969159647685
Bridge_6-16,..\data\processed\wet\Bridge_6-16_v4.wav,0.1306523438234629,0.47430587656493095,1.0616936628508173,0.7942106625494054,0.1306523438234629,0.790509794274885,0.1248208139668483,0.7942106625494054
Bridge_6-17,..\data\processed\wet\Bridge_6-17_v0.wav,0.27576756825135695,0.5262543486109134,4.74818942221429,0.14879596940511564,0.27576756825135695,0.8770905810181889,0.9440420938253978,0.14879596940511564
Bridge_6-17,..\data\processed\wet\Bridge_6-17_v1.wav,0.4626756050653935,0.588592426897611,2.67533346187916,0.8635475225145451,0.4626756050653935,0.9809873781626851,0.48340743597314667,0.8635475225145451
Bridge_6-17,..\data\processed\wet\Bridge_6-17_v2.wav,0.5887315221313199,0.2251979447517611,1.7860259998664159,0.20322309108608727,0.5887315221313199,0.37532990791960186,0.2857835555258702,0.20322309108608727
Bridge_6-17,..\data\processed\wet\Bridge_6-17_v3.wav,0.7617981913776972,0.2319243040938167,2.80073957990338,0.4923254800011819,0.7617981913776972,0.3865405068230279,0.5112754622007512,0.4923254800011819
Bridge_6-17,..\data\processed\wet\Bridge_6-17_v4.wav,0.5772790292331312,0.5193462873747313,4.913327046125432,0.40758420857381694,0.5772790292331312,0.8655771456245522,0.9807393435834294,0.40758420857381694
Bridge_6-18,..\data\processed\wet\Bridge_6-18_v0.wav,0.8275189221063031,0.45871667679283057,3.0808802815500798,0.9560471436119331,0.8275189221063031,0.7645277946547177,0.5735289514555733,0.9560471436119331
Bridge_6-18,..\data\processed\wet\Bridge_6-18_v1.wav,0.20047451552840279,0.06555852618577285,4.3428288512994,0.4391498166337483,0.20047451552840279,0.10926421030962141,0.8539619669554221,0.4391498166337483
Bridge_6-18,..\data\processed\wet\Bridge_6-18_v2.wav,0.8469688542070605,0.5358541231172489,0.7810591712858215,0.8834647629860607,0.8469688542070605,0.8930902051954148,0.06245759361907144,0.8834647629860607
Bridge_6-18,..\data\processed\wet\Bridge_6-18_v3.wav,0.4483190553694222,0.30625949340253933,3.319666299919446,0.9263826067300868,0.4483190553694222,0.5104324890042322,0.6265925110932102,0.9263826067300868
Bridge_6-18,..\data\processed\wet\Bridge_6-18_v4.wav,0.01911609442976403,0.28610608099069024,3.594749190937523,0.7227069576982285,0.01911609442976403,0.4768434683178171,0.6877220424305607,0.7227069576982285
Bridge_6-19,..\data\processed\wet\Bridge_6-19_v0.wav,0.692532431537108,0.08066107764487311,1.8472801476725655,0.35871552541701346,0.692532431537108,0.13443512940812186,0.29939558837168123,0.35871552541701346
Bridge_6-19,..\data\processed\wet\Bridge_6-19_v1.wav,0.804437207679505,0.1672559234487318,1.4481723374024142,0.9574480190380962,0.804437207679505,0.278759872414553,0.21070496386720317,0.9574480190380962
Bridge_6-19,..\data\processed\wet\Bridge_6-19_v2.wav,0.0088632851134689,0.5986925134091869,3.5456958448582805,0.8284692994491171,0.0088632851134689,0.9978208556819783,0.6768212988573956,0.8284692994491171
Bridge_6-19,..\data\processed\wet\Bridge_6-19_v3.wav,0.29461939634619316,0.008589166600235986,3.820412833526885,0.8341445970006758,0.29461939634619316,0.014315277667059978,0.73786951856153,0.8341445970006758
Bridge_6-19,..\data\processed\wet\Bridge_6-19_v4.wav,0.7404761319535191,0.08571017238050316,3.8904256501563608,0.768922782107641,0.7404761319535191,0.1428502873008386,0.7534279222569691,0.768922782107641
Bridge_6-2,..\data\processed\wet\Bridge_6-2_v0.wav,0.6585405156700549,0.4596695596773517,4.306646478549794,0.6136041142374584,0.6585405156700549,0.7661159327955862,0.845921439677732,0.6136041142374584
Bridge_6-2,..\data\processed\wet\Bridge_6-2_v1.wav,0.08860471396967906,0.29257668580032653,0.8494220060222228,0.40754303103243084,0.08860471396967906,0.4876278096672109,0.07764933467160508,0.40754303103243084
Bridge_6-2,..\data\processed\wet\Bridge_6-2_v2.wav,0.40710648912562764,0.03960590648414495,2.069692402862657,0.11099809879131484,0.40710648912562764,0.06600984414024158,0.3488205339694793,0.11099809879131484
Bridge_6-2,..\data\processed\wet\Bridge_6-2_v3.wav,0.8082352100092222,0.5686128155786825,0.8254241386607237,0.9551152072917014,0.8082352100092222,0.9476880259644709,0.0723164752579386,0.9551152072917014
Bridge_6-2,..\data\processed\wet\Bridge_6-2_v4.wav,0.5225765993367452,0.17973940677232433,0.8458793387427358,0.5006242680704178,0.5225765993367452,0.2995656779538739,0.07686207527616351,0.5006242680704178
Bridge_6-20,..\data\processed\wet\Bridge_6-20_v0.wav,0.7945155444907487,0.42425188636001887,0.7260170515878819,0.07290183536790351,0.7945155444907487,0.7070864772666982,0.05022601146397375,0.07290183536790351
Bridge_6-20,..\data\processed\wet\Bridge_6-20_v1.wav,0.4028732826326371,0.17717429642876595,1.5457294537522153,0.2810044989087136,0.4028732826326371,0.2952904940479433,0.23238432305604784,0.2810044989087136
Bridge_6-20,..\data\processed\wet\Bridge_6-20_v2.wav,0.8034827432968846,0.5575368321791123,2.322962125374049,0.9061110021324971,0.8034827432968846,0.9292280536318539,0.4051026945275664,0.9061110021324971
Bridge_6-20,..\data\processed\wet\Bridge_6-20_v3.wav,0.32149570124788196,0.285862191806275,1.5171304901719989,0.640476042175844,0.32149570124788196,0.47643698634379167,0.22602899781599975,0.640476042175844
Bridge_6-20,..\data\processed\wet\Bridge_6-20_v4.wav,0.9789811151748089,0.3620958576260272,2.11016337851097,0.6478174459905284,0.9789811151748089,0.6034930960433786,0.3578140841135489,0.6478174459905284
Bridge_6-21,..\data\processed\wet\Bridge_6-21_v0.wav,0.12292067846538757,0.5331954481592391,2.7638777785092636,0.44934974203964206,0.12292067846538757,0.8886590802653986,0.5030839507798364,0.44934974203964206
Bridge_6-21,..\data\processed\wet\Bridge_6-21_v1.wav,0.5858647884535192,0.3748703176736415,0.8229911280193086,0.6826172212234024,0.5858647884535192,0.6247838627894025,0.07177580622651303,0.6826172212234024
Bridge_6-21,..\data\processed\wet\Bridge_6-21_v2.wav,0.24193168031552958,0.4283715795039539,4.201406574728885,0.8039585075525203,0.24193168031552958,0.7139526325065898,0.8225347943841967,0.8039585075525203
Bridge_6-21,..\data\processed\wet\Bridge_6-21_v3.wav,0.5525009674078891,0.3121019353864507,1.1429418260273527,0.7753461504031356,0.5525009674078891,0.5201698923107512,0.14287596133941172,0.7753461504031356
Bridge_6-21,..\data\processed\wet\Bridge_6-21_v4.wav,0.27140938044671437,0.2980172536907679,1.7792334181738252,0.13382836299969314,0.27140938044671437,0.49669542281794654,0.2842740929275167,0.13382836299969314
Bridge_6-22,..\data\processed\wet\Bridge_6-22_v0.wav,0.6295576968917366,0.032599220893742294,3.8689035535679,0.31758679526111666,0.6295576968917366,0.05433203482290382,0.7486452341262,0.31758679526111666
Bridge_6-22,..\data\processed\wet\Bridge_6-22_v1.wav,0.00013469300448532007,0.30667748354233787,0.7108335883742141,0.27616955782089947,0.00013469300448532007,0.5111291392372298,0.046851908527603126,0.27616955782089947
Bridge_6-22,..\data\processed\wet\Bridge_6-22_v2.wav,0.7069764874557162,0.03761377297311952,4.277023215602011,0.003819922658583108,0.7069764874557162,0.06268962162186587,0.8393384923560023,0.003819922658583108
Bridge_6-22,..\data\processed\wet\Bridge_6-22_v3.wav,0.24682386920190225,0.44454243369124286,1.9232156737818804,0.10189238806601353,0.24682386920190225,0.7409040561520714,0.3162701497293068,0.10189238806601353
Bridge_6-22,..\data\processed\wet\Bridge_6-22_v4.wav,0.3602339188004279,0.1622359718307153,4.292203559722497,0.31334791758514313,0.3602339188004279,0.27039328638452553,0.8427119021605548,0.31334791758514313
Bridge_6-3,..\data\processed\wet\Bridge_6-3_v0.wav,0.7889324717760072,0.5351232868864408,2.452178388094383,0.909943143854392,0.7889324717760072,0.8918721448107347,0.43381741957652953,0.909943143854392
Bridge_6-3,..\data\processed\wet\Bridge_6-3_v1.wav,0.37731805396319285,0.5784470498940649,0.9018028603650782,0.6870192665032427,0.37731805396319285,0.9640784164901083,0.08928952452557293,0.6870192665032427
Bridge_6-3,..\data\processed\wet\Bridge_6-3_v2.wav,0.49381404045692867,0.23258928327338824,3.347203454368704,0.7038570916343312,0.49381404045692867,0.38764880545564706,0.6327118787486009,0.7038570916343312
Bridge_6-3,..\data\processed\wet\Bridge_6-3_v3.wav,0.004363269650309087,0.10017185324831923,3.708707227854434,0.6663854135782065,0.004363269650309087,0.16695308874719872,0.7130460506343187,0.6663854135782065
Bridge_6-3,..\data\processed\wet\Bridge_6-3_v4.wav,0.9660475051286772,0.45662267415046975,4.778477184791021,0.702540501534807,0.9660475051286772,0.761037790250783,0.950772707731338,0.702540501534807
Bridge_6-4,..\data\processed\wet\Bridge_6-4_v0.wav,0.29805220863944315,0.06321895335051388,4.01820738505221,0.6441492214759159,0.29805220863944315,0.10536492225085646,0.7818238633449356,0.6441492214759159
Bridge_6-4,..\data\processed\wet\Bridge_6-4_v1.wav,0.04818601239329623,0.21603027954058698,4.8055991696792875,0.5004011457102012,0.04818601239329623,0.36005046590097833,0.956799815484286,0.5004011457102012
Bridge_6-4,..\data\processed\wet\Bridge_6-4_v2.wav,0.43272913601970464,0.2746197630955764,1.4399722580232368,0.3687071708647952,0.43272913601970464,0.45769960515929403,0.20888272400516372,0.3687071708647952
Bridge_6-4,..\data\processed\wet\Bridge_6-4_v3.wav,0.3698132559871766,0.031413012112483436,3.954054328330632,0.416504431903879,0.3698132559871766,0.052355020187472394,0.7675676285179183,0.416504431903879
Bridge_6-4,..\data\processed\wet\Bridge_6-4_v4.wav,0.8221798868164233,0.5102088006719372,1.4539732461439612,0.6573534821701286,0.8221798868164233,0.8503480011198954,0.21199405469865804,0.6573534821701286
Bridge_6-5,..\data\processed\wet\Bridge_6-5_v0.wav,0.4722818041629817,0.5280940427528911,1.4708330562940435,0.6778132003100442,0.4722818041629817,0.8801567379214852,0.21574067917645412,0.6778132003100442
Bridge_6-5,..\data\processed\wet\Bridge_6-5_v1.wav,0.6077521222527226,0.17718088654309966,1.1147040664302768,0.6516397604772766,0.6077521222527226,0.2953014775718328,0.1366009036511726,0.6516397604772766
Bridge_6-5,..\data\processed\wet\Bridge_6-5_v2.wav,0.7385974581323307,0.18937640625801,3.401746718100412,0.39513090761150327,0.7385974581323307,0.31562734376335,0.6448326040223138,0.39513090761150327
Bridge_6-5,..\data\processed\wet\Bridge_6-5_v3.wav,0.7132068832826177,0.11952916493643186,4.505967511862785,0.28740959646557973,0.7132068832826177,0.1992152748940531,0.8902150026361745,0.28740959646557973
Bridge_6-5,..\data\processed\wet\Bridge_6-5_v4.wav,0.3677859877561529,0.03485517124820987,1.0018049554457438,0.5158619027123281,0.3677859877561529,0.05809195208034978,0.1115122123212764,0.5158619027123281
Bridge_6-6,..\data\processed\wet\Bridge_6-6_v0.wav,0.2675926767279715,0.5012881354453166,0.5661202489472923,0.3790940486719362,0.2675926767279715,0.8354802257421944,0.014693388654953843,0.3790940486719362
Bridge_6-6,..\data\processed\wet\Bridge_6-6_v1.wav,0.3373455467690927,0.011596578550560621,1.059657795502296,0.41364267491863527,0.3373455467690927,0.019327630917601035,0.12436839900051025,0.41364267491863527
Bridge_6-6,..\data\processed\wet\Bridge_6-6_v2.wav,0.49286458444744663,0.24257384835292145,2.8892195528544224,0.5951316749056815,0.49286458444744663,0.4042897472548691,0.5309376784120938,0.5951316749056815
Bridge_6-6,..\data\processed\wet\Bridge_6-6_v3.wav,0.00992382112783563,0.2784570956721023,4.835746583994148,0.5190322801295487,0.00992382112783563,0.4640951594535039,0.9634992408875883,0.5190322801295487
Bridge_6-6,..\data\processed\wet\Bridge_6-6_v4.wav,0.6775422674589532,0.1871183147501299,3.9829612016874316,0.7729214818761151,0.6775422674589532,0.3118638579168832,0.7739913781527625,0.7729214818761151
Bridge_6-7,..\data\processed\wet\Bridge_6-7_v0.wav,0.521296047654139,0.5856082939675281,1.0649759664319403,0.016947664889580993,0.521296047654139,0.9760138232792136,0.12555021476265338,0.016947664889580993
Bridge_6-7,..\data\processed\wet\Bridge_6-7_v1.wav,0.770158211757096,0.48429332241892953,1.0409325310425932,0.2655828329586061,0.770158211757096,0.8071555373648825,0.12020722912057627,0.2655828329586061
Bridge_6-7,..\data\processed\wet\Bridge_6-7_v2.wav,0.01755236336662891,0.1759851664683388,3.979138432634022,0.5179605277125789,0.01755236336662891,0.2933086107805647,0.7731418739186715,0.5179605277125789
Bridge_6-7,..\data\processed\wet\Bridge_6-7_v3.wav,0.3480955931682881,0.22304357694379817,0.5060913157196067,0.2998005275652359,0.3480955931682881,0.3717392949063303,0.0013536257154681665,0.2998005275652359
Bridge_6-7,..\data\processed\wet\Bridge_6-7_v4.wav,0.6464587416379305,0.5845166662898142,4.311773721427548,0.023594964645529126,0.6464587416379305,0.9741944438163571,0.8470608269838995,0.023594964645529126
Bridge_6-8,..\data\processed\wet\Bridge_6-8_v0.wav,0.8985606046748393,0.46991904797917555,4.011692556069412,0.4579957590035715,0.8985606046748393,0.7831984132986259,0.7803761235709804,0.4579957590035715
Bridge_6-8,..\data\processed\wet\Bridge_6-8_v1.wav,0.3980052929545028,0.18174943729991558,0.795626865294646,0.2282353634936991,0.3980052929545028,0.3029157288331926,0.06569485895436578,0.2282353634936991
Bridge_6-8,..\data\processed\wet\Bridge_6-8_v2.wav,0.24660363497802462,0.29044624182612094,3.863499829685123,0.4738098283979466,0.24660363497802462,0.4840770697102016,0.747444406596694,0.4738098283979466
Bridge_6-8,..\data\processed\wet\Bridge_6-8_v3.wav,0.057844449447160606,0.5746738805929223,4.742259435923505,0.7851895431484084,0.057844449447160606,0.957789800988204,0.9427243190941123,0.7851895431484084
Bridge_6-8,..\data\processed\wet\Bridge_6-8_v4.wav,0.9913279015642206,0.32668939968015775,4.8324575761394275,0.07560504061675077,0.9913279015642206,0.5444823328002629,0.9627683502532061,0.07560504061675077
Bridge_6-9,..\data\processed\wet\Bridge_6-9_v0.wav,0.3656807482613713,0.1352287608040595,1.3812488786042152,0.14080294889267608,0.3656807482613713,0.22538126800676583,0.19583308413427003,0.14080294889267608
Bridge_6-9,..\data\processed\wet\Bridge_6-9_v1.wav,0.6224136415659967,0.46879311344838304,3.102342797391623,0.14696270958820967,0.6224136415659967,0.7813218557473051,0.5782983994203607,0.14696270958820967
Bridge_6-9,..\data\processed\wet\Bridge_6-9_v2.wav,0.8111237699334709,0.3815728242982371,2.2467456775714796,0.674130295536063,0.8111237699334709,0.6359547071637285,0.38816570612699547,0.674130295536063
Bridge_6-9,..\data\processed\wet\Bridge_6-9_v3.wav,0.25990497924283285,0.2071153250965263,4.628686294093956,0.2905045056714204,0.25990497924283285,0.3451922084942105,0.9174858431319903,0.2905045056714204
Bridge_6-9,..\data\processed\wet\Bridge_6-9_v4.wav,0.4699882681579366,0.5340846824376088,3.6847460762038735,0.06220322616470275,0.4699882681579366,0.8901411373960146,0.7077213502675275,0.06220322616470275
Bridge-Middle_1-0,..\data\processed\wet\Bridge-Middle_1-0_v0.wav,0.14730304427897034,0.00470495446315009,3.3391480560312354,0.4476734254104183,0.14730304427897034,0.007841590771916818,0.6309217902291634,0.4476734254104183
Bridge-Middle_1-0,..\data\processed\wet\Bridge-Middle_1-0_v1.wav,0.13427485090227553,0.5747604726340623,2.8834687577552893,0.24189329411288918,0.13427485090227553,0.9579341210567704,0.5296597239456199,0.24189329411288918
Bridge-Middle_1-0,..\data\processed\wet\Bridge-Middle_1-0_v2.wav,0.5006035711547075,0.40777219964106465,0.8430764808810401,0.274703815047892,0.5006035711547075,0.6796203327351078,0.07623921797356448,0.274703815047892
Bridge-Middle_1-0,..\data\processed\wet\Bridge-Middle_1-0_v3.wav,0.8069654908839936,0.27579892224159674,2.959597139145327,0.43281600220946925,0.8069654908839936,0.45966487040266124,0.5465771420322949,0.43281600220946925
Bridge-Middle_1-0,..\data\processed\wet\Bridge-Middle_1-0_v4.wav,0.04389994264300512,0.09944986789209355,2.504937374338509,0.20918546540792782,0.04389994264300512,0.16574977982015593,0.4455416387418909,0.20918546540792782
Bridge-Middle_1-1,..\data\processed\wet\Bridge-Middle_1-1_v0.wav,0.04997902865967874,0.5061897984310942,4.915366381238521,0.7931428739967394,0.04997902865967874,0.8436496640518237,0.9811925291641158,0.7931428739967394
Bridge-Middle_1-1,..\data\processed\wet\Bridge-Middle_1-1_v1.wav,0.853784921704667,0.14518627819022722,4.822821389809399,0.19692570445342839,0.853784921704667,0.24197713031704537,0.9606269755131999,0.19692570445342839
Bridge-Middle_1-1,..\data\processed\wet\Bridge-Middle_1-1_v2.wav,0.9514298103618323,0.5968915763795706,3.702752625857219,0.9811437317918219,0.9514298103618323,0.994819293965951,0.7117228057460487,0.9811437317918219
Bridge-Middle_1-1,..\data\processed\wet\Bridge-Middle_1-1_v3.wav,0.5695397795671037,0.15572506990565418,2.4664814854952937,0.593560935378786,0.5695397795671037,0.25954178317609033,0.4369958856656208,0.593560935378786
Bridge-Middle_1-1,..\data\processed\wet\Bridge-Middle_1-1_v4.wav,0.07308156202701499,0.37340595877034766,4.915300265430325,0.19010764978372763,0.07308156202701499,0.6223432646172461,0.9811778367622944,0.19010764978372763
Bridge-Middle_1-10,..\data\processed\wet\Bridge-Middle_1-10_v0.wav,0.7925951162883833,0.5447392762677716,4.746657167690993,0.9601356044054472,0.7925951162883833,0.9078987937796195,0.9437015928202208,0.9601356044054472
Bridge-Middle_1-10,..\data\processed\wet\Bridge-Middle_1-10_v1.wav,0.5214596387214719,0.5863847447949022,3.907895932104975,0.1616714362369619,0.5214596387214719,0.9773079079915037,0.7573102071344389,0.1616714362369619
Bridge-Middle_1-10,..\data\processed\wet\Bridge-Middle_1-10_v2.wav,0.47690010646797,0.4309987052232024,1.613031421185875,0.6406151835488874,0.47690010646797,0.718331175372004,0.24734031581908333,0.6406151835488874
Bridge-Middle_1-10,..\data\processed\wet\Bridge-Middle_1-10_v3.wav,0.6666004790466192,0.09761984628513953,3.042883906037403,0.7716269109786077,0.6666004790466192,0.1626997438085659,0.5650853124527563,0.7716269109786077
Bridge-Middle_1-10,..\data\processed\wet\Bridge-Middle_1-10_v4.wav,0.4988956645359419,0.007261870065664455,0.5406731108568148,0.3570293439700122,0.4988956645359419,0.012103116776107425,0.009038469079292177,0.3570293439700122
Bridge-Middle_1-11,..\data\processed\wet\Bridge-Middle_1-11_v0.wav,0.926194068431782,0.13720606776216526,3.354636599922592,0.22207587069332058,0.926194068431782,0.22867677960360877,0.6343636888716871,0.22207587069332058
Bridge-Middle_1-11,..\data\processed\wet\Bridge-Middle_1-11_v1.wav,0.3216699896595486,0.5088252537608904,3.779876490214761,0.09539927731321063,0.3216699896595486,0.848042089601484,0.7288614422699469,0.09539927731321063
Bridge-Middle_1-11,..\data\processed\wet\Bridge-Middle_1-11_v2.wav,0.4287020209864336,0.01750185818715868,2.6640056597135406,0.6624340117010681,0.4287020209864336,0.029169763645264468,0.48089014660300905,0.6624340117010681
Bridge-Middle_1-11,..\data\processed\wet\Bridge-Middle_1-11_v3.wav,0.11850262359815156,0.17333096334549938,2.2902648147597064,0.9195310246560497,0.11850262359815156,0.28888493890916567,0.397836625502157,0.9195310246560497
Bridge-Middle_1-11,..\data\processed\wet\Bridge-Middle_1-11_v4.wav,0.993255015422964,0.026946779397369513,3.9245356557292643,0.37172406640234323,0.993255015422964,0.044911298995615856,0.761007923495392,0.37172406640234323
Bridge-Middle_1-12,..\data\processed\wet\Bridge-Middle_1-12_v0.wav,0.39245818622948003,0.4525589840082136,4.632918944654339,0.9509285945025484,0.39245818622948003,0.7542649733470227,0.9184264321454086,0.9509285945025484
Bridge-Middle_1-12,..\data\processed\wet\Bridge-Middle_1-12_v1.wav,0.5771225860383208,0.21427269558030168,4.043970886364507,0.25100138326230026,0.5771225860383208,0.3571211593005028,0.7875490858587794,0.25100138326230026
Bridge-Middle_1-12,..\data\processed\wet\Bridge-Middle_1-12_v2.wav,0.5640740288335178,0.21514707691492388,3.4548398316854425,0.2403989128935069,0.5640740288335178,0.35857846152487316,0.6566310737078761,0.2403989128935069
Bridge-Middle_1-12,..\data\processed\wet\Bridge-Middle_1-12_v3.wav,0.19159294573482577,0.5509434520052622,0.958116573272916,0.5059579077349317,0.19159294573482577,0.918239086675437,0.10180368294953689,0.5059579077349317
Bridge-Middle_1-12,..\data\processed\wet\Bridge-Middle_1-12_v4.wav,0.22085278296300892,0.02335797799540047,0.6620846823114188,0.17522177210582734,0.22085278296300892,0.03892996332566745,0.036018818291426405,0.17522177210582734
Bridge-Middle_1-13,..\data\processed\wet\Bridge-Middle_1-13_v0.wav,0.8667703545060003,0.16948724638621598,4.777066267588831,0.5816222929891935,0.8667703545060003,0.28247874397702666,0.9504591705752957,0.5816222929891935
Bridge-Middle_1-13,..\data\processed\wet\Bridge-Middle_1-13_v1.wav,0.4366141897687661,0.34805330080167274,2.825142733518205,0.7587762537573252,0.4366141897687661,0.5800888346694546,0.5166983852262678,0.7587762537573252
Bridge-Middle_1-13,..\data\processed\wet\Bridge-Middle_1-13_v2.wav,0.28249606597285226,0.2118302349601814,4.523424361399628,0.9464565131504055,0.28249606597285226,0.3530503916003024,0.8940943025332506,0.9464565131504055
Bridge-Middle_1-13,..\data\processed\wet\Bridge-Middle_1-13_v3.wav,0.8925582274864745,0.25166879637438816,4.011644763530968,0.4763357333010988,0.8925582274864745,0.41944799395731364,0.7803655030068817,0.4763357333010988
Bridge-Middle_1-13,..\data\processed\wet\Bridge-Middle_1-13_v4.wav,0.4975398521461022,0.12280806543437037,3.160086364663324,0.18613589775334793,0.4975398521461022,0.20468010905728395,0.5911303032585165,0.18613589775334793
Bridge-Middle_1-14,..\data\processed\wet\Bridge-Middle_1-14_v0.wav,0.33156469906719377,0.5130181209719611,1.4318411414488486,0.07115828517343281,0.33156469906719377,0.8550302016199351,0.20707580921085522,0.07115828517343281
Bridge-Middle_1-14,..\data\processed\wet\Bridge-Middle_1-14_v1.wav,0.0690075926128163,0.5644707123018647,2.781141970828256,0.40941207181701833,0.0690075926128163,0.9407845205031079,0.5069204379618346,0.40941207181701833
Bridge-Middle_1-14,..\data\processed\wet\Bridge-Middle_1-14_v2.wav,0.8108785810079184,0.5014955567463096,1.9948596490202206,0.6936180574737952,0.8108785810079184,0.8358259279105161,0.3321910331156046,0.6936180574737952
Bridge-Middle_1-14,..\data\processed\wet\Bridge-Middle_1-14_v3.wav,0.7711228158518866,0.3927904121195727,1.1821778366004472,0.875883083517057,0.7711228158518866,0.6546506868659545,0.15159507480009937,0.875883083517057
Bridge-Middle_1-14,..\data\processed\wet\Bridge-Middle_1-14_v4.wav,0.5390945527360087,0.16948345582200222,2.4135268344696224,0.03757109039890738,0.5390945527360087,0.2824724263700037,0.42522818543769386,0.03757109039890738
Bridge-Middle_1-15,..\data\processed\wet\Bridge-Middle_1-15_v0.wav,0.12786680122241756,0.4593280503095165,0.5000523563991477,0.4165658284822922,0.12786680122241756,0.7655467505158609,1.163475536615345e-05,0.4165658284822922
Bridge-Middle_1-15,..\data\processed\wet\Bridge-Middle_1-15_v1.wav,0.5225101810855884,0.032780652000583374,4.878851733375498,0.22612533124967193,0.5225101810855884,0.054634420000972295,0.973078162972333,0.22612533124967193
Bridge-Middle_1-15,..\data\processed\wet\Bridge-Middle_1-15_v2.wav,0.30419871963628087,0.1823655073530164,1.5368749795280745,0.001473822086311416,0.30419871963628087,0.30394251225502733,0.2304166621173499,0.001473822086311416
Bridge-Middle_1-15,..\data\processed\wet\Bridge-Middle_1-15_v3.wav,0.7293447940879964,0.5801072998795712,1.5093206747827028,0.6630471918034224,0.7293447940879964,0.9668454997992854,0.22429348328504506,0.6630471918034224
Bridge-Middle_1-15,..\data\processed\wet\Bridge-Middle_1-15_v4.wav,0.7418963269587151,0.5090552274543149,2.4018313865612413,0.30293090564042924,0.7418963269587151,0.8484253790905248,0.4226291970136092,0.30293090564042924
Bridge-Middle_1-16,..\data\processed\wet\Bridge-Middle_1-16_v0.wav,0.3252951340230311,0.4275727998591077,4.175507599275362,0.18161396775660266,0.3252951340230311,0.7126213330985128,0.816779466505636,0.18161396775660266
Bridge-Middle_1-16,..\data\processed\wet\Bridge-Middle_1-16_v1.wav,0.3709410081577652,0.54116411804949,4.130120838626326,0.9848584027624758,0.3709410081577652,0.9019401967491502,0.8066935196947392,0.9848584027624758
Bridge-Middle_1-16,..\data\processed\wet\Bridge-Middle_1-16_v2.wav,0.7542482596820808,0.23591712061675335,3.15787025297587,0.6610142542473203,0.7542482596820808,0.39319520102792227,0.5906378339946378,0.6610142542473203
Bridge-Middle_1-16,..\data\processed\wet\Bridge-Middle_1-16_v3.wav,0.07845581631712395,0.32669817546231905,3.691943728126743,0.16732130400106038,0.07845581631712395,0.5444969591038651,0.7093208284726096,0.16732130400106038
Bridge-Middle_1-16,..\data\processed\wet\Bridge-Middle_1-16_v4.wav,0.7806317174255571,0.35026366830846695,4.784998035639176,0.042422298206891695,0.7806317174255571,0.5837727805141116,0.9522217856975946,0.042422298206891695
Bridge-Middle_1-17,..\data\processed\wet\Bridge-Middle_1-17_v0.wav,0.26532613755546697,0.3609323275798944,1.834519604926688,0.7144241640712422,0.26532613755546697,0.6015538792998241,0.2965599122059307,0.7144241640712422
Bridge-Middle_1-17,..\data\processed\wet\Bridge-Middle_1-17_v1.wav,0.759005282521931,0.061509578439884666,2.8123450889304547,0.5088905555910559,0.759005282521931,0.10251596406647445,0.5138544642067677,0.5088905555910559
Bridge-Middle_1-17,..\data\processed\wet\Bridge-Middle_1-17_v2.wav,0.36928077021554107,0.5597549175418033,4.223778439429495,0.6972093819096368,0.36928077021554107,0.9329248625696722,0.8275063198732211,0.6972093819096368
Bridge-Middle_1-17,..\data\processed\wet\Bridge-Middle_1-17_v3.wav,0.7143266357349976,0.27702968628787145,4.644475344934591,0.6945954272532854,0.7143266357349976,0.4617161438131191,0.9209945210965758,0.6945954272532854
Bridge-Middle_1-17,..\data\processed\wet\Bridge-Middle_1-17_v4.wav,0.7289810616558164,0.5170145422724072,1.7333221520398596,0.807070903866703,0.7289810616558164,0.8616909037873454,0.274071589342191,0.807070903866703
Bridge-Middle_1-18,..\data\processed\wet\Bridge-Middle_1-18_v0.wav,0.19524060295649204,0.2072051713469327,2.0102470442142923,0.9785254683891406,0.19524060295649204,0.34534195224488784,0.33561045426984276,0.9785254683891406
Bridge-Middle_1-18,..\data\processed\wet\Bridge-Middle_1-18_v1.wav,0.8565372237479268,0.4207019169541558,3.7717554272692557,0.5620727944025711,0.8565372237479268,0.7011698615902597,0.7270567616153901,0.5620727944025711
Bridge-Middle_1-18,..\data\processed\wet\Bridge-Middle_1-18_v2.wav,0.9470906671085191,0.2977552517294169,2.2123296944145254,0.163035336931591,0.9470906671085191,0.49625875288236154,0.3805177098698945,0.163035336931591
Bridge-Middle_1-18,..\data\processed\wet\Bridge-Middle_1-18_v3.wav,0.786205652261058,0.44066635924535486,2.229597673358607,0.02519341395922936,0.786205652261058,0.7344439320755914,0.38435503852413494,0.02519341395922936
Bridge-Middle_1-18,..\data\processed\wet\Bridge-Middle_1-18_v4.wav,0.8389973277180107,0.006850790072444179,3.6666490083307295,0.970257109726057,0.8389973277180107,0.011417983454073632,0.703699779629051,0.970257109726057
Bridge-Middle_1-19,..\data\processed\wet\Bridge-Middle_1-19_v0.wav,0.43766132814820347,0.14098404299757164,3.671919545195218,0.8171281420155851,0.43766132814820347,0.23497340499595273,0.7048710100433817,0.8171281420155851
Bridge-Middle_1-19,..\data\processed\wet\Bridge-Middle_1-19_v1.wav,0.5464303160778473,0.5802211651536877,0.732509247460825,0.5047955983045281,0.5464303160778473,0.9670352752561462,0.05166872165796112,0.5047955983045281
Bridge-Middle_1-19,..\data\processed\wet\Bridge-Middle_1-19_v2.wav,0.7184539473225501,0.5175842826895074,1.3066502535850553,0.8000034817636814,0.7184539473225501,0.8626404711491791,0.17925561190779005,0.8000034817636814
Bridge-Middle_1-19,..\data\processed\wet\Bridge-Middle_1-19_v3.wav,0.5527070757185453,0.23793220919397792,1.092717628605921,0.8652957589089124,0.5527070757185453,0.3965536819899632,0.13171502857909356,0.8652957589089124
Bridge-Middle_1-19,..\data\processed\wet\Bridge-Middle_1-19_v4.wav,0.15727320817971535,0.18587271552545953,1.805204893830966,0.8714140341908543,0.15727320817971535,0.30978785920909924,0.2900455319624369,0.8714140341908543
Bridge-Middle_1-2,..\data\processed\wet\Bridge-Middle_1-2_v0.wav,0.672702994208898,0.4780088383148234,1.6271055445662455,0.6248740996069989,0.672702994208898,0.7966813971913723,0.250467898792499,0.6248740996069989
Bridge-Middle_1-2,..\data\processed\wet\Bridge-Middle_1-2_v1.wav,0.5717459831437487,0.49969822607296266,4.577391772165672,0.012156771477386807,0.5717459831437487,0.8328303767882711,0.9060870604812605,0.012156771477386807
Bridge-Middle_1-2,..\data\processed\wet\Bridge-Middle_1-2_v2.wav,0.6740199190587927,0.03110147947183741,2.9698639928481017,0.2876327290436782,0.6740199190587927,0.05183579911972902,0.5488586650773559,0.2876327290436782
Bridge-Middle_1-2,..\data\processed\wet\Bridge-Middle_1-2_v3.wav,0.3067765995221412,0.21177510207141395,3.2958160207232456,0.3340499656687692,0.3067765995221412,0.3529585034523566,0.6212924490496101,0.3340499656687692
Bridge-Middle_1-2,..\data\processed\wet\Bridge-Middle_1-2_v4.wav,0.7326990505902804,0.2427164313443218,0.8075894013948137,0.7837598424841072,0.7326990505902804,0.4045273855738697,0.0683532003099586,0.7837598424841072
Bridge-Middle_1-20,..\data\processed\wet\Bridge-Middle_1-20_v0.wav,0.285758324592706,0.25966012775955755,3.5844974744985567,0.332456157148712,0.285758324592706,0.4327668795992626,0.6854438832219015,0.332456157148712
Bridge-Middle_1-20,..\data\processed\wet\Bridge-Middle_1-20_v1.wav,0.056585656146715624,0.22435262820768814,4.750018622124365,0.6417343972985582,0.056585656146715624,0.3739210470128136,0.9444485826943034,0.6417343972985582
Bridge-Middle_1-20,..\data\processed\wet\Bridge-Middle_1-20_v2.wav,0.6714791486672069,0.3793692921825839,1.3954646253174656,0.41833386410228013,0.6714791486672069,0.6322821536376398,0.1989921389594368,0.41833386410228013
Bridge-Middle_1-20,..\data\processed\wet\Bridge-Middle_1-20_v3.wav,0.7509397983633183,0.06082373853189549,1.7503374924037052,0.2763191084658536,0.7509397983633183,0.10137289755315915,0.27785277608971226,0.2763191084658536
Bridge-Middle_1-20,..\data\processed\wet\Bridge-Middle_1-20_v4.wav,0.432018927594506,0.588221244565311,0.8037614600771987,0.518700994380595,0.432018927594506,0.9803687409421851,0.06750254668382194,0.518700994380595
Bridge-Middle_1-21,..\data\processed\wet\Bridge-Middle_1-21_v0.wav,0.17936468201221045,0.5824059272458465,1.009865771273589,0.40360100236159124,0.17936468201221045,0.9706765454097442,0.11330350472746423,0.40360100236159124
Bridge-Middle_1-21,..\data\processed\wet\Bridge-Middle_1-21_v1.wav,0.7378849848346062,0.42273265681646716,2.4022788660226952,0.34652416795271823,0.7378849848346062,0.7045544280274453,0.42272863689393225,0.34652416795271823
Bridge-Middle_1-21,..\data\processed\wet\Bridge-Middle_1-21_v2.wav,0.39761237855287057,0.15856575789518357,1.423998224180599,0.48303969755889,0.39761237855287057,0.2642762631586393,0.2053329387067998,0.48303969755889
Bridge-Middle_1-21,..\data\processed\wet\Bridge-Middle_1-21_v3.wav,0.2685337560676073,0.17247699893835006,3.4554022856355067,0.9685373316998922,0.2685337560676073,0.2874616648972501,0.6567560634745571,0.9685373316998922
Bridge-Middle_1-21,..\data\processed\wet\Bridge-Middle_1-21_v4.wav,0.6036372005593751,0.04618768023897977,0.8401262623433015,0.951423220845566,0.6036372005593751,0.07697946706496628,0.07558361385406699,0.951423220845566
Bridge-Middle_1-22,..\data\processed\wet\Bridge-Middle_1-22_v0.wav,0.29729079030733363,0.05524019164948526,3.195700642176717,0.6236487782902661,0.29729079030733363,0.09206698608247543,0.5990445871503816,0.6236487782902661
Bridge-Middle_1-22,..\data\processed\wet\Bridge-Middle_1-22_v1.wav,0.6485048201186882,0.16044121671452477,0.5679980789651377,0.9650153694544719,0.6485048201186882,0.2674020278575413,0.015110684214475034,0.9650153694544719
Bridge-Middle_1-22,..\data\processed\wet\Bridge-Middle_1-22_v2.wav,0.2508930456911025,0.4056157728315285,3.6798344144541932,0.6100074170794857,0.2508930456911025,0.6760262880525475,0.7066298698787096,0.6100074170794857
Bridge-Middle_1-22,..\data\processed\wet\Bridge-Middle_1-22_v3.wav,0.3129073942136482,0.16265775225843945,3.189507272162164,0.8660956336116915,0.3129073942136482,0.27109625376406576,0.5976682827027031,0.8660956336116915
Bridge-Middle_1-22,..\data\processed\wet\Bridge-Middle_1-22_v4.wav,0.9467337289233956,0.06354348264225458,1.1967287566897393,0.9447362587830797,0.9467337289233956,0.10590580440375764,0.15482861259771985,0.9447362587830797
Bridge-Middle_1-3,..\data\processed\wet\Bridge-Middle_1-3_v0.wav,0.7365352283347926,0.5297962948978638,1.4118468536090443,0.5875858711094019,0.7365352283347926,0.8829938248297731,0.20263263413534316,0.5875858711094019
Bridge-Middle_1-3,..\data\processed\wet\Bridge-Middle_1-3_v1.wav,0.7011395944174736,0.40806713126818356,2.3366826089001416,0.015394891691308477,0.7011395944174736,0.6801118854469727,0.4081516908666981,0.015394891691308477
Bridge-Middle_1-3,..\data\processed\wet\Bridge-Middle_1-3_v2.wav,0.5829260568042631,0.15186092350776526,2.5261441076430065,0.9575810150838173,0.5829260568042631,0.25310153917960876,0.45025424614289034,0.9575810150838173
Bridge-Middle_1-3,..\data\processed\wet\Bridge-Middle_1-3_v3.wav,0.3990353176424347,0.503880963998656,1.3484327258716302,0.6724604980250288,0.3990353176424347,0.8398016066644267,0.18854060574925116,0.6724604980250288
Bridge-Middle_1-3,..\data\processed\wet\Bridge-Middle_1-3_v4.wav,0.9770069544389435,0.061135860523762076,0.537439740022364,0.43358279263261434,0.9770069544389435,0.10189310087293679,0.008319942227192012,0.43358279263261434
Bridge-Middle_1-4,..\data\processed\wet\Bridge-Middle_1-4_v0.wav,0.0926254830513672,0.4490306098057388,4.615468987318515,0.43402097270875883,0.0926254830513672,0.7483843496762314,0.9145486638485588,0.43402097270875883
Bridge-Middle_1-4,..\data\processed\wet\Bridge-Middle_1-4_v1.wav,0.25871164215544096,0.2606419914039659,3.7555151803250046,0.009054161580370979,0.25871164215544096,0.43440331900660983,0.723447817850001,0.009054161580370979
Bridge-Middle_1-4,..\data\processed\wet\Bridge-Middle_1-4_v2.wav,0.5894539894846972,0.3679750109324274,3.36959711103171,0.2420220799808772,0.5894539894846972,0.6132916848873791,0.6376882468959355,0.2420220799808772
Bridge-Middle_1-4,..\data\processed\wet\Bridge-Middle_1-4_v3.wav,0.7140527233781268,0.054834891799065845,1.3967165141006037,0.8774700466544819,0.7140527233781268,0.0913914863317764,0.1992703364668008,0.8774700466544819
Bridge-Middle_1-4,..\data\processed\wet\Bridge-Middle_1-4_v4.wav,0.7387231507265664,0.00824733240680715,1.617693171664101,0.21440648299316456,0.7387231507265664,0.013745554011345251,0.2483762603698002,0.21440648299316456
Bridge-Middle_1-5,..\data\processed\wet\Bridge-Middle_1-5_v0.wav,0.2708063280369726,0.14853586216793183,0.7813683308428059,0.45894051659682034,0.2708063280369726,0.24755977027988638,0.06252629574284575,0.45894051659682034
Bridge-Middle_1-5,..\data\processed\wet\Bridge-Middle_1-5_v1.wav,0.7327334747861651,0.36403903483046185,3.527922508691359,0.08114917853623915,0.7327334747861651,0.6067317247174364,0.6728716685980798,0.08114917853623915
Bridge-Middle_1-5,..\data\processed\wet\Bridge-Middle_1-5_v2.wav,0.9514907101767872,0.5030951003058148,4.122906433230482,0.8229838050417675,0.9514907101767872,0.8384918338430247,0.8050903184956627,0.8229838050417675
Bridge-Middle_1-5,..\data\processed\wet\Bridge-Middle_1-5_v3.wav,0.9327105081327614,0.3265523796682186,1.4012690804043166,0.6167836078525412,0.9327105081327614,0.5442539661136977,0.20028201786762592,0.6167836078525412
Bridge-Middle_1-5,..\data\processed\wet\Bridge-Middle_1-5_v4.wav,0.742881493667939,0.4427504360124152,2.8465206087509607,0.06845871933357806,0.742881493667939,0.7379173933540254,0.5214490241668801,0.06845871933357806
Bridge-Middle_1-6,..\data\processed\wet\Bridge-Middle_1-6_v0.wav,0.3711129384301278,0.5524599650780144,3.130020093908417,0.5383319432557134,0.3711129384301278,0.9207666084633574,0.584448909757426,0.5383319432557134
Bridge-Middle_1-6,..\data\processed\wet\Bridge-Middle_1-6_v1.wav,0.2688535143821935,0.22106935194994734,4.529057401189261,0.6664630475268357,0.2688535143821935,0.3684489199165789,0.8953460891531692,0.6664630475268357
Bridge-Middle_1-6,..\data\processed\wet\Bridge-Middle_1-6_v2.wav,0.7873870267523329,0.2726072538405931,3.3361124875527106,0.24838360874320753,0.7873870267523329,0.4543454230676552,0.6302472194561579,0.24838360874320753
Bridge-Middle_1-6,..\data\processed\wet\Bridge-Middle_1-6_v3.wav,0.7054608302834863,0.2565608002220024,2.491454816666355,0.6493223245768817,0.7054608302834863,0.42760133370333736,0.4425455148147456,0.6493223245768817
Bridge-Middle_1-6,..\data\processed\wet\Bridge-Middle_1-6_v4.wav,0.9362806214689267,0.03840380796517255,4.211344568061534,0.2923831104121931,0.9362806214689267,0.06400634660862092,0.8247432373470076,0.2923831104121931
Bridge-Middle_1-7,..\data\processed\wet\Bridge-Middle_1-7_v0.wav,0.4439194545063778,0.013147997265005373,1.8547073502544087,0.5026312426301305,0.4439194545063778,0.021913328775008956,0.30104607783431303,0.5026312426301305
Bridge-Middle_1-7,..\data\processed\wet\Bridge-Middle_1-7_v1.wav,0.05617607734743901,0.2946574376298991,4.671997829862923,0.10539321810780522,0.05617607734743901,0.4910957293831652,0.9271106288584272,0.10539321810780522
Bridge-Middle_1-7,..\data\processed\wet\Bridge-Middle_1-7_v2.wav,0.7644407280755043,0.24580263202559557,3.448281715359521,0.26023659798522936,0.7644407280755043,0.40967105337599263,0.655173714524338,0.26023659798522936
Bridge-Middle_1-7,..\data\processed\wet\Bridge-Middle_1-7_v3.wav,0.1594922625413583,0.09627756856273585,0.817213755394151,0.18564670490124302,0.1594922625413583,0.16046261427122643,0.07049194564314466,0.18564670490124302
Bridge-Middle_1-7,..\data\processed\wet\Bridge-Middle_1-7_v4.wav,0.6642193849889683,0.5290143671061048,4.163565585160228,0.6851343098744841,0.6642193849889683,0.881690611843508,0.8141256855911618,0.6851343098744841
Bridge-Middle_1-8,..\data\processed\wet\Bridge-Middle_1-8_v0.wav,0.11043186341110267,0.1735124677775699,1.8941309389511103,0.24995694639762123,0.11043186341110267,0.28918744629594983,0.309806875322469,0.24995694639762123
Bridge-Middle_1-8,..\data\processed\wet\Bridge-Middle_1-8_v1.wav,0.5150056597097231,0.3213322889278035,2.105986888269996,0.353789158736436,0.5150056597097231,0.5355538148796726,0.3568859751711102,0.353789158736436
Bridge-Middle_1-8,..\data\processed\wet\Bridge-Middle_1-8_v2.wav,0.8285555979060814,0.47357570899181134,1.8850812425633554,0.9137884438732593,0.8285555979060814,0.7892928483196856,0.30779583168074565,0.9137884438732593
Bridge-Middle_1-8,..\data\processed\wet\Bridge-Middle_1-8_v3.wav,0.952815017002506,0.19604552521802449,2.0949122695687468,0.5056341534219588,0.952815017002506,0.32674254203004083,0.35442494879305486,0.5056341534219588
Bridge-Middle_1-8,..\data\processed\wet\Bridge-Middle_1-8_v4.wav,0.9411208125336735,0.5257916598853869,0.9615558316261541,0.3927307432714162,0.9411208125336735,0.8763194331423115,0.1025679625835898,0.3927307432714162
Bridge-Middle_1-9,..\data\processed\wet\Bridge-Middle_1-9_v0.wav,0.5533711897497718,0.30187948353092403,1.3723838057160171,0.8588167711681547,0.5533711897497718,0.50313247255154,0.1938630679368927,0.8588167711681547
Bridge-Middle_1-9,..\data\processed\wet\Bridge-Middle_1-9_v1.wav,0.6769407829968374,0.5027450249110821,4.364439257072625,0.7483558536657398,0.6769407829968374,0.8379083748518035,0.8587642793494723,0.7483558536657398
Bridge-Middle_1-9,..\data\processed\wet\Bridge-Middle_1-9_v2.wav,0.43921060124971734,0.3663280530092547,1.2216443275388442,0.6736454174749077,0.43921060124971734,0.6105467550154245,0.16036540611974315,0.6736454174749077
Bridge-Middle_1-9,..\data\processed\wet\Bridge-Middle_1-9_v3.wav,0.17925325573928075,0.4163697543060941,1.533191723392859,0.11755130015021997,0.17925325573928075,0.6939495905101568,0.22959816075396866,0.11755130015021997
Bridge-Middle_1-9,..\data\processed\wet\Bridge-Middle_1-9_v4.wav,0.16528449014295743,0.0011952811314421606,3.734328280340886,0.7324010490583791,0.16528449014295743,0.001992135219070268,0.7187396178535302,0.7324010490583791
Bridge-Middle_2-0,..\data\processed\wet\Bridge-Middle_2-0_v0.wav,0.5149333499132595,0.09681768063323022,0.8759945187981039,0.01912896643728701,0.5149333499132595,0.1613628010553837,0.08355433751068975,0.01912896643728701
Bridge-Middle_2-0,..\data\processed\wet\Bridge-Middle_2-0_v1.wav,0.1657481769652207,0.534513320989888,1.586915787657568,0.35427132721721566,0.1657481769652207,0.8908555349831467,0.24153684170168177,0.35427132721721566
Bridge-Middle_2-0,..\data\processed\wet\Bridge-Middle_2-0_v2.wav,0.10534548448133318,0.13341678284890215,2.836510568510923,0.6077526830956526,0.10534548448133318,0.22236130474817026,0.5192245707802051,0.6077526830956526
Bridge-Middle_2-0,..\data\processed\wet\Bridge-Middle_2-0_v3.wav,0.24535231416621106,0.03463929553507032,2.259647911073294,0.23420337092633414,0.24535231416621106,0.05773215922511721,0.39103286912739865,0.23420337092633414
Bridge-Middle_2-0,..\data\processed\wet\Bridge-Middle_2-0_v4.wav,0.21955392322980194,0.5759176816280731,3.2733521866657584,0.5568784431720959,0.21955392322980194,0.9598628027134553,0.6163004859257241,0.5568784431720959
Bridge-Middle_2-1,..\data\processed\wet\Bridge-Middle_2-1_v0.wav,0.4157751035233219,0.25736660005808654,2.9340725172713635,0.6964298070361072,0.4157751035233219,0.42894433343014426,0.5409050038380808,0.6964298070361072
Bridge-Middle_2-1,..\data\processed\wet\Bridge-Middle_2-1_v1.wav,0.7021460961818294,0.10301634462326974,2.7505073843448216,0.41195809503410197,0.7021460961818294,0.17169390770544957,0.500112752076627,0.41195809503410197
Bridge-Middle_2-1,..\data\processed\wet\Bridge-Middle_2-1_v2.wav,0.8705269662693842,0.3788513527310258,2.896268298871918,0.11539464217891737,0.8705269662693842,0.6314189212183764,0.5325040664159818,0.11539464217891737
Bridge-Middle_2-1,..\data\processed\wet\Bridge-Middle_2-1_v3.wav,0.6056378893234114,0.07032234340814005,2.017429590045884,0.14284196481433187,0.6056378893234114,0.11720390568023341,0.337206575565752,0.14284196481433187
Bridge-Middle_2-1,..\data\processed\wet\Bridge-Middle_2-1_v4.wav,0.6920736470243689,0.12375126830169156,2.263367179346117,0.8956747776187787,0.6920736470243689,0.2062521138361526,0.39185937318802605,0.8956747776187787
Bridge-Middle_2-10,..\data\processed\wet\Bridge-Middle_2-10_v0.wav,0.2043163833989703,0.30468303837526745,2.3867224752470992,0.018124041045729733,0.2043163833989703,0.5078050639587791,0.41927166116602205,0.018124041045729733
Bridge-Middle_2-10,..\data\processed\wet\Bridge-Middle_2-10_v1.wav,0.7927581135728128,0.04142754378875983,2.6341475943962913,0.5606782949389499,0.7927581135728128,0.06904590631459973,0.4742550209769536,0.5606782949389499
Bridge-Middle_2-10,..\data\processed\wet\Bridge-Middle_2-10_v2.wav,0.6284264566145871,0.4131789775847253,1.6397257258522178,0.009978776658449373,0.6284264566145871,0.6886316293078756,0.2532723835227151,0.009978776658449373
Bridge-Middle_2-10,..\data\processed\wet\Bridge-Middle_2-10_v3.wav,0.723443662354912,0.32139395960854716,4.26252966443262,0.8213883629006943,0.723443662354912,0.5356565993475786,0.8361177032072489,0.8213883629006943
Bridge-Middle_2-10,..\data\processed\wet\Bridge-Middle_2-10_v4.wav,0.8433261677878832,0.2910567959877241,2.0013277812658954,0.79155820259137,0.8433261677878832,0.4850946599795402,0.33362839583686565,0.79155820259137
Bridge-Middle_2-11,..\data\processed\wet\Bridge-Middle_2-11_v0.wav,0.45129411302925493,0.11006531784206071,4.347383088026635,0.8825598767723473,0.45129411302925493,0.1834421964034345,0.8549740195614743,0.8825598767723473
Bridge-Middle_2-11,..\data\processed\wet\Bridge-Middle_2-11_v1.wav,0.4663097561401701,0.04541983638587248,2.2452174046261906,0.8035376594626034,0.4663097561401701,0.07569972730978747,0.38782608991693124,0.8035376594626034
Bridge-Middle_2-11,..\data\processed\wet\Bridge-Middle_2-11_v2.wav,0.9017740285462287,0.12208364549855749,0.8013812541137219,0.8773504531328387,0.9017740285462287,0.20347274249759584,0.06697361202527152,0.8773504531328387
Bridge-Middle_2-11,..\data\processed\wet\Bridge-Middle_2-11_v3.wav,0.3894049389788753,0.32505657856053793,4.856296154228415,0.06656472791422285,0.3894049389788753,0.5417609642675633,0.9680658120507589,0.06656472791422285
Bridge-Middle_2-11,..\data\processed\wet\Bridge-Middle_2-11_v4.wav,0.6483180074520956,0.04446325354492024,2.189610178099252,0.8038145451934468,0.6483180074520956,0.07410542257486707,0.37546892846650043,0.8038145451934468
Bridge-Middle_2-12,..\data\processed\wet\Bridge-Middle_2-12_v0.wav,0.4334722327556344,0.5983094123417703,3.0157667822597096,0.3211621526359535,0.4334722327556344,0.9971823539029505,0.5590592849466022,0.3211621526359535
Bridge-Middle_2-12,..\data\processed\wet\Bridge-Middle_2-12_v1.wav,0.22011132590475313,0.21031232057169708,2.1763997319179786,0.06871367772396098,0.22011132590475313,0.3505205342861618,0.3725332737595508,0.06871367772396098
Bridge-Middle_2-12,..\data\processed\wet\Bridge-Middle_2-12_v2.wav,0.36957419942677316,0.2785431118435349,3.752319885074621,0.656729484721608,0.36957419942677316,0.46423851973922486,0.7227377522388047,0.656729484721608
Bridge-Middle_2-12,..\data\processed\wet\Bridge-Middle_2-12_v3.wav,0.7087656552291542,0.005018209126114259,1.4795032981124123,0.6616842883998565,0.7087656552291542,0.008363681876857099,0.21766739958053608,0.6616842883998565
Bridge-Middle_2-12,..\data\processed\wet\Bridge-Middle_2-12_v4.wav,0.48398936817974714,0.0031880854010075677,4.120225890943201,0.7728095732903374,0.48398936817974714,0.005313475668345946,0.8044946424318223,0.7728095732903374
Bridge-Middle_2-13,..\data\processed\wet\Bridge-Middle_2-13_v0.wav,0.5484191629935626,0.03987799546576327,3.9493177228966307,0.583713587731364,0.5484191629935626,0.06646332577627212,0.7665150495325846,0.583713587731364
Bridge-Middle_2-13,..\data\processed\wet\Bridge-Middle_2-13_v1.wav,0.7819599771579592,0.45104819543750424,4.113509323810267,0.5180080664046248,0.7819599771579592,0.7517469923958404,0.8030020719578371,0.5180080664046248
Bridge-Middle_2-13,..\data\processed\wet\Bridge-Middle_2-13_v2.wav,0.140324518193515,0.4026944840278132,3.2921320327338677,0.7422531871990872,0.140324518193515,0.6711574733796887,0.6204737850519706,0.7422531871990872
Bridge-Middle_2-13,..\data\processed\wet\Bridge-Middle_2-13_v3.wav,0.1698810060507353,0.11698511994017352,4.506842827486978,0.7499777984520708,0.1698810060507353,0.19497519990028922,0.8904095172193285,0.7499777984520708
Bridge-Middle_2-13,..\data\processed\wet\Bridge-Middle_2-13_v4.wav,0.9082284887003229,0.4552291926983524,3.1871988769563586,0.6541327370278737,0.9082284887003229,0.7587153211639207,0.5971553059903019,0.6541327370278737
Bridge-Middle_2-14,..\data\processed\wet\Bridge-Middle_2-14_v0.wav,0.88912792394001,0.3472840527071643,3.3457609594777433,0.15647671600360058,0.88912792394001,0.5788067545119405,0.6323913243283874,0.15647671600360058
Bridge-Middle_2-14,..\data\processed\wet\Bridge-Middle_2-14_v1.wav,0.4739212201161027,0.42983826717485935,1.7192421424236444,0.20225418052453492,0.4739212201161027,0.716397111958099,0.2709426983163654,0.20225418052453492
Bridge-Middle_2-14,..\data\processed\wet\Bridge-Middle_2-14_v2.wav,0.31382680822441555,0.14490037679570006,1.4671068666637814,0.42485084286808694,0.31382680822441555,0.24150062799283345,0.21491263703639588,0.42485084286808694
Bridge-Middle_2-14,..\data\processed\wet\Bridge-Middle_2-14_v3.wav,0.9078385138835341,0.304235788043231,1.3456417136689536,0.07697166938087407,0.9078385138835341,0.5070596467387183,0.18792038081532303,0.07697166938087407
Bridge-Middle_2-14,..\data\processed\wet\Bridge-Middle_2-14_v4.wav,0.6961561451379252,0.2296792586618327,4.198239259634117,0.6595107686407702,0.6961561451379252,0.38279876443638783,0.8218309465853593,0.6595107686407702
Bridge-Middle_2-15,..\data\processed\wet\Bridge-Middle_2-15_v0.wav,0.7962414505413685,0.16316762365106924,3.6156151510747616,0.2640619846937188,0.7962414505413685,0.27194603941844875,0.6923589224610581,0.2640619846937188
Bridge-Middle_2-15,..\data\processed\wet\Bridge-Middle_2-15_v1.wav,0.9390684794502916,0.38182456892002464,1.9603031007890395,0.26951186229227264,0.9390684794502916,0.6363742815333744,0.3245118001753421,0.26951186229227264
Bridge-Middle_2-15,..\data\processed\wet\Bridge-Middle_2-15_v2.wav,0.1909265850716435,0.41678457533623664,1.484220258490673,0.5953032659274891,0.1909265850716435,0.6946409588937278,0.21871561299792733,0.5953032659274891
Bridge-Middle_2-15,..\data\processed\wet\Bridge-Middle_2-15_v3.wav,0.26463502692535734,0.39718136687632116,4.167228778432426,0.7780252431446532,0.26463502692535734,0.6619689447938686,0.8149397285405391,0.7780252431446532
Bridge-Middle_2-15,..\data\processed\wet\Bridge-Middle_2-15_v4.wav,0.7608513309307817,0.11263344341535124,0.8977322614303342,0.6989488284873856,0.7608513309307817,0.18772240569225207,0.08838494698451872,0.6989488284873856
Bridge-Middle_2-16,..\data\processed\wet\Bridge-Middle_2-16_v0.wav,0.3683472137943513,0.2594077358420084,0.6401709175702598,0.2595764492750492,0.3683472137943513,0.4323462264033473,0.031149092793391064,0.2595764492750492
Bridge-Middle_2-16,..\data\processed\wet\Bridge-Middle_2-16_v1.wav,0.03367640387446402,0.5275114635607485,1.595285074483387,0.557337169573008,0.03367640387446402,0.8791857726012475,0.24339668321853047,0.557337169573008
Bridge-Middle_2-16,..\data\processed\wet\Bridge-Middle_2-16_v2.wav,0.03897932066113041,0.4001084347833948,1.9536230558934224,0.8979191869576658,0.03897932066113041,0.6668473913056581,0.32302734575409386,0.8979191869576658
Bridge-Middle_2-16,..\data\processed\wet\Bridge-Middle_2-16_v3.wav,0.8881181889340358,0.19517437101704865,4.5543240306071056,0.9961576734987788,0.8881181889340358,0.3252906183617478,0.9009608956904679,0.9961576734987788
Bridge-Middle_2-16,..\data\processed\wet\Bridge-Middle_2-16_v4.wav,0.8254156641239481,0.5069228086531373,1.6205393124909047,0.5767023988577563,0.8254156641239481,0.8448713477552289,0.2490087361090899,0.5767023988577563
Bridge-Middle_2-17,..\data\processed\wet\Bridge-Middle_2-17_v0.wav,0.06725591396736785,0.056950762093001824,4.995016754149808,0.32663924942591094,0.06725591396736785,0.09491793682166971,0.9988926120332907,0.32663924942591094
Bridge-Middle_2-17,..\data\processed\wet\Bridge-Middle_2-17_v1.wav,0.7481839120488464,0.48399903181608983,4.361104719532531,0.9976282974021565,0.7481839120488464,0.8066650530268165,0.8580232710072292,0.9976282974021565
Bridge-Middle_2-17,..\data\processed\wet\Bridge-Middle_2-17_v2.wav,0.24149648525686784,0.024210496115819824,2.350361830975637,0.13008066982894695,0.24149648525686784,0.04035082685969971,0.41119151799458603,0.13008066982894695
Bridge-Middle_2-17,..\data\processed\wet\Bridge-Middle_2-17_v3.wav,0.022425889162055124,0.21625609628489165,4.026822129838564,0.5661806912250709,0.022425889162055124,0.3604268271414861,0.7837382510752364,0.5661806912250709
Bridge-Middle_2-17,..\data\processed\wet\Bridge-Middle_2-17_v4.wav,0.31277798921035405,0.3926052032956318,1.5440818113896482,0.014381446072085025,0.31277798921035405,0.6543420054927197,0.23201818030881072,0.014381446072085025
Bridge-Middle_2-18,..\data\processed\wet\Bridge-Middle_2-18_v0.wav,0.7643533864364274,0.37424585091840545,3.93036181025432,0.03893801668766561,0.7643533864364274,0.6237430848640091,0.76230262450096,0.03893801668766561
Bridge-Middle_2-18,..\data\processed\wet\Bridge-Middle_2-18_v1.wav,0.8371196278306522,0.371715720021782,3.0352790782068806,0.6246140481145316,0.8371196278306522,0.6195262000363033,0.5633953507126401,0.6246140481145316
Bridge-Middle_2-18,..\data\processed\wet\Bridge-Middle_2-18_v2.wav,0.8644332468683641,0.35216190393534424,3.114276709496807,0.9906791570657658,0.8644332468683641,0.5869365065589071,0.5809503798881793,0.9906791570657658
Bridge-Middle_2-18,..\data\processed\wet\Bridge-Middle_2-18_v3.wav,0.756730167068568,0.26537628327068113,3.6832865001481747,0.3892304716917885,0.756730167068568,0.4422938054511352,0.7073970000329277,0.3892304716917885
Bridge-Middle_2-18,..\data\processed\wet\Bridge-Middle_2-18_v4.wav,0.228875462483499,0.35811112613265567,4.676819441512782,0.9291395200154627,0.228875462483499,0.5968518768877594,0.9281820981139516,0.9291395200154627
Bridge-Middle_2-19,..\data\processed\wet\Bridge-Middle_2-19_v0.wav,0.3419052781054903,0.316606479733017,1.4523615435643755,0.9956311094988834,0.3419052781054903,0.527677466221695,0.21163589856986123,0.9956311094988834
Bridge-Middle_2-19,..\data\processed\wet\Bridge-Middle_2-19_v1.wav,0.9811179078679357,0.3897053578244684,4.11986326854863,0.7151001612837,0.9811179078679357,0.6495089297074473,0.8044140596774734,0.7151001612837
Bridge-Middle_2-19,..\data\processed\wet\Bridge-Middle_2-19_v2.wav,0.5931582190394682,0.032008798193338614,2.5464395414869747,0.6747863021674105,0.5931582190394682,0.053347996988897695,0.45476434255266107,0.6747863021674105
Bridge-Middle_2-19,..\data\processed\wet\Bridge-Middle_2-19_v3.wav,0.6775316138836847,0.22387357105343014,4.737613939961138,0.167357032236781,0.6775316138836847,0.3731226184223836,0.9416919866580307,0.167357032236781
Bridge-Middle_2-19,..\data\processed\wet\Bridge-Middle_2-19_v4.wav,0.5003594462155606,0.4145303859304937,3.6371111265131417,0.6486389567688156,0.5003594462155606,0.6908839765508228,0.6971358058918092,0.6486389567688156
Bridge-Middle_2-2,..\data\processed\wet\Bridge-Middle_2-2_v0.wav,0.27528821345186016,0.09372394121197318,3.361731470720199,0.5993021161394377,0.27528821345186016,0.15620656868662197,0.6359403268267109,0.5993021161394377
Bridge-Middle_2-2,..\data\processed\wet\Bridge-Middle_2-2_v1.wav,0.17935601028924097,0.42308348734233797,2.5482739628014537,0.6677605916031529,0.17935601028924097,0.7051391455705633,0.45517199173365636,0.6677605916031529
Bridge-Middle_2-2,..\data\processed\wet\Bridge-Middle_2-2_v2.wav,0.8373670797701507,0.10183705714615389,0.586151905985765,0.7791025863957868,0.8373670797701507,0.16972842857692316,0.01914486799683668,0.7791025863957868
Bridge-Middle_2-2,..\data\processed\wet\Bridge-Middle_2-2_v3.wav,0.6096974251526159,0.419783741773273,4.271697387448891,0.8028109348245005,0.6096974251526159,0.6996395696221217,0.8381549749886426,0.8028109348245005
Bridge-Middle_2-2,..\data\processed\wet\Bridge-Middle_2-2_v4.wav,0.9609201469288247,0.32156104731127094,2.698230346969574,0.4018871998907301,0.9609201469288247,0.5359350788521182,0.48849563265990537,0.4018871998907301
Bridge-Middle_2-20,..\data\processed\wet\Bridge-Middle_2-20_v0.wav,0.15369104284420454,0.34356433972921346,1.7465563594669045,0.9213075122129755,0.15369104284420454,0.5726072328820224,0.2770125243259788,0.9213075122129755
Bridge-Middle_2-20,..\data\processed\wet\Bridge-Middle_2-20_v1.wav,0.5831908042770976,0.3557041083048661,2.0971609739465453,0.05198935197770749,0.5831908042770976,0.5928401805081102,0.3549246608770101,0.05198935197770749
Bridge-Middle_2-20,..\data\processed\wet\Bridge-Middle_2-20_v2.wav,0.03174376537298862,0.2540010864919185,0.8805442014375704,0.6068469555401391,0.03174376537298862,0.4233351441531975,0.08456537809723787,0.6068469555401391
Bridge-Middle_2-20,..\data\processed\wet\Bridge-Middle_2-20_v3.wav,0.8809730056396574,0.5297488899112333,3.4657043455950456,0.211231831472931,0.8809730056396574,0.8829148165187222,0.6590454101322324,0.211231831472931
Bridge-Middle_2-20,..\data\processed\wet\Bridge-Middle_2-20_v4.wav,0.8629968313588721,0.5316560611879249,1.384941132288314,0.7374260857706773,0.8629968313588721,0.8860934353132082,0.19665358495295868,0.7374260857706773
Bridge-Middle_2-21,..\data\processed\wet\Bridge-Middle_2-21_v0.wav,0.28651954892712295,0.4815841874117578,4.987570549566212,0.030026005329392813,0.28651954892712295,0.8026403123529297,0.9972378999036027,0.030026005329392813
Bridge-Middle_2-21,..\data\processed\wet\Bridge-Middle_2-21_v1.wav,0.8973658657909319,0.37357832015919484,4.8802217862416954,0.4650095175264276,0.8973658657909319,0.622630533598658,0.9733826191648212,0.4650095175264276
Bridge-Middle_2-21,..\data\processed\wet\Bridge-Middle_2-21_v2.wav,0.8473879305713737,0.037436441158966334,2.008755725352331,0.06701653775120997,0.8473879305713737,0.06239406859827722,0.3352790500782958,0.06701653775120997
Bridge-Middle_2-21,..\data\processed\wet\Bridge-Middle_2-21_v3.wav,0.9753431334790705,0.490184344363102,4.336463395606867,0.9379652314338942,0.9753431334790705,0.8169739072718367,0.8525474212459705,0.9379652314338942
Bridge-Middle_2-21,..\data\processed\wet\Bridge-Middle_2-21_v4.wav,0.08510348611978535,0.231358555508,0.8196570006980095,0.21079310155002862,0.08510348611978535,0.38559759251333336,0.07103488904400211,0.21079310155002862
Bridge-Middle_2-22,..\data\processed\wet\Bridge-Middle_2-22_v0.wav,0.22936577703767236,0.2814643266285472,1.7085297535413917,0.10097810681776109,0.22936577703767236,0.4691072110475787,0.2685621674536426,0.10097810681776109
Bridge-Middle_2-22,..\data\processed\wet\Bridge-Middle_2-22_v1.wav,0.1674910890941077,0.08836533813125455,4.8788455906053425,0.7592925069184736,0.1674910890941077,0.14727556355209093,0.9730767979122983,0.7592925069184736
Bridge-Middle_2-22,..\data\processed\wet\Bridge-Middle_2-22_v2.wav,0.967761465269562,0.2638442919047451,1.7526581674819548,0.7982931972091867,0.967761465269562,0.43974048650790853,0.2783684816626566,0.7982931972091867
Bridge-Middle_2-22,..\data\processed\wet\Bridge-Middle_2-22_v3.wav,0.3262539180411468,0.17963002422320898,1.5462769649352404,0.12967897822423535,0.3262539180411468,0.2993833737053483,0.2325059922078312,0.12967897822423535
Bridge-Middle_2-22,..\data\processed\wet\Bridge-Middle_2-22_v4.wav,0.25646306101676597,0.2131918490843326,3.532973936655787,0.06256484221945158,0.25646306101676597,0.3553197484738877,0.6739942081457304,0.06256484221945158
Bridge-Middle_2-3,..\data\processed\wet\Bridge-Middle_2-3_v0.wav,0.21050693966534295,0.4854141841750058,1.1611486561269684,0.34264514652252154,0.21050693966534295,0.8090236402916764,0.14692192358377076,0.34264514652252154
Bridge-Middle_2-3,..\data\processed\wet\Bridge-Middle_2-3_v1.wav,0.8646589218581401,0.09295518668606559,0.8723157602818545,0.48453799508001083,0.8646589218581401,0.15492531114344266,0.0827368356181899,0.48453799508001083
Bridge-Middle_2-3,..\data\processed\wet\Bridge-Middle_2-3_v2.wav,0.3024195112785364,0.33804501869031245,4.117122007175638,0.13714848815274316,0.3024195112785364,0.5634083644838541,0.8038048904834751,0.13714848815274316
Bridge-Middle_2-3,..\data\processed\wet\Bridge-Middle_2-3_v3.wav,0.580699084554285,0.30330525623391835,1.1483545370593982,0.6239984855289824,0.580699084554285,0.5055087603898639,0.1440787860131996,0.6239984855289824
Bridge-Middle_2-3,..\data\processed\wet\Bridge-Middle_2-3_v4.wav,0.27364041786077165,0.2927005911264075,0.8702254592467784,0.45958405721362305,0.27364041786077165,0.48783431854401255,0.08227232427706187,0.45958405721362305
Bridge-Middle_2-4,..\data\processed\wet\Bridge-Middle_2-4_v0.wav,0.3064634680428203,0.4934287267112126,0.7564042714881573,0.41860727491832994,0.3064634680428203,0.8223812111853543,0.05697872699736828,0.41860727491832994
Bridge-Middle_2-4,..\data\processed\wet\Bridge-Middle_2-4_v1.wav,0.458431424131438,0.4350036457794712,3.0842940879059495,0.667212337194181,0.458431424131438,0.7250060762991187,0.574287575090211,0.667212337194181
Bridge-Middle_2-4,..\data\processed\wet\Bridge-Middle_2-4_v2.wav,0.7770492856517561,0.5173217841949133,1.9124397352511173,0.538022705363903,0.7770492856517561,0.8622029736581888,0.3138754967224705,0.538022705363903
Bridge-Middle_2-4,..\data\processed\wet\Bridge-Middle_2-4_v3.wav,0.8401080784391999,0.5936706785790339,4.502836899696934,0.3714672626243768,0.8401080784391999,0.9894511309650565,0.8895193110437631,0.3714672626243768
Bridge-Middle_2-4,..\data\processed\wet\Bridge-Middle_2-4_v4.wav,0.19516651721865041,0.29363552244395325,3.83738653326219,0.4925690707532976,0.19516651721865041,0.4893925374065888,0.7416414518360422,0.4925690707532976
Bridge-Middle_2-5,..\data\processed\wet\Bridge-Middle_2-5_v0.wav,0.4831808633136685,0.5029382526490803,2.1263170058023384,0.8597946748116456,0.4831808633136685,0.8382304210818006,0.3614037790671863,0.8597946748116456
Bridge-Middle_2-5,..\data\processed\wet\Bridge-Middle_2-5_v1.wav,0.40680480095172356,0.19693986340700365,2.5429546003986454,0.7624469586748684,0.40680480095172356,0.3282331056783394,0.453989911199699,0.7624469586748684
Bridge-Middle_2-5,..\data\processed\wet\Bridge-Middle_2-5_v2.wav,0.12600202786399428,0.11785152952321043,4.7815017154839135,0.17549162738135737,0.12600202786399428,0.19641921587201738,0.9514448256630919,0.17549162738135737
Bridge-Middle_2-5,..\data\processed\wet\Bridge-Middle_2-5_v3.wav,0.5677273179310546,0.3475886799971627,2.7033100792261013,0.6447452485768186,0.5677273179310546,0.5793144666619379,0.48962446205024474,0.6447452485768186
Bridge-Middle_2-5,..\data\processed\wet\Bridge-Middle_2-5_v4.wav,0.22982672579761843,0.3315973606660489,2.174779648611037,0.661667259629189,0.22982672579761843,0.5526622677767482,0.3721732552468971,0.661667259629189
Bridge-Middle_2-6,..\data\processed\wet\Bridge-Middle_2-6_v0.wav,0.14122354337314946,0.3425264501036857,1.3337165992249567,0.2786430631150364,0.14122354337314946,0.5708774168394762,0.1852703553833237,0.2786430631150364
Bridge-Middle_2-6,..\data\processed\wet\Bridge-Middle_2-6_v1.wav,0.21870980032358323,0.10970266792129026,4.215699282023001,0.28570756766089034,0.21870980032358323,0.1828377798688171,0.825710951560667,0.28570756766089034
Bridge-Middle_2-6,..\data\processed\wet\Bridge-Middle_2-6_v2.wav,0.9271237818644493,0.5819559152071145,3.0706721147169382,0.1430011226657264,0.9271237818644493,0.969926525345191,0.5712604699370973,0.1430011226657264
Bridge-Middle_2-6,..\data\processed\wet\Bridge-Middle_2-6_v3.wav,0.37454824337958126,0.4786393580089284,2.153258279136817,0.08701721830278875,0.37454824337958126,0.797732263348214,0.3673907286970704,0.08701721830278875
Bridge-Middle_2-6,..\data\processed\wet\Bridge-Middle_2-6_v4.wav,0.5567849109281879,0.5070725108976208,4.0816687421457605,0.17512314013035324,0.5567849109281879,0.8451208514960348,0.7959263871435023,0.17512314013035324
Bridge-Middle_2-7,..\data\processed\wet\Bridge-Middle_2-7_v0.wav,0.6727646144124667,0.13230255806138827,1.481933905484775,0.8740717733051852,0.6727646144124667,0.22050426343564714,0.21820753455217223,0.8740717733051852
Bridge-Middle_2-7,..\data\processed\wet\Bridge-Middle_2-7_v1.wav,0.24966895274023015,0.1579484079108067,0.502940258425848,0.8706690341255177,0.24966895274023015,0.2632473465180112,0.0006533907612995549,0.8706690341255177
Bridge-Middle_2-7,..\data\processed\wet\Bridge-Middle_2-7_v2.wav,0.7925948132091347,0.3763973610544068,3.8761959377247903,0.1520485674244918,0.7925948132091347,0.627328935090678,0.7502657639388423,0.1520485674244918
Bridge-Middle_2-7,..\data\processed\wet\Bridge-Middle_2-7_v3.wav,0.45832359458757543,0.21073163240926854,0.9219943681565742,0.4861304852149241,0.45832359458757543,0.3512193873487809,0.09377652625701649,0.4861304852149241
Bridge-Middle_2-7,..\data\processed\wet\Bridge-Middle_2-7_v4.wav,0.9207396503426354,0.024035471430416688,1.8115741107220724,0.20754093620570346,0.9207396503426354,0.04005911905069448,0.2914609134937939,0.20754093620570346
Bridge-Middle_2-8,..\data\processed\wet\Bridge-Middle_2-8_v0.wav,0.23814665366569632,0.5450607311276251,2.6063107440543054,0.4662994129398188,0.23814665366569632,0.9084345518793752,0.46806905423429007,0.4662994129398188
Bridge-Middle_2-8,..\data\processed\wet\Bridge-Middle_2-8_v1.wav,0.7605756424552823,0.09269532240295549,2.6926940934502284,0.4299852141210597,0.7605756424552823,0.1544922040049258,0.48726535410005073,0.4299852141210597
Bridge-Middle_2-8,..\data\processed\wet\Bridge-Middle_2-8_v2.wav,0.5969106905466561,0.5997346219502632,3.962520023369212,0.3978657030174272,0.5969106905466561,0.9995577032504387,0.7694488940820471,0.3978657030174272
Bridge-Middle_2-8,..\data\processed\wet\Bridge-Middle_2-8_v3.wav,0.827553052274047,0.10242501798748811,0.6370865883903205,0.20444837246427305,0.827553052274047,0.17070836331248018,0.03046368630896011,0.20444837246427305
Bridge-Middle_2-8,..\data\processed\wet\Bridge-Middle_2-8_v4.wav,0.34041155611425966,0.30634845447573594,3.268081132435399,0.9106057172144217,0.34041155611425966,0.5105807574595599,0.6151291405411998,0.9106057172144217
Bridge-Middle_2-9,..\data\processed\wet\Bridge-Middle_2-9_v0.wav,0.5098540095504577,0.3007653867754376,0.7260935442034195,0.03491155265622381,0.5098540095504577,0.5012756446257294,0.05024300982298212,0.03491155265622381
Bridge-Middle_2-9,..\data\processed\wet\Bridge-Middle_2-9_v1.wav,0.5511599619163721,0.2629071679490067,4.276311777411344,0.16067958471184518,0.5511599619163721,0.4381786132483445,0.8391803949802986,0.16067958471184518
Bridge-Middle_2-9,..\data\processed\wet\Bridge-Middle_2-9_v2.wav,0.024971662117049598,0.2694232607580755,1.5686535053851587,0.04961437333883745,0.024971662117049598,0.4490387679301258,0.23747855675225749,0.04961437333883745
Bridge-Middle_2-9,..\data\processed\wet\Bridge-Middle_2-9_v3.wav,0.724598286847629,0.06695579997434849,3.2374377500349727,0.28104975016688916,0.724598286847629,0.11159299995724749,0.6083195000077717,0.28104975016688916
Bridge-Middle_2-9,..\data\processed\wet\Bridge-Middle_2-9_v4.wav,0.17349605035502202,0.22785091375159047,4.106505993003291,0.3920935769045727,0.17349605035502202,0.37975152291931746,0.8014457762229537,0.3920935769045727
Bridge-Middle_3-0,..\data\processed\wet\Bridge-Middle_3-0_v0.wav,0.7507696492110557,0.0752917780794904,3.977471388492856,0.23693332490664865,0.7507696492110557,0.1254862967991507,0.7727714196650791,0.23693332490664865
Bridge-Middle_3-0,..\data\processed\wet\Bridge-Middle_3-0_v1.wav,0.6773931298888728,0.3394689329045978,4.6811512274525935,0.38732251797531403,0.6773931298888728,0.5657815548409963,0.9291447172116875,0.38732251797531403
Bridge-Middle_3-0,..\data\processed\wet\Bridge-Middle_3-0_v2.wav,0.06616518883444045,0.011493291330751743,4.220863524377389,0.5247356376614322,0.06616518883444045,0.019155485551252904,0.8268585609727531,0.5247356376614322
Bridge-Middle_3-0,..\data\processed\wet\Bridge-Middle_3-0_v3.wav,0.7752440518349493,0.14065536000690881,2.0528768548095515,0.03010387221131894,0.7752440518349493,0.2344256000115147,0.3450837455132337,0.03010387221131894
Bridge-Middle_3-0,..\data\processed\wet\Bridge-Middle_3-0_v4.wav,0.9614923245741122,0.400720744020488,4.699422894916878,0.2654964074290723,0.9614923245741122,0.6678679067008134,0.9332050877593061,0.2654964074290723
Bridge-Middle_3-1,..\data\processed\wet\Bridge-Middle_3-1_v0.wav,0.6114636112256608,0.4070999809755827,1.928973651159148,0.8481092350156301,0.6114636112256608,0.6784999682926378,0.31754970025758844,0.8481092350156301
Bridge-Middle_3-1,..\data\processed\wet\Bridge-Middle_3-1_v1.wav,0.9471614629002478,0.5309130706176026,3.8258013917271763,0.27746467972495403,0.9471614629002478,0.8848551176960044,0.7390669759393725,0.27746467972495403
Bridge-Middle_3-1,..\data\processed\wet\Bridge-Middle_3-1_v2.wav,0.28161604210563174,0.5780161922676227,0.5462802317106141,0.7160499732421445,0.28161604210563174,0.9633603204460378,0.010284495935692028,0.7160499732421445
Bridge-Middle_3-1,..\data\processed\wet\Bridge-Middle_3-1_v3.wav,0.7062461625552622,0.37361372456987846,4.955489807390896,0.31187943576372523,0.7062461625552622,0.6226895409497974,0.9901088460868659,0.31187943576372523
Bridge-Middle_3-1,..\data\processed\wet\Bridge-Middle_3-1_v4.wav,0.3399718637932482,0.047363641767933326,2.4925916144468188,0.2610485262348481,0.3399718637932482,0.07893940294655555,0.4427981365437375,0.2610485262348481
Bridge-Middle_3-10,..\data\processed\wet\Bridge-Middle_3-10_v0.wav,0.3433867021776442,0.5007430741533766,4.709680310873731,0.18573307200518563,0.3433867021776442,0.8345717902556277,0.9354845135274957,0.18573307200518563
Bridge-Middle_3-10,..\data\processed\wet\Bridge-Middle_3-10_v1.wav,0.37250893155346587,0.5571783372692364,0.7781380731015018,0.09236052811137851,0.37250893155346587,0.928630562115394,0.06180846068922263,0.09236052811137851
Bridge-Middle_3-10,..\data\processed\wet\Bridge-Middle_3-10_v2.wav,0.16279098920622936,0.35712770047612485,1.1771252195269886,0.9680763814507335,0.16279098920622936,0.5952128341268748,0.15047227100599747,0.9680763814507335
Bridge-Middle_3-10,..\data\processed\wet\Bridge-Middle_3-10_v3.wav,0.44671452725852034,0.3009107762100998,1.6099637711243293,0.4709602524347335,0.44671452725852034,0.5015179603501664,0.24665861580540652,0.4709602524347335
Bridge-Middle_3-10,..\data\processed\wet\Bridge-Middle_3-10_v4.wav,0.6619136326370115,0.45070628217242564,3.8924063721946087,0.5778911126940883,0.6619136326370115,0.7511771369540428,0.753868082709913,0.5778911126940883
Bridge-Middle_3-11,..\data\processed\wet\Bridge-Middle_3-11_v0.wav,0.9043597749938572,0.4904447083836656,3.906716516143814,0.05560552168046062,0.9043597749938572,0.8174078473061094,0.7570481146986254,0.05560552168046062
Bridge-Middle_3-11,..\data\processed\wet\Bridge-Middle_3-11_v1.wav,0.006877962219649314,0.12746836631728378,3.4858561726105353,0.4111974888825458,0.006877962219649314,0.212447277195473,0.6635235939134523,0.4111974888825458
Bridge-Middle_3-11,..\data\processed\wet\Bridge-Middle_3-11_v2.wav,0.40240625929931173,0.5307521329377682,4.530032816593274,0.9091752640535857,0.40240625929931173,0.8845868882296137,0.8955628481318387,0.9091752640535857
Bridge-Middle_3-11,..\data\processed\wet\Bridge-Middle_3-11_v3.wav,0.3138780765150273,0.41463348764355706,1.7223493157346634,0.19060983307444979,0.3138780765150273,0.6910558127392618,0.27163318127436964,0.19060983307444979
Bridge-Middle_3-11,..\data\processed\wet\Bridge-Middle_3-11_v4.wav,0.18463245734736922,0.2052645725181564,2.4348092890091975,0.8309491710550684,0.18463245734736922,0.34210762086359403,0.42995761977982166,0.8309491710550684
Bridge-Middle_3-12,..\data\processed\wet\Bridge-Middle_3-12_v0.wav,0.1198910934727121,0.4409555084369365,2.8915471138518742,0.2879453426759925,0.1198910934727121,0.7349258473948942,0.5314549141893053,0.2879453426759925
Bridge-Middle_3-12,..\data\processed\wet\Bridge-Middle_3-12_v1.wav,0.4928195845328246,0.17996524186621357,3.182368798572377,0.4338439228552442,0.4928195845328246,0.29994206977702265,0.596081955238306,0.4338439228552442
Bridge-Middle_3-12,..\data\processed\wet\Bridge-Middle_3-12_v2.wav,0.16440552907887873,0.06994984473341803,2.9601305693245856,0.9024130332861034,0.16440552907887873,0.11658307455569672,0.5466956820721302,0.9024130332861034
Bridge-Middle_3-12,..\data\processed\wet\Bridge-Middle_3-12_v3.wav,0.34395768655768555,0.43980006433357394,3.4639760972289513,0.931554914309481,0.34395768655768555,0.7330001072226232,0.658661354939767,0.931554914309481
Bridge-Middle_3-12,..\data\processed\wet\Bridge-Middle_3-12_v4.wav,0.8209810172991409,0.33996315534327776,3.4566372420534828,0.8983864665840349,0.8209810172991409,0.566605258905463,0.6570304982341073,0.8983864665840349
Bridge-Middle_3-13,..\data\processed\wet\Bridge-Middle_3-13_v0.wav,0.3995187845869348,0.1960768235146664,0.5486498763583836,0.8265510741914642,0.3995187845869348,0.32679470585777737,0.010811083635196351,0.8265510741914642
Bridge-Middle_3-13,..\data\processed\wet\Bridge-Middle_3-13_v1.wav,0.8009807004033649,0.06267271086009082,3.095858215097151,0.4639816981668874,0.8009807004033649,0.10445451810015138,0.5768573811327002,0.4639816981668874
Bridge-Middle_3-13,..\data\processed\wet\Bridge-Middle_3-13_v2.wav,0.11870909550911146,0.5883409362364341,1.4661314935850995,0.06723418009056115,0.11870909550911146,0.9805682270607236,0.21469588746335544,0.06723418009056115
Bridge-Middle_3-13,..\data\processed\wet\Bridge-Middle_3-13_v3.wav,0.5948473795019096,0.4433200062798196,0.6459955072123413,0.6587176387270222,0.5948473795019096,0.7388666771330327,0.03244344604718696,0.6587176387270222
Bridge-Middle_3-13,..\data\processed\wet\Bridge-Middle_3-13_v4.wav,0.5322918759514544,0.06195900532502904,1.2763574462586293,0.5679742973160805,0.5322918759514544,0.10326500887504841,0.17252387694636206,0.5679742973160805
Bridge-Middle_3-14,..\data\processed\wet\Bridge-Middle_3-14_v0.wav,0.2963576135132884,0.5629894371907896,4.184331032678228,0.983567206513663,0.2963576135132884,0.9383157286513161,0.8187402294840508,0.983567206513663
Bridge-Middle_3-14,..\data\processed\wet\Bridge-Middle_3-14_v1.wav,0.259670838950414,0.5818341796787861,2.4405524140620103,0.3475187953137546,0.259670838950414,0.9697236327979769,0.43123386979155787,0.3475187953137546
Bridge-Middle_3-14,..\data\processed\wet\Bridge-Middle_3-14_v2.wav,0.05034952696935324,0.03165915471576157,3.614050651759946,0.4579289944340279,0.05034952696935324,0.05276525785960262,0.6920112559466547,0.4579289944340279
Bridge-Middle_3-14,..\data\processed\wet\Bridge-Middle_3-14_v3.wav,0.2265216260361057,0.3683821837951396,1.6378615321255003,0.5776317543444226,0.2265216260361057,0.6139703063252326,0.2528581182501112,0.5776317543444226
Bridge-Middle_3-14,..\data\processed\wet\Bridge-Middle_3-14_v4.wav,0.35920874698269034,0.4941313359670914,4.193132723450507,0.4773503981224013,0.35920874698269034,0.823552226611819,0.8206961607667793,0.4773503981224013
Bridge-Middle_3-15,..\data\processed\wet\Bridge-Middle_3-15_v0.wav,0.3508191093350156,0.21753587793545673,4.125715365506981,0.328179482797612,0.3508191093350156,0.36255979655909454,0.8057145256682179,0.328179482797612
Bridge-Middle_3-15,..\data\processed\wet\Bridge-Middle_3-15_v1.wav,0.20905937370684602,0.050813005125184094,2.600119043979838,0.4821320989198419,0.20905937370684602,0.08468834187530683,0.4666931208844084,0.4821320989198419
Bridge-Middle_3-15,..\data\processed\wet\Bridge-Middle_3-15_v2.wav,0.8409087104029072,0.13274321786763837,2.2144607315077995,0.8084057388936909,0.8409087104029072,0.22123869644606398,0.3809912736683999,0.8084057388936909
Bridge-Middle_3-15,..\data\processed\wet\Bridge-Middle_3-15_v3.wav,0.8236236107489735,0.2307666455872609,2.566058104790064,0.3032858908492829,0.8236236107489735,0.3846110759787682,0.4591240232866809,0.3032858908492829
Bridge-Middle_3-15,..\data\processed\wet\Bridge-Middle_3-15_v4.wav,0.9325548784193121,0.07118625944494818,4.701872403506615,0.6838664518353432,0.9325548784193121,0.1186437657415803,0.9337494230014699,0.6838664518353432
Bridge-Middle_3-16,..\data\processed\wet\Bridge-Middle_3-16_v0.wav,0.5315721526867312,0.019595436470697523,2.6401828631990374,0.4077481050027323,0.5315721526867312,0.032659060784495875,0.4755961918220083,0.4077481050027323
Bridge-Middle_3-16,..\data\processed\wet\Bridge-Middle_3-16_v1.wav,0.16121881197512256,0.3938457621003941,4.870179083157286,0.5621888110645251,0.16121881197512256,0.6564096035006569,0.9711509073682857,0.5621888110645251
Bridge-Middle_3-16,..\data\processed\wet\Bridge-Middle_3-16_v2.wav,0.7147532764439458,0.04107027153961007,2.3795014811764763,0.11635848516449587,0.7147532764439458,0.06845045256601678,0.41766699581699473,0.11635848516449587
Bridge-Middle_3-16,..\data\processed\wet\Bridge-Middle_3-16_v3.wav,0.6127958355365104,0.5630892949284927,3.4779997961223734,0.07680304831442153,0.6127958355365104,0.9384821582141545,0.6617777324716385,0.07680304831442153
Bridge-Middle_3-16,..\data\processed\wet\Bridge-Middle_3-16_v4.wav,0.35466620498508283,0.33039802766451093,2.314434902599635,0.8336440104751723,0.35466620498508283,0.5506633794408515,0.4032077561332522,0.8336440104751723
Bridge-Middle_3-17,..\data\processed\wet\Bridge-Middle_3-17_v0.wav,0.8146710047099892,0.36709861206193284,2.180560753097174,0.25533637376324414,0.8146710047099892,0.6118310201032214,0.3734579451327053,0.25533637376324414
Bridge-Middle_3-17,..\data\processed\wet\Bridge-Middle_3-17_v1.wav,0.10587431821312931,0.2129386100919324,2.359276327434738,0.6758229251040736,0.10587431821312931,0.35489768348655404,0.4131725172077195,0.6758229251040736
Bridge-Middle_3-17,..\data\processed\wet\Bridge-Middle_3-17_v2.wav,0.6581598242975735,0.04206488378475417,2.27866691944021,0.18177886721736192,0.6581598242975735,0.07010813964125695,0.3952593154311578,0.18177886721736192
Bridge-Middle_3-17,..\data\processed\wet\Bridge-Middle_3-17_v3.wav,0.1568127053168057,0.49638128984234753,0.6886184752231589,0.41918287590212133,0.1568127053168057,0.8273021497372459,0.04191521671625753,0.41918287590212133
Bridge-Middle_3-17,..\data\processed\wet\Bridge-Middle_3-17_v4.wav,0.1682036557665182,0.5275981294070844,3.0066823097376583,0.23138063637684803,0.1682036557665182,0.879330215678474,0.5570405132750351,0.23138063637684803
Bridge-Middle_3-18,..\data\processed\wet\Bridge-Middle_3-18_v0.wav,0.5024272871663764,0.4388918158218695,4.811531040137452,0.22044600424541894,0.5024272871663764,0.7314863597031158,0.9581180089194338,0.22044600424541894
Bridge-Middle_3-18,..\data\processed\wet\Bridge-Middle_3-18_v1.wav,0.8861817721293451,0.5605824685004941,4.623892450394298,0.6354143568619098,0.8861817721293451,0.9343041141674902,0.9164205445320663,0.6354143568619098
Bridge-Middle_3-18,..\data\processed\wet\Bridge-Middle_3-18_v2.wav,0.6298206544347077,0.24192637991029364,3.8857904703670454,0.5312940183509319,0.6298206544347077,0.4032106331838228,0.7523978823037879,0.5312940183509319
Bridge-Middle_3-18,..\data\processed\wet\Bridge-Middle_3-18_v3.wav,0.6774380712282945,0.25707474230927724,3.7917340881941257,0.8244715176045491,0.6774380712282945,0.4284579038487954,0.7314964640431391,0.8244715176045491
Bridge-Middle_3-18,..\data\processed\wet\Bridge-Middle_3-18_v4.wav,0.14643625660281612,0.4997578293445368,2.9313343930563827,0.8446659090902243,0.14643625660281612,0.832929715574228,0.5402965317903072,0.8446659090902243
Bridge-Middle_3-19,..\data\processed\wet\Bridge-Middle_3-19_v0.wav,0.4313017063410146,0.227424291229821,4.617773296327501,0.2511692675484013,0.4313017063410146,0.37904048538303503,0.9150607325172224,0.2511692675484013
Bridge-Middle_3-19,..\data\processed\wet\Bridge-Middle_3-19_v1.wav,0.8442123252861431,0.29041234350564243,2.813429491480669,0.308468281489484,0.8442123252861431,0.48402057250940406,0.5140954425512597,0.308468281489484
Bridge-Middle_3-19,..\data\processed\wet\Bridge-Middle_3-19_v2.wav,0.5730422006190157,0.1951267177657268,0.6767123640874354,0.27199860534435605,0.5730422006190157,0.3252111962762113,0.03926941424165231,0.27199860534435605
Bridge-Middle_3-19,..\data\processed\wet\Bridge-Middle_3-19_v3.wav,0.006379043406590679,0.5870128722341139,4.845862444188864,0.39515529747230504,0.006379043406590679,0.9783547870568565,0.9657472098197475,0.39515529747230504
Bridge-Middle_3-19,..\data\processed\wet\Bridge-Middle_3-19_v4.wav,0.728370854339646,0.207483659046255,3.5199192068868923,0.8054300430459791,0.728370854339646,0.345806098410425,0.671093157085976,0.8054300430459791
Bridge-Middle_3-2,..\data\processed\wet\Bridge-Middle_3-2_v0.wav,0.9467562446922407,0.24012736550980318,4.024840923302214,0.2659284506321188,0.9467562446922407,0.400212275849672,0.7832979829560477,0.2659284506321188
Bridge-Middle_3-2,..\data\processed\wet\Bridge-Middle_3-2_v1.wav,0.9903323037936483,0.015461759258610685,3.2158796292550442,0.6595059816513271,0.9903323037936483,0.025769598764351143,0.603528806501121,0.6595059816513271
Bridge-Middle_3-2,..\data\processed\wet\Bridge-Middle_3-2_v2.wav,0.6880455570741288,0.0722325472734534,4.723384025629087,0.1811832790500828,0.6880455570741288,0.12038757878908901,0.9385297834731303,0.1811832790500828
Bridge-Middle_3-2,..\data\processed\wet\Bridge-Middle_3-2_v3.wav,0.6227534032398411,0.13360564747385098,1.882473876595719,0.5464585417281244,0.6227534032398411,0.22267607912308499,0.3072164170212709,0.5464585417281244
Bridge-Middle_3-2,..\data\processed\wet\Bridge-Middle_3-2_v4.wav,0.4171934185645765,0.09613536058590377,1.2692138108938174,0.41814478816279965,0.4171934185645765,0.1602256009765063,0.1709364024208483,0.41814478816279965
Bridge-Middle_3-20,..\data\processed\wet\Bridge-Middle_3-20_v0.wav,0.7572829782755007,0.5387787881086731,0.8785744801672228,0.39310390755940106,0.7572829782755007,0.8979646468477885,0.08412766225938285,0.39310390755940106
Bridge-Middle_3-20,..\data\processed\wet\Bridge-Middle_3-20_v1.wav,0.10024556372287663,0.00995548837955873,3.477734071897805,0.6024494419665878,0.10024556372287663,0.016592480632597884,0.6617186826439566,0.6024494419665878
Bridge-Middle_3-20,..\data\processed\wet\Bridge-Middle_3-20_v2.wav,0.1630191138148862,0.14028769985583847,0.6066848914003327,0.8349472056944037,0.1630191138148862,0.23381283309306414,0.023707753644518367,0.8349472056944037
Bridge-Middle_3-20,..\data\processed\wet\Bridge-Middle_3-20_v3.wav,0.9746905960485515,0.08127572207681448,1.5416384619438415,0.868409523946934,0.9746905960485515,0.1354595367946908,0.23147521376529812,0.868409523946934
Bridge-Middle_3-20,..\data\processed\wet\Bridge-Middle_3-20_v4.wav,0.9264637979561848,0.2517764296840862,0.7278011252108336,0.0393918336928194,0.9264637979561848,0.41962738280681033,0.05062247226907414,0.0393918336928194
Bridge-Middle_3-21,..\data\processed\wet\Bridge-Middle_3-21_v0.wav,0.5739498660690104,0.2357370653359074,0.6289359240994453,0.5832523923125568,0.5739498660690104,0.392895108893179,0.028652427577654516,0.5832523923125568
Bridge-Middle_3-21,..\data\processed\wet\Bridge-Middle_3-21_v1.wav,0.011302536589022472,0.47242317488956376,1.8789477021651722,0.0402580030092321,0.011302536589022472,0.787371958149273,0.3064328227033716,0.0402580030092321
Bridge-Middle_3-21,..\data\processed\wet\Bridge-Middle_3-21_v2.wav,0.5883522209831533,0.2386106486598328,4.882101860107173,0.5441986625037022,0.5883522209831533,0.3976844144330547,0.9738004133571495,0.5441986625037022
Bridge-Middle_3-21,..\data\processed\wet\Bridge-Middle_3-21_v3.wav,0.2752391810370083,0.4256633187803848,1.721714011442201,0.9042432914075651,0.2752391810370083,0.7094388646339748,0.27149200254271133,0.9042432914075651
Bridge-Middle_3-21,..\data\processed\wet\Bridge-Middle_3-21_v4.wav,0.37472197050737643,0.3299211376657231,0.7275789672090298,0.4261212379522308,0.37472197050737643,0.5498685627762052,0.050573103824228846,0.4261212379522308
Bridge-Middle_3-22,..\data\processed\wet\Bridge-Middle_3-22_v0.wav,0.832363539660995,0.4833892832180051,1.5094335148408682,0.22607907101056268,0.832363539660995,0.8056488053633419,0.22431855885352625,0.22607907101056268
Bridge-Middle_3-22,..\data\processed\wet\Bridge-Middle_3-22_v1.wav,0.8173053122132368,0.5582390521015953,0.929124145728516,0.45005863942622526,0.8173053122132368,0.9303984201693255,0.09536092127300355,0.45005863942622526
Bridge-Middle_3-22,..\data\processed\wet\Bridge-Middle_3-22_v2.wav,0.33745427896422897,0.5224130732744636,0.8758621160600845,0.2111259425580374,0.33745427896422897,0.8706884554574394,0.08352491468001877,0.2111259425580374
Bridge-Middle_3-22,..\data\processed\wet\Bridge-Middle_3-22_v3.wav,0.7524683375864943,0.03077630938872935,2.716409213214302,0.44210703467972,0.7524683375864943,0.051293848981215584,0.4925353807142893,0.44210703467972
Bridge-Middle_3-22,..\data\processed\wet\Bridge-Middle_3-22_v4.wav,0.33440117898874866,0.23674338919135426,2.8847326411860483,0.16136735838838312,0.33440117898874866,0.3945723153189238,0.5299405869302329,0.16136735838838312
Bridge-Middle_3-3,..\data\processed\wet\Bridge-Middle_3-3_v0.wav,0.5719958782835928,0.48325939757999176,3.9207241840557154,0.15389990469377368,0.5719958782835928,0.8054323292999863,0.760160929790159,0.15389990469377368
Bridge-Middle_3-3,..\data\processed\wet\Bridge-Middle_3-3_v1.wav,0.1492494697414739,0.160904620646948,2.1248362685346676,0.4084555814084826,0.1492494697414739,0.2681743677449133,0.3610747263410372,0.4084555814084826
Bridge-Middle_3-3,..\data\processed\wet\Bridge-Middle_3-3_v2.wav,0.6796972168333453,0.03400825929950124,0.6560271690172987,0.391910562943909,0.6796972168333453,0.056680432165835404,0.034672704226066386,0.391910562943909
Bridge-Middle_3-3,..\data\processed\wet\Bridge-Middle_3-3_v3.wav,0.6971636921379805,0.11606120577388954,3.386770165653133,0.25982813794029946,0.6971636921379805,0.19343534295648257,0.6415044812562517,0.25982813794029946
Bridge-Middle_3-3,..\data\processed\wet\Bridge-Middle_3-3_v4.wav,0.8860861088135163,0.5374139665599699,1.8377924192659691,0.2299937539632405,0.8860861088135163,0.8956899442666165,0.2972872042813265,0.2299937539632405
Bridge-Middle_3-4,..\data\processed\wet\Bridge-Middle_3-4_v0.wav,0.41130397206623126,0.14431895110808923,3.5257272948126666,0.8260646845482855,0.41130397206623126,0.24053158518014872,0.6723838432917036,0.8260646845482855
Bridge-Middle_3-4,..\data\processed\wet\Bridge-Middle_3-4_v1.wav,0.673092130911217,0.49461026834960964,2.2864647299336336,0.15631697070886086,0.673092130911217,0.8243504472493495,0.39699216220747413,0.15631697070886086
Bridge-Middle_3-4,..\data\processed\wet\Bridge-Middle_3-4_v2.wav,0.7379509473975921,0.21628470308493233,3.5207187135310964,0.27064394198176567,0.7379509473975921,0.3604745051415539,0.6712708252291325,0.27064394198176567
Bridge-Middle_3-4,..\data\processed\wet\Bridge-Middle_3-4_v3.wav,0.08122963480667267,0.595549077292658,1.2029067856876967,0.988420993963481,0.08122963480667267,0.9925817954877635,0.15620150793059928,0.988420993963481
Bridge-Middle_3-4,..\data\processed\wet\Bridge-Middle_3-4_v4.wav,0.9772799325664473,0.47629086234482376,3.467403329368989,0.5778070502510847,0.9772799325664473,0.7938181039080396,0.6594229620819976,0.5778070502510847
Bridge-Middle_3-5,..\data\processed\wet\Bridge-Middle_3-5_v0.wav,0.8661015453778347,0.17366371297169275,2.6045654561819465,0.6193899693665019,0.8661015453778347,0.28943952161948794,0.467681212484877,0.6193899693665019
Bridge-Middle_3-5,..\data\processed\wet\Bridge-Middle_3-5_v1.wav,0.4111904758694911,0.2564918724541608,1.9862810037593799,0.564231816684536,0.4111904758694911,0.427486454090268,0.3302846675020844,0.564231816684536
Bridge-Middle_3-5,..\data\processed\wet\Bridge-Middle_3-5_v2.wav,0.850574528015116,0.1209170268037877,4.7049486743904865,0.6890876537482297,0.850574528015116,0.20152837800631285,0.9344330387534414,0.6890876537482297
Bridge-Middle_3-5,..\data\processed\wet\Bridge-Middle_3-5_v3.wav,0.8232732126800302,0.33371441557800696,4.007825156408286,0.01620039733946721,0.8232732126800302,0.5561906926300116,0.7795167014240635,0.01620039733946721
Bridge-Middle_3-5,..\data\processed\wet\Bridge-Middle_3-5_v4.wav,0.8183804247795352,0.02408331545121991,4.504610193632881,0.9919627472386433,0.8183804247795352,0.04013885908536652,0.8899133763628624,0.9919627472386433
Bridge-Middle_3-6,..\data\processed\wet\Bridge-Middle_3-6_v0.wav,0.2940674621767778,0.1261911337714762,3.944135137361183,0.2530263409202532,0.2940674621767778,0.21031855628579368,0.7653633638580407,0.2530263409202532
Bridge-Middle_3-6,..\data\processed\wet\Bridge-Middle_3-6_v1.wav,0.8655623831722035,0.06170555529448602,1.0667983837071122,0.9791515551006156,0.8655623831722035,0.10284259215747671,0.12595519637935826,0.9791515551006156
Bridge-Middle_3-6,..\data\processed\wet\Bridge-Middle_3-6_v2.wav,0.6738388982700046,0.5081323346573716,1.959482198081831,0.6764837495206044,0.6738388982700046,0.8468872244289527,0.324329377351518,0.6764837495206044
Bridge-Middle_3-6,..\data\processed\wet\Bridge-Middle_3-6_v3.wav,0.5942418273085972,0.36189007207376817,3.571396067919747,0.5753591731290986,0.5942418273085972,0.603150120122947,0.6825324595377216,0.5753591731290986
Bridge-Middle_3-6,..\data\processed\wet\Bridge-Middle_3-6_v4.wav,0.42906236930266595,0.1655536166283281,3.958615989109409,0.2262724300031862,0.42906236930266595,0.27592269438054684,0.768581330913202,0.2262724300031862
Bridge-Middle_3-7,..\data\processed\wet\Bridge-Middle_3-7_v0.wav,0.6923543061544142,0.139999693589596,3.3139857647950426,0.7470782671290289,0.6923543061544142,0.23333282264932667,0.6253301699544539,0.7470782671290289
Bridge-Middle_3-7,..\data\processed\wet\Bridge-Middle_3-7_v1.wav,0.2187138889065392,0.035965980516784964,1.0893818434737834,0.6059969672710255,0.2187138889065392,0.05994330086130827,0.13097374299417408,0.6059969672710255
Bridge-Middle_3-7,..\data\processed\wet\Bridge-Middle_3-7_v2.wav,0.8494464062257355,0.026998092741254618,3.8036806656874083,0.3413186459500521,0.8494464062257355,0.04499682123542437,0.7341512590416462,0.3413186459500521
Bridge-Middle_3-7,..\data\processed\wet\Bridge-Middle_3-7_v3.wav,0.4785283699195225,0.5573157299073394,1.9938717713113046,0.46533693393948605,0.4785283699195225,0.9288595498455656,0.33197150473584547,0.46533693393948605
Bridge-Middle_3-7,..\data\processed\wet\Bridge-Middle_3-7_v4.wav,0.013682414760681105,0.048959232002903016,1.663662160106528,0.027852240821074403,0.013682414760681105,0.08159872000483837,0.258591591134784,0.027852240821074403
Bridge-Middle_3-8,..\data\processed\wet\Bridge-Middle_3-8_v0.wav,0.631375326048251,0.2558390140809735,2.966653412276099,0.17464718589632955,0.631375326048251,0.42639835680162247,0.548145202728022,0.17464718589632955
Bridge-Middle_3-8,..\data\processed\wet\Bridge-Middle_3-8_v1.wav,0.2959320294366161,0.39829468491163506,4.8438622563367995,0.0504167736022092,0.2959320294366161,0.6638244748527251,0.9653027236303999,0.0504167736022092
Bridge-Middle_3-8,..\data\processed\wet\Bridge-Middle_3-8_v2.wav,0.8903843208552661,0.3461287207867251,3.037638050400307,0.5002785352077603,0.8903843208552661,0.5768812013112085,0.5639195667556237,0.5002785352077603
Bridge-Middle_3-8,..\data\processed\wet\Bridge-Middle_3-8_v3.wav,0.06939408590418339,0.0539261110416964,3.2041040254658872,0.3409585714355583,0.06939408590418339,0.08987685173616067,0.6009120056590861,0.3409585714355583
Bridge-Middle_3-8,..\data\processed\wet\Bridge-Middle_3-8_v4.wav,0.9172680665776807,0.24395432241568335,1.144766564161885,0.714718833502036,0.9172680665776807,0.40659053735947226,0.14328145870264108,0.714718833502036
Bridge-Middle_3-9,..\data\processed\wet\Bridge-Middle_3-9_v0.wav,0.29335342144100984,0.3152821844135359,3.6402475347732652,0.9002641112020704,0.29335342144100984,0.5254703073558932,0.69783278550517,0.9002641112020704
Bridge-Middle_3-9,..\data\processed\wet\Bridge-Middle_3-9_v1.wav,0.7921911948016761,0.40581664072363444,3.558349320778146,0.9459246440320865,0.7921911948016761,0.6763610678727241,0.6796331823951436,0.9459246440320865
Bridge-Middle_3-9,..\data\processed\wet\Bridge-Middle_3-9_v2.wav,0.29582409749653604,0.0006672565177124445,1.7237955172918942,0.217891379626744,0.29582409749653604,0.0011120941961874076,0.2719545593981987,0.217891379626744
Bridge-Middle_3-9,..\data\processed\wet\Bridge-Middle_3-9_v3.wav,0.6618345851139982,0.3802269598593174,3.170576222171257,0.0162434432094537,0.6618345851139982,0.633711599765529,0.5934613827047238,0.0162434432094537
Bridge-Middle_3-9,..\data\processed\wet\Bridge-Middle_3-9_v4.wav,0.7287780544506475,0.19411824749129492,3.49275195052984,0.5565784285021533,0.7287780544506475,0.3235304124854915,0.6650559890066311,0.5565784285021533
Bridge-Middle_4-0,..\data\processed\wet\Bridge-Middle_4-0_v0.wav,0.3427309254279072,0.08074576026246465,0.9248850394721643,0.8315183331122236,0.3427309254279072,0.13457626710410775,0.09441889766048095,0.8315183331122236
Bridge-Middle_4-0,..\data\processed\wet\Bridge-Middle_4-0_v1.wav,0.918397542081558,0.38987282805857976,0.9654535168721752,0.4020272168882407,0.918397542081558,0.6497880467642996,0.10343411486048337,0.4020272168882407
Bridge-Middle_4-0,..\data\processed\wet\Bridge-Middle_4-0_v2.wav,0.7289392001051572,0.46789253040604084,1.0319838003098987,3.071884538241587e-05,0.7289392001051572,0.7798208840100681,0.1182186222910886,3.071884538241587e-05
Bridge-Middle_4-0,..\data\processed\wet\Bridge-Middle_4-0_v3.wav,0.712137045880605,0.21395770559172336,1.645165992282171,0.01289746978952544,0.712137045880605,0.35659617598620563,0.25448133161826025,0.01289746978952544
Bridge-Middle_4-0,..\data\processed\wet\Bridge-Middle_4-0_v4.wav,0.5402994067614997,0.510690441255589,4.809342408226645,0.5657449506132892,0.5402994067614997,0.8511507354259817,0.9576316462725879,0.5657449506132892
Bridge-Middle_4-1,..\data\processed\wet\Bridge-Middle_4-1_v0.wav,0.5144613277398942,0.05103383129354466,2.969927606941699,0.3799790789653946,0.5144613277398942,0.0850563854892411,0.5488728015425998,0.3799790789653946
Bridge-Middle_4-1,..\data\processed\wet\Bridge-Middle_4-1_v1.wav,0.6071352808835769,0.233235808725928,1.5813460555266503,0.0949652752283765,0.6071352808835769,0.3887263478765467,0.24029912345036675,0.0949652752283765
Bridge-Middle_4-1,..\data\processed\wet\Bridge-Middle_4-1_v2.wav,0.31491844458889573,0.057986900572651365,1.2960362787079278,0.9873361585795459,0.31491844458889573,0.09664483428775228,0.17689695082398396,0.9873361585795459
Bridge-Middle_4-1,..\data\processed\wet\Bridge-Middle_4-1_v3.wav,0.4441035569066186,0.31912305990300993,4.431283379317469,0.9955689004906878,0.4441035569066186,0.5318717665050166,0.8736185287372152,0.9955689004906878
Bridge-Middle_4-1,..\data\processed\wet\Bridge-Middle_4-1_v4.wav,0.5827144493446815,0.48748429262650295,1.9712346095150388,0.3057439574472911,0.5827144493446815,0.8124738210441717,0.32694102433667527,0.3057439574472911
Bridge-Middle_4-10,..\data\processed\wet\Bridge-Middle_4-10_v0.wav,0.4027037209945602,0.40350435760418946,3.5698626016479444,0.3152394346494508,0.4027037209945602,0.6725072626736491,0.6821916892550988,0.3152394346494508
Bridge-Middle_4-10,..\data\processed\wet\Bridge-Middle_4-10_v1.wav,0.1332099241366287,0.3794377538793051,1.0774663798494404,0.5784925082293301,0.1332099241366287,0.6323962564655086,0.12832586218876452,0.5784925082293301
Bridge-Middle_4-10,..\data\processed\wet\Bridge-Middle_4-10_v2.wav,0.693422128056309,0.42036689783667097,3.890624497968185,0.8728594215656645,0.693422128056309,0.7006114963944516,0.7534721106595967,0.8728594215656645
Bridge-Middle_4-10,..\data\processed\wet\Bridge-Middle_4-10_v3.wav,0.49995899196478844,0.4381495137177427,3.286277309146265,0.18663993979768256,0.49995899196478844,0.7302491895295712,0.6191727353658367,0.18663993979768256
Bridge-Middle_4-10,..\data\processed\wet\Bridge-Middle_4-10_v4.wav,0.025689644869408168,0.17072483140616027,2.4936516785192873,0.6171059444286563,0.025689644869408168,0.28454138567693377,0.4430337063376194,0.6171059444286563
Bridge-Middle_4-11,..\data\processed\wet\Bridge-Middle_4-11_v0.wav,0.8499593305032054,0.11774743002369938,1.064974054543147,0.9634799474743275,0.8499593305032054,0.19624571670616564,0.1255497898984771,0.9634799474743275
Bridge-Middle_4-11,..\data\processed\wet\Bridge-Middle_4-11_v1.wav,0.10804455937640711,0.2870946420643135,3.1350367795698584,0.5413744209074383,0.10804455937640711,0.4784910701071892,0.5855637287933019,0.5413744209074383
Bridge-Middle_4-11,..\data\processed\wet\Bridge-Middle_4-11_v2.wav,0.0860321570329432,0.03421614840217162,0.9746754235746605,0.5855876838726125,0.0860321570329432,0.05702691400361937,0.10548342746103567,0.5855876838726125
Bridge-Middle_4-11,..\data\processed\wet\Bridge-Middle_4-11_v3.wav,0.5443448876343211,0.14024447522204656,3.369983638305162,0.8200675020556494,0.5443448876343211,0.23374079203674428,0.6377741418455916,0.8200675020556494
Bridge-Middle_4-11,..\data\processed\wet\Bridge-Middle_4-11_v4.wav,0.041578959846593766,0.29887796612882545,3.6018968544621064,0.2523119270696871,0.041578959846593766,0.4981299435480424,0.6893104121026903,0.2523119270696871
Bridge-Middle_4-12,..\data\processed\wet\Bridge-Middle_4-12_v0.wav,0.3077709052931491,0.36818274179363025,4.540708820496816,0.8099244203028994,0.3077709052931491,0.6136379029893838,0.8979352934437368,0.8099244203028994
Bridge-Middle_4-12,..\data\processed\wet\Bridge-Middle_4-12_v1.wav,0.5831302190995835,0.4381330306543495,2.141701115935094,0.6409655280987577,0.5831302190995835,0.7302217177572492,0.3648224702077986,0.6409655280987577
Bridge-Middle_4-12,..\data\processed\wet\Bridge-Middle_4-12_v2.wav,0.46618159112755697,0.11396168187453654,3.6578222324476575,0.556464637348822,0.46618159112755697,0.1899361364575609,0.7017382738772572,0.556464637348822
Bridge-Middle_4-12,..\data\processed\wet\Bridge-Middle_4-12_v3.wav,0.3586215819535914,0.5468035140471784,0.5942035302202997,0.315773151249496,0.3586215819535914,0.9113391900786307,0.020934117826733267,0.315773151249496
Bridge-Middle_4-12,..\data\processed\wet\Bridge-Middle_4-12_v4.wav,0.05688139777764656,0.45991638973297627,3.6594835435120667,0.33135221873631704,0.05688139777764656,0.7665273162216272,0.7021074541137926,0.33135221873631704
Bridge-Middle_4-13,..\data\processed\wet\Bridge-Middle_4-13_v0.wav,0.675662902207073,0.2375623357175699,3.9031420614009544,0.4541836627367061,0.675662902207073,0.39593722619594984,0.7562537914224343,0.4541836627367061
Bridge-Middle_4-13,..\data\processed\wet\Bridge-Middle_4-13_v1.wav,0.41227972783166555,0.5608379492929806,1.6289559495081511,0.12044733999656543,0.41227972783166555,0.934729915488301,0.25087909989070023,0.12044733999656543
Bridge-Middle_4-13,..\data\processed\wet\Bridge-Middle_4-13_v2.wav,0.5845431132594582,0.5815930873705073,2.20027646177234,0.06203676362878152,0.5845431132594582,0.9693218122841789,0.37783921372718665,0.06203676362878152
Bridge-Middle_4-13,..\data\processed\wet\Bridge-Middle_4-13_v3.wav,0.33930526730956745,0.3035589925917351,1.2286535298449617,0.658102218056492,0.33930526730956745,0.5059316543195584,0.1619230066322137,0.658102218056492
Bridge-Middle_4-13,..\data\processed\wet\Bridge-Middle_4-13_v4.wav,0.9977493890102006,0.27104368558886627,2.096278505285957,0.40070416683446664,0.9977493890102006,0.4517394759814438,0.35472855673021264,0.40070416683446664
Bridge-Middle_4-14,..\data\processed\wet\Bridge-Middle_4-14_v0.wav,0.11514617839520114,0.5299641608557343,2.366715449846084,0.3872744114248413,0.11514617839520114,0.8832736014262238,0.41482565552135203,0.3872744114248413
Bridge-Middle_4-14,..\data\processed\wet\Bridge-Middle_4-14_v1.wav,0.6596902729304743,0.2652200525586741,3.4170506096353073,0.061446290130787506,0.6596902729304743,0.4420334209311235,0.648233468807846,0.061446290130787506
Bridge-Middle_4-14,..\data\processed\wet\Bridge-Middle_4-14_v2.wav,0.8137233437222274,0.5643023717276415,3.419444237717237,0.9545659288588108,0.8137233437222274,0.9405039528794026,0.648765386159386,0.9545659288588108
Bridge-Middle_4-14,..\data\processed\wet\Bridge-Middle_4-14_v3.wav,0.1514323143699633,0.2864497136882122,3.2081303027545127,0.5817366474211867,0.1514323143699633,0.4774161894803537,0.6018067339454473,0.5817366474211867
Bridge-Middle_4-14,..\data\processed\wet\Bridge-Middle_4-14_v4.wav,0.40146177908904324,0.20285064561975683,1.0707081014768847,0.3917424505622782,0.40146177908904324,0.3380844093662614,0.1268240225504188,0.3917424505622782
Bridge-Middle_4-15,..\data\processed\wet\Bridge-Middle_4-15_v0.wav,0.16266081510548513,0.44061940589533105,1.439739209725655,0.05856530528453385,0.16266081510548513,0.7343656764922184,0.20883093549458998,0.05856530528453385
Bridge-Middle_4-15,..\data\processed\wet\Bridge-Middle_4-15_v1.wav,0.5523661378172343,0.357137839631641,4.423608775762275,0.5769816124176819,0.5523661378172343,0.5952297327194016,0.8719130612805055,0.5769816124176819
Bridge-Middle_4-15,..\data\processed\wet\Bridge-Middle_4-15_v2.wav,0.3454808537234457,0.4818071289157923,2.9312550193433946,0.07928028463119174,0.3454808537234457,0.8030118815263205,0.5402788931874211,0.07928028463119174
Bridge-Middle_4-15,..\data\processed\wet\Bridge-Middle_4-15_v3.wav,0.5658505603132467,0.5448111272529974,2.2834068147419924,0.29632580189980007,0.5658505603132467,0.9080185454216624,0.39631262549822055,0.29632580189980007
Bridge-Middle_4-15,..\data\processed\wet\Bridge-Middle_4-15_v4.wav,0.14346945701802005,0.0908673131612144,2.447471679538185,0.5956798241615295,0.14346945701802005,0.15144552193535732,0.4327714843418189,0.5956798241615295
Bridge-Middle_4-16,..\data\processed\wet\Bridge-Middle_4-16_v0.wav,0.08061540516960175,0.5637411534150994,3.8981012785033817,0.5866239182836627,0.08061540516960175,0.9395685890251658,0.7551336174451959,0.5866239182836627
Bridge-Middle_4-16,..\data\processed\wet\Bridge-Middle_4-16_v1.wav,0.8284386709389908,0.04811205408726797,2.6457749497990597,0.6300931268616634,0.8284386709389908,0.08018675681211329,0.4768388777331244,0.6300931268616634
Bridge-Middle_4-16,..\data\processed\wet\Bridge-Middle_4-16_v2.wav,0.8286529061182892,0.4700817360295606,1.7468116237102984,0.9408801695592043,0.8286529061182892,0.7834695600492677,0.27706924971339963,0.9408801695592043
Bridge-Middle_4-16,..\data\processed\wet\Bridge-Middle_4-16_v3.wav,0.12434584143087035,0.5250801711726912,4.869231123220784,0.17715352322262556,0.12434584143087035,0.8751336186211521,0.9709402496046187,0.17715352322262556
Bridge-Middle_4-16,..\data\processed\wet\Bridge-Middle_4-16_v4.wav,0.7220660642037853,0.024171311266799077,2.3244027131261973,0.516283299197674,0.7220660642037853,0.040285518777998464,0.40542282513915495,0.516283299197674
Bridge-Middle_4-17,..\data\processed\wet\Bridge-Middle_4-17_v0.wav,0.5806452259096341,0.5615623489491357,3.525128092823876,0.481277951219237,0.5806452259096341,0.9359372482485595,0.6722506872941947,0.481277951219237
Bridge-Middle_4-17,..\data\processed\wet\Bridge-Middle_4-17_v1.wav,0.8096750362658893,0.5703196925726454,0.5992976690703088,0.9825212722560387,0.8096750362658893,0.9505328209544089,0.022066148682290843,0.9825212722560387
Bridge-Middle_4-17,..\data\processed\wet\Bridge-Middle_4-17_v2.wav,0.08613213906368034,0.48863206756125677,1.7615063864813563,0.13217965775387175,0.08613213906368034,0.8143867792687614,0.2803347525514125,0.13217965775387175
Bridge-Middle_4-17,..\data\processed\wet\Bridge-Middle_4-17_v3.wav,0.4398556397138349,0.3863739476685681,2.2142833026056374,0.05456540828269896,0.4398556397138349,0.6439565794476135,0.380951845023475,0.05456540828269896
Bridge-Middle_4-17,..\data\processed\wet\Bridge-Middle_4-17_v4.wav,0.5994611396587166,0.5414419656664048,2.2244691467626327,0.21633277763082703,0.5994611396587166,0.9024032761106747,0.3832153659472517,0.21633277763082703
Bridge-Middle_4-18,..\data\processed\wet\Bridge-Middle_4-18_v0.wav,0.4425773459328154,0.02901762662926852,4.192194130161237,0.8263408109501867,0.4425773459328154,0.04836271104878087,0.8204875844802749,0.8263408109501867
Bridge-Middle_4-18,..\data\processed\wet\Bridge-Middle_4-18_v1.wav,0.5880004634296284,0.21186173336303368,4.099025140006026,0.5546870247883672,0.5880004634296284,0.3531028889383895,0.7997833644457835,0.5546870247883672
Bridge-Middle_4-18,..\data\processed\wet\Bridge-Middle_4-18_v2.wav,0.8259323085500162,0.3788752755498124,4.029824629457588,0.59856299321776,0.8259323085500162,0.6314587925830206,0.7844054732127973,0.59856299321776
Bridge-Middle_4-18,..\data\processed\wet\Bridge-Middle_4-18_v3.wav,0.4141410682156662,0.5747675159556825,2.935012211954801,0.6050895185405384,0.4141410682156662,0.9579458599261376,0.5411138248788447,0.6050895185405384
Bridge-Middle_4-18,..\data\processed\wet\Bridge-Middle_4-18_v4.wav,0.22048763941474925,0.37539047365636585,3.0722344226732474,0.18483839794702495,0.22048763941474925,0.6256507894272765,0.5716076494829438,0.18483839794702495
Bridge-Middle_4-19,..\data\processed\wet\Bridge-Middle_4-19_v0.wav,0.059587097353143714,0.36261559182886266,3.9366152120764424,0.5234013709220082,0.059587097353143714,0.6043593197147711,0.7636922693503205,0.5234013709220082
Bridge-Middle_4-19,..\data\processed\wet\Bridge-Middle_4-19_v1.wav,0.2267726253196457,0.39991318601582093,0.8604757697432102,0.4418337048019546,0.2267726253196457,0.6665219766930349,0.08010572660960226,0.4418337048019546
Bridge-Middle_4-19,..\data\processed\wet\Bridge-Middle_4-19_v2.wav,0.1633667583984202,0.11067543063593001,1.4103227712119164,0.3867070570439779,0.1633667583984202,0.18445905105988336,0.20229394915820365,0.3867070570439779
Bridge-Middle_4-19,..\data\processed\wet\Bridge-Middle_4-19_v3.wav,0.051150205620397626,0.2386760645574589,2.802683512016154,0.4832942849663252,0.051150205620397626,0.3977934409290982,0.5117074471147008,0.4832942849663252
Bridge-Middle_4-19,..\data\processed\wet\Bridge-Middle_4-19_v4.wav,0.38278410040304056,0.5034879648424515,1.1539701158922684,0.505696743781374,0.38278410040304056,0.8391466080707526,0.14532669242050408,0.505696743781374
Bridge-Middle_4-2,..\data\processed\wet\Bridge-Middle_4-2_v0.wav,0.062041416956554296,0.04269340732674585,3.0823963235469334,0.566018424887821,0.062041416956554296,0.07115567887790974,0.5738658496770963,0.566018424887821
Bridge-Middle_4-2,..\data\processed\wet\Bridge-Middle_4-2_v1.wav,0.878033512844457,0.3347242053960439,4.8190595918218255,0.04869484839992977,0.878033512844457,0.5578736756600732,0.9597910204048501,0.04869484839992977
Bridge-Middle_4-2,..\data\processed\wet\Bridge-Middle_4-2_v2.wav,0.09800768478074107,0.026439516942228836,1.33374582650093,0.5412701109416781,0.09800768478074107,0.04406586157038139,0.18527685033354002,0.5412701109416781
Bridge-Middle_4-2,..\data\processed\wet\Bridge-Middle_4-2_v3.wav,0.645572181427428,0.02735109476920128,4.756869004305197,0.842165376650381,0.645572181427428,0.0455851579486688,0.9459708898455994,0.842165376650381
Bridge-Middle_4-2,..\data\processed\wet\Bridge-Middle_4-2_v4.wav,0.2966124821570931,0.046312518135880776,1.2644918294857577,0.12694441375497267,0.2966124821570931,0.07718753022646796,0.16988707321905727,0.12694441375497267
Bridge-Middle_4-20,..\data\processed\wet\Bridge-Middle_4-20_v0.wav,0.12328377929894685,0.31113701319944037,1.6063134912203014,0.35813971652914445,0.12328377929894685,0.5185616886657339,0.24584744249340032,0.35813971652914445
Bridge-Middle_4-20,..\data\processed\wet\Bridge-Middle_4-20_v1.wav,0.9895053333843224,0.41058854935520683,4.770413001711506,0.1425565550331156,0.9895053333843224,0.6843142489253448,0.9489806670470013,0.1425565550331156
Bridge-Middle_4-20,..\data\processed\wet\Bridge-Middle_4-20_v2.wav,0.38213947483256927,0.33283908196941253,0.8454112784993211,0.004187443627957865,0.38213947483256927,0.5547318032823543,0.07675806188873802,0.004187443627957865
Bridge-Middle_4-20,..\data\processed\wet\Bridge-Middle_4-20_v3.wav,0.6704343337969175,0.3850917100808612,2.348549644998253,0.48964407603203264,0.6704343337969175,0.6418195168014353,0.41078880999961176,0.48964407603203264
Bridge-Middle_4-20,..\data\processed\wet\Bridge-Middle_4-20_v4.wav,0.4154430005920896,0.014403026906933313,2.009172227978581,0.17708225539728983,0.4154430005920896,0.024005044844888856,0.3353716062174624,0.17708225539728983
Bridge-Middle_4-21,..\data\processed\wet\Bridge-Middle_4-21_v0.wav,0.09842418910136874,0.5740322603336099,3.1971187626897453,0.7286562842366027,0.09842418910136874,0.9567204338893498,0.5993597250421656,0.7286562842366027
Bridge-Middle_4-21,..\data\processed\wet\Bridge-Middle_4-21_v1.wav,0.3153637432661175,0.2358882776964091,1.5661579725352557,0.09696567096542474,0.3153637432661175,0.3931471294940152,0.23692399389672347,0.09696567096542474
Bridge-Middle_4-21,..\data\processed\wet\Bridge-Middle_4-21_v2.wav,0.1790316374415838,0.4785084271778915,3.5489561233269913,0.5469288759854769,0.1790316374415838,0.7975140452964858,0.6775458051837758,0.5469288759854769
Bridge-Middle_4-21,..\data\processed\wet\Bridge-Middle_4-21_v3.wav,0.47508987286676807,0.5534605701936747,0.8273072650040079,0.28060081323791597,0.47508987286676807,0.9224342836561245,0.07273494777866842,0.28060081323791597
Bridge-Middle_4-21,..\data\processed\wet\Bridge-Middle_4-21_v4.wav,0.34993785357071405,0.46945548732767267,4.966315790728871,0.24067051475715306,0.34993785357071405,0.7824258122127878,0.9925146201619712,0.24067051475715306
Bridge-Middle_4-22,..\data\processed\wet\Bridge-Middle_4-22_v0.wav,0.8743073341370806,0.49837365625907476,1.5109582893879498,0.3993325801992226,0.8743073341370806,0.8306227604317913,0.22465739764176662,0.3993325801992226
Bridge-Middle_4-22,..\data\processed\wet\Bridge-Middle_4-22_v1.wav,0.4096728692925191,0.5869324011159349,1.3140135562050426,0.799157971104782,0.4096728692925191,0.9782206685265582,0.18089190137889835,0.799157971104782
Bridge-Middle_4-22,..\data\processed\wet\Bridge-Middle_4-22_v2.wav,0.3341927141731099,0.4385222074656962,2.390049519330483,0.57835976311654,0.3341927141731099,0.7308703457761604,0.42001100429566285,0.57835976311654
Bridge-Middle_4-22,..\data\processed\wet\Bridge-Middle_4-22_v3.wav,0.8326117733261311,0.4824993389903305,4.398904325928651,0.05961732534465902,0.8326117733261311,0.8041655649838841,0.8664231835397003,0.05961732534465902
Bridge-Middle_4-22,..\data\processed\wet\Bridge-Middle_4-22_v4.wav,0.6920505530397448,0.08399242603305772,2.3711835560828494,0.5485884150546885,0.6920505530397448,0.13998737672176287,0.415818568018411,0.5485884150546885
Bridge-Middle_4-3,..\data\processed\wet\Bridge-Middle_4-3_v0.wav,0.40273948474683074,0.31176700548180447,4.9843683895937865,0.13521731371285473,0.40273948474683074,0.5196116758030075,0.9965263087986193,0.13521731371285473
Bridge-Middle_4-3,..\data\processed\wet\Bridge-Middle_4-3_v1.wav,0.6754560453364256,0.23760057983136912,1.0985440950829795,0.15873676337430953,0.6754560453364256,0.3960009663856152,0.13300979890732878,0.15873676337430953
Bridge-Middle_4-3,..\data\processed\wet\Bridge-Middle_4-3_v2.wav,0.9492731062456169,0.5277608980270572,4.581688821867599,0.9915327758273865,0.9492731062456169,0.879601496711762,0.9070419604150219,0.9915327758273865
Bridge-Middle_4-3,..\data\processed\wet\Bridge-Middle_4-3_v3.wav,0.20831539000851795,0.21326360241843703,3.5114856346619003,0.48380253986064725,0.20831539000851795,0.35543933736406175,0.6692190299248667,0.48380253986064725
Bridge-Middle_4-3,..\data\processed\wet\Bridge-Middle_4-3_v4.wav,0.4183895333783335,0.21468674960135584,3.172012843745535,0.575593428640082,0.4183895333783335,0.35781124933559305,0.5937806319434522,0.575593428640082
Bridge-Middle_4-4,..\data\processed\wet\Bridge-Middle_4-4_v0.wav,0.16145783406424008,0.2830439025110634,2.9906229929443247,0.5702869387313905,0.16145783406424008,0.47173983751843906,0.5534717762098499,0.5702869387313905
Bridge-Middle_4-4,..\data\processed\wet\Bridge-Middle_4-4_v1.wav,0.2101071929123518,0.44536283535137206,0.6133959266948134,0.35483185554316266,0.2101071929123518,0.7422713922522868,0.025199094821069634,0.35483185554316266
Bridge-Middle_4-4,..\data\processed\wet\Bridge-Middle_4-4_v2.wav,0.7802126485356335,0.3383357526332414,1.675230946298871,0.6949531193430477,0.7802126485356335,0.5638929210554023,0.26116243251086024,0.6949531193430477
Bridge-Middle_4-4,..\data\processed\wet\Bridge-Middle_4-4_v3.wav,0.5673909441560734,0.47774616567383227,3.807613337854205,0.6101079220362347,0.5673909441560734,0.7962436094563872,0.7350251861898234,0.6101079220362347
Bridge-Middle_4-4,..\data\processed\wet\Bridge-Middle_4-4_v4.wav,0.488177675310814,0.07990927540051404,1.675998580484227,0.41909947291708527,0.488177675310814,0.1331821256675234,0.26133301788538377,0.41909947291708527
Bridge-Middle_4-5,..\data\processed\wet\Bridge-Middle_4-5_v0.wav,0.5992992870063887,0.30822471312918287,1.7968303668178827,0.006464357789710551,0.5992992870063887,0.5137078552153048,0.2881845259595295,0.006464357789710551
Bridge-Middle_4-5,..\data\processed\wet\Bridge-Middle_4-5_v1.wav,0.49623922190081393,0.17137559313734585,3.805737353197408,0.02394626527048349,0.49623922190081393,0.2856259885622431,0.7346083007105351,0.02394626527048349
Bridge-Middle_4-5,..\data\processed\wet\Bridge-Middle_4-5_v2.wav,0.5848278113057909,0.5648845425036392,1.2848417020017477,0.47164949075059537,0.5848278113057909,0.9414742375060653,0.1744092671114995,0.47164949075059537
Bridge-Middle_4-5,..\data\processed\wet\Bridge-Middle_4-5_v3.wav,0.09142199181713817,0.3754091473568116,2.9773925626830153,0.40736552421283234,0.09142199181713817,0.6256819122613526,0.5505316805962256,0.40736552421283234
Bridge-Middle_4-5,..\data\processed\wet\Bridge-Middle_4-5_v4.wav,0.5213770214737412,0.5379447950814061,1.3833243603998016,0.022564511705347234,0.5213770214737412,0.8965746584690103,0.196294302311067,0.022564511705347234
Bridge-Middle_4-6,..\data\processed\wet\Bridge-Middle_4-6_v0.wav,0.861664884699101,0.34627024943274387,4.507963049578291,0.5969452234131726,0.861664884699101,0.5771170823879065,0.8906584554618424,0.5969452234131726
Bridge-Middle_4-6,..\data\processed\wet\Bridge-Middle_4-6_v1.wav,0.8101610899597025,0.2578040180130888,3.8743696907972094,0.913041466889856,0.8101610899597025,0.429673363355148,0.7498599312882688,0.913041466889856
Bridge-Middle_4-6,..\data\processed\wet\Bridge-Middle_4-6_v2.wav,0.5721229637222063,0.10847109033742772,1.7095892676358917,0.19864457689740578,0.5721229637222063,0.18078515056237954,0.26879761503019817,0.19864457689740578
Bridge-Middle_4-6,..\data\processed\wet\Bridge-Middle_4-6_v3.wav,0.24685702759573291,0.1838492696106218,2.998102040389348,0.5879916294638328,0.24685702759573291,0.3064154493510364,0.5551337867531885,0.5879916294638328
Bridge-Middle_4-6,..\data\processed\wet\Bridge-Middle_4-6_v4.wav,0.4264997472418611,0.36925246789250127,0.8670871652511467,0.08778823705815997,0.4264997472418611,0.6154207798208354,0.08157492561136594,0.08778823705815997
Bridge-Middle_4-7,..\data\processed\wet\Bridge-Middle_4-7_v0.wav,0.17182946035765845,0.31084649882420684,1.462976054142411,0.28328440349257733,0.17182946035765845,0.5180774980403448,0.21399467869831357,0.28328440349257733
Bridge-Middle_4-7,..\data\processed\wet\Bridge-Middle_4-7_v1.wav,0.40031283617299407,0.4871196744062279,0.5623796116078705,0.6493788202366224,0.40031283617299407,0.8118661240103798,0.013862135912860118,0.6493788202366224
Bridge-Middle_4-7,..\data\processed\wet\Bridge-Middle_4-7_v2.wav,0.6688765310406853,0.4791934682139819,4.69738822577141,0.020137848949289827,0.6688765310406853,0.7986557803566365,0.9327529390603133,0.020137848949289827
Bridge-Middle_4-7,..\data\processed\wet\Bridge-Middle_4-7_v3.wav,0.15378370551321618,0.5317027764335958,2.563333529841569,0.5645906389334635,0.15378370551321618,0.8861712940559929,0.4585185621870153,0.5645906389334635
Bridge-Middle_4-7,..\data\processed\wet\Bridge-Middle_4-7_v4.wav,0.6630272037231474,0.4074399626973824,4.692831814924287,0.9969494174116696,0.6630272037231474,0.6790666044956374,0.9317404033165082,0.9969494174116696
Bridge-Middle_4-8,..\data\processed\wet\Bridge-Middle_4-8_v0.wav,0.7201574609309402,0.17233272552309048,4.458885810324546,0.04922091454076161,0.7201574609309402,0.2872212092051508,0.8797524022943435,0.04922091454076161
Bridge-Middle_4-8,..\data\processed\wet\Bridge-Middle_4-8_v1.wav,0.2310808528744962,0.538431430478229,1.6528618149770973,0.22065105962174847,0.2310808528744962,0.897385717463715,0.25619151443935495,0.22065105962174847
Bridge-Middle_4-8,..\data\processed\wet\Bridge-Middle_4-8_v2.wav,0.13812529314024724,0.5154670545881499,2.75026216635989,0.6748932030541548,0.13812529314024724,0.8591117576469165,0.5000582591910867,0.6748932030541548
Bridge-Middle_4-8,..\data\processed\wet\Bridge-Middle_4-8_v3.wav,0.23906638407502967,0.4548242526067299,3.920024952329443,0.31259802490830013,0.23906638407502967,0.7580404210112165,0.7600055449620985,0.31259802490830013
Bridge-Middle_4-8,..\data\processed\wet\Bridge-Middle_4-8_v4.wav,0.41068263301028285,0.12581416645812052,4.8945246049530695,0.6456025770584116,0.41068263301028285,0.20969027743020088,0.9765610233229043,0.6456025770584116
Bridge-Middle_4-9,..\data\processed\wet\Bridge-Middle_4-9_v0.wav,0.9345438807155155,0.18203132617747989,4.018509108486004,0.765858643884742,0.9345438807155155,0.30338554362913317,0.7818909129968898,0.765858643884742
Bridge-Middle_4-9,..\data\processed\wet\Bridge-Middle_4-9_v1.wav,0.6916556518665415,0.5793833851600803,2.27099901247842,0.1307173235897573,0.6916556518665415,0.9656389752668004,0.39355533610631555,0.1307173235897573
Bridge-Middle_4-9,..\data\processed\wet\Bridge-Middle_4-9_v2.wav,0.6717088592440608,0.43758588028632367,3.087772580564666,0.20681789313339627,0.6717088592440608,0.7293098004772062,0.5750605734588147,0.20681789313339627
Bridge-Middle_4-9,..\data\processed\wet\Bridge-Middle_4-9_v3.wav,0.5044559416693554,0.18731384194147763,2.4235993767501007,0.6452185758446639,0.5044559416693554,0.3121897365691294,0.42746652816668906,0.6452185758446639
Bridge-Middle_4-9,..\data\processed\wet\Bridge-Middle_4-9_v4.wav,0.7452147426908345,0.13933481454080587,2.32396412291129,0.2691615709916292,0.7452147426908345,0.23222469090134312,0.40532536064695335,0.2691615709916292
Bridge-Middle_5-0,..\data\processed\wet\Bridge-Middle_5-0_v0.wav,0.19863161386186912,0.470032331997503,4.591637124966466,0.3702321856845767,0.19863161386186912,0.7833872199958384,0.9092526944369924,0.3702321856845767
Bridge-Middle_5-0,..\data\processed\wet\Bridge-Middle_5-0_v1.wav,0.7512789243737669,0.5381971736186466,4.307558947386042,0.1828133885392259,0.7512789243737669,0.8969952893644111,0.8461242105302316,0.1828133885392259
Bridge-Middle_5-0,..\data\processed\wet\Bridge-Middle_5-0_v2.wav,0.9562918815133613,0.22600586425767746,2.0265829752822633,0.062431327277780335,0.9562918815133613,0.37667644042946247,0.3392406611738363,0.062431327277780335
Bridge-Middle_5-0,..\data\processed\wet\Bridge-Middle_5-0_v3.wav,0.486173654104883,0.06540816938455722,1.618429194173417,0.3169426217672814,0.486173654104883,0.10901361564092871,0.248539820927426,0.3169426217672814
Bridge-Middle_5-0,..\data\processed\wet\Bridge-Middle_5-0_v4.wav,0.808826323491684,0.5252931902375378,1.8610984285766135,0.8586981212445739,0.808826323491684,0.8754886503958964,0.3024663174614697,0.8586981212445739
Bridge-Middle_5-1,..\data\processed\wet\Bridge-Middle_5-1_v0.wav,0.8572309373697911,0.45879057023092407,1.160128013068317,0.690322846900729,0.8572309373697911,0.7646509503848735,0.14669511401518154,0.690322846900729
Bridge-Middle_5-1,..\data\processed\wet\Bridge-Middle_5-1_v1.wav,0.9450240645805688,0.4095242872602942,1.992275820985253,0.5005793174308313,0.9450240645805688,0.6825404787671571,0.33161684910783396,0.5005793174308313
Bridge-Middle_5-1,..\data\processed\wet\Bridge-Middle_5-1_v2.wav,0.6457250433510536,0.30634224523710213,1.0397882377893641,0.31206404465202064,0.6457250433510536,0.5105704087285036,0.1199529417309698,0.31206404465202064
Bridge-Middle_5-1,..\data\processed\wet\Bridge-Middle_5-1_v3.wav,0.8023960305536325,0.5168508276573104,1.1178501472200661,0.9523867523987246,0.8023960305536325,0.8614180460955173,0.13730003271557026,0.9523867523987246
Bridge-Middle_5-1,..\data\processed\wet\Bridge-Middle_5-1_v4.wav,0.32882261784860933,0.39738824323843197,3.8832131568050654,0.8119462346378834,0.32882261784860933,0.66231373873072,0.7518251459566812,0.8119462346378834
Bridge-Middle_5-10,..\data\processed\wet\Bridge-Middle_5-10_v0.wav,0.9457497022259301,0.18775172881729355,4.363279045481995,0.13168690343620704,0.9457497022259301,0.3129195480288226,0.8585064545515545,0.13168690343620704
Bridge-Middle_5-10,..\data\processed\wet\Bridge-Middle_5-10_v1.wav,0.7050409063535927,0.4451866377083915,3.549754585405942,0.252314736135153,0.7050409063535927,0.7419777295139859,0.6777232412013204,0.252314736135153
Bridge-Middle_5-10,..\data\processed\wet\Bridge-Middle_5-10_v2.wav,0.8730431470152034,0.101315078022237,0.7413565618437388,0.7174649906119122,0.8730431470152034,0.168858463370395,0.05363479152083084,0.7174649906119122
Bridge-Middle_5-10,..\data\processed\wet\Bridge-Middle_5-10_v3.wav,0.4754757152327337,0.5094588119752056,2.225287134762165,0.16827858850771282,0.4754757152327337,0.8490980199586761,0.38339714105825895,0.16827858850771282
Bridge-Middle_5-10,..\data\processed\wet\Bridge-Middle_5-10_v4.wav,0.8364421924698697,0.329345778984043,1.351381065756597,0.7203839985864458,0.8364421924698697,0.5489096316400717,0.1891957923903549,0.7203839985864458
Bridge-Middle_5-11,..\data\processed\wet\Bridge-Middle_5-11_v0.wav,0.5111136384895005,0.3625877893441919,2.5740425219296186,0.8287089838180064,0.5111136384895005,0.6043129822403198,0.4608983382065819,0.8287089838180064
Bridge-Middle_5-11,..\data\processed\wet\Bridge-Middle_5-11_v1.wav,0.8295627156830498,0.4256332930946317,0.9743061982840802,0.8388538619040689,0.8295627156830498,0.7093888218243862,0.10540137739646226,0.8388538619040689
Bridge-Middle_5-11,..\data\processed\wet\Bridge-Middle_5-11_v2.wav,0.6710129805329098,0.41821449960257967,2.1334227818174223,0.8792795561570067,0.6710129805329098,0.6970241660042995,0.36298284040387163,0.8792795561570067
Bridge-Middle_5-11,..\data\processed\wet\Bridge-Middle_5-11_v3.wav,0.7253716002348575,0.06755427991751668,2.335001154827732,0.8863803619601417,0.7253716002348575,0.11259046652919448,0.40777803440616267,0.8863803619601417
Bridge-Middle_5-11,..\data\processed\wet\Bridge-Middle_5-11_v4.wav,0.047196701697378995,0.5768499717852297,3.5562315574380325,0.6313759776433766,0.047196701697378995,0.9614166196420495,0.6791625683195628,0.6313759776433766
Bridge-Middle_5-12,..\data\processed\wet\Bridge-Middle_5-12_v0.wav,0.2705592564879914,0.14927507324350622,4.739261987698679,0.29827245423412274,0.2705592564879914,0.24879178873917704,0.9420582194885954,0.29827245423412274
Bridge-Middle_5-12,..\data\processed\wet\Bridge-Middle_5-12_v1.wav,0.7755052967189994,0.23587307892424747,1.126643318531168,0.01071529769535895,0.7755052967189994,0.39312179820707915,0.13925407078470398,0.01071529769535895
Bridge-Middle_5-12,..\data\processed\wet\Bridge-Middle_5-12_v2.wav,0.5442573370152508,0.5854672911293596,2.16111287214142,0.35719233399304484,0.5442573370152508,0.9757788185489327,0.3691361938092045,0.35719233399304484
Bridge-Middle_5-12,..\data\processed\wet\Bridge-Middle_5-12_v3.wav,0.3440916178494421,0.31232630238291503,2.482991975409321,0.8799146267270145,0.3440916178494421,0.5205438373048584,0.44066488342429355,0.8799146267270145
Bridge-Middle_5-12,..\data\processed\wet\Bridge-Middle_5-12_v4.wav,0.5055207917234903,0.3046547029131413,1.1226721762425047,0.982739540910386,0.5055207917234903,0.5077578381885688,0.1383715947205566,0.982739540910386
Bridge-Middle_5-13,..\data\processed\wet\Bridge-Middle_5-13_v0.wav,0.24997289086882968,0.044018440475761596,3.4841581203884395,0.5953663701568727,0.24997289086882968,0.07336406745960267,0.6631462489752088,0.5953663701568727
Bridge-Middle_5-13,..\data\processed\wet\Bridge-Middle_5-13_v1.wav,0.4151456539927457,0.2533153403284068,4.03278764470894,0.19571264009964906,0.4151456539927457,0.422192233880678,0.7850639210464312,0.19571264009964906
Bridge-Middle_5-13,..\data\processed\wet\Bridge-Middle_5-13_v2.wav,0.8202533189448897,0.38924826833701087,2.38536398200786,0.4580286165838686,0.8202533189448897,0.6487471138950182,0.4189697737795244,0.4580286165838686
Bridge-Middle_5-13,..\data\processed\wet\Bridge-Middle_5-13_v3.wav,0.2566472071860958,0.4512685996181849,2.807936340373705,0.3208545427498436,0.2566472071860958,0.7521143326969748,0.5128747423052678,0.3208545427498436
Bridge-Middle_5-13,..\data\processed\wet\Bridge-Middle_5-13_v4.wav,0.5960501157609502,0.5974406712307938,2.4586802584544922,0.9206914007786196,0.5960501157609502,0.995734452051323,0.43526227965655384,0.9206914007786196
Bridge-Middle_5-14,..\data\processed\wet\Bridge-Middle_5-14_v0.wav,0.3450168399245661,0.03283962415499153,1.41908947865793,0.4186951433276842,0.3450168399245661,0.054732706924985886,0.20424210636842888,0.4186951433276842
Bridge-Middle_5-14,..\data\processed\wet\Bridge-Middle_5-14_v1.wav,0.219634928594569,0.00013622293095332249,4.617506919863873,0.843879411230929,0.219634928594569,0.0002270382182555375,0.9150015377475272,0.843879411230929
Bridge-Middle_5-14,..\data\processed\wet\Bridge-Middle_5-14_v2.wav,0.7422922314869471,0.10068875738761718,1.0416360929449373,0.06760474947238315,0.7422922314869471,0.16781459564602863,0.12036357620998607,0.06760474947238315
Bridge-Middle_5-14,..\data\processed\wet\Bridge-Middle_5-14_v3.wav,0.7240291887729212,0.5572847764127311,2.4374111941086665,0.11914067199604816,0.7240291887729212,0.9288079606878852,0.430535820913037,0.11914067199604816
Bridge-Middle_5-14,..\data\processed\wet\Bridge-Middle_5-14_v4.wav,0.5123928207321066,0.20929914447517808,2.1867121595749897,0.6213306241557073,0.5123928207321066,0.34883190745863013,0.3748249243499977,0.6213306241557073
Bridge-Middle_5-15,..\data\processed\wet\Bridge-Middle_5-15_v0.wav,0.7187181132622024,0.06636215932389651,0.6601560386291437,0.9943303026857149,0.7187181132622024,0.11060359887316086,0.035590230806476386,0.9943303026857149
Bridge-Middle_5-15,..\data\processed\wet\Bridge-Middle_5-15_v1.wav,0.23272834891555183,0.03229831494507544,1.35443898093164,0.03895784634846422,0.23272834891555183,0.053830524908459076,0.18987532909591998,0.03895784634846422
Bridge-Middle_5-15,..\data\processed\wet\Bridge-Middle_5-15_v2.wav,0.39181089461717167,0.48144107067079456,2.0356000239097427,0.44418340687836655,0.39181089461717167,0.8024017844513243,0.3412444497577206,0.44418340687836655
Bridge-Middle_5-15,..\data\processed\wet\Bridge-Middle_5-15_v3.wav,0.6755867735674388,0.3053364420419281,4.376505587095959,0.8660356750457565,0.6755867735674388,0.5088940700698802,0.8614456860213243,0.8660356750457565
Bridge-Middle_5-15,..\data\processed\wet\Bridge-Middle_5-15_v4.wav,0.009910695491153643,0.46682778388991947,2.5733012010875322,0.9888405413036631,0.009910695491153643,0.7780463064831992,0.4607336002416738,0.9888405413036631
Bridge-Middle_5-16,..\data\processed\wet\Bridge-Middle_5-16_v0.wav,0.48323207587543515,0.5921375672329785,3.8955621254258146,0.24860488461330632,0.48323207587543515,0.9868959453882975,0.7545693612057366,0.24860488461330632
Bridge-Middle_5-16,..\data\processed\wet\Bridge-Middle_5-16_v1.wav,0.5383949792869577,0.5952813836871497,4.358887734883657,0.0973668937912211,0.5383949792869577,0.9921356394785829,0.8575306077519238,0.0973668937912211
Bridge-Middle_5-16,..\data\processed\wet\Bridge-Middle_5-16_v2.wav,0.7063719968099961,0.20734775152248783,0.5314201784615665,0.4034809690269996,0.7063719968099961,0.34557958587081306,0.006982261880348117,0.4034809690269996
Bridge-Middle_5-16,..\data\processed\wet\Bridge-Middle_5-16_v3.wav,0.2347544217249713,0.4913215623122829,2.0179877398059447,0.8275236939538171,0.2347544217249713,0.8188692705204715,0.3373306088457655,0.8275236939538171
Bridge-Middle_5-16,..\data\processed\wet\Bridge-Middle_5-16_v4.wav,0.0005979388347953085,0.18469149001567148,1.5852434643849287,0.23356736106861098,0.0005979388347953085,0.30781915002611915,0.24116521430776194,0.23356736106861098
Bridge-Middle_5-17,..\data\processed\wet\Bridge-Middle_5-17_v0.wav,0.0681866197654627,0.11227456224630103,2.9999730644852893,0.2913610728377445,0.0681866197654627,0.18712427041050173,0.5555495698856199,0.2913610728377445
Bridge-Middle_5-17,..\data\processed\wet\Bridge-Middle_5-17_v1.wav,0.41739478232914795,0.2261201282083131,4.441572162499526,0.9052989990105155,0.41739478232914795,0.3768668803471885,0.8759049249998946,0.9052989990105155
Bridge-Middle_5-17,..\data\processed\wet\Bridge-Middle_5-17_v2.wav,0.49295697165586005,0.19809357018936263,0.9806031680106364,0.953402879382095,0.49295697165586005,0.3301559503156044,0.10680070400236365,0.953402879382095
Bridge-Middle_5-17,..\data\processed\wet\Bridge-Middle_5-17_v3.wav,0.06022694490029745,0.17859016654096826,1.8412979052650187,0.3204012861402149,0.06022694490029745,0.29765027756828044,0.29806620117000415,0.3204012861402149
Bridge-Middle_5-17,..\data\processed\wet\Bridge-Middle_5-17_v4.wav,0.16428684327240928,0.46989685855421826,1.0512403788469515,0.6349066591531628,0.16428684327240928,0.7831614309236972,0.12249786196598923,0.6349066591531628
Bridge-Middle_5-18,..\data\processed\wet\Bridge-Middle_5-18_v0.wav,0.12384602670581746,0.04232138255577393,4.592432766586445,0.19012876631870568,0.12384602670581746,0.07053563759295656,0.9094295036858766,0.19012876631870568
Bridge-Middle_5-18,..\data\processed\wet\Bridge-Middle_5-18_v1.wav,0.8212501545597043,0.3267785226642815,0.8503543382394632,0.9554481914380675,0.8212501545597043,0.5446308711071358,0.07785651960876959,0.9554481914380675
Bridge-Middle_5-18,..\data\processed\wet\Bridge-Middle_5-18_v2.wav,0.24696116699189252,0.5157872072115639,1.2596450260305387,0.8539428821418529,0.24696116699189252,0.8596453453526065,0.16881000578456418,0.8539428821418529
Bridge-Middle_5-18,..\data\processed\wet\Bridge-Middle_5-18_v3.wav,0.013228812905293985,0.3070682739416884,3.9624916073970056,0.9347955174927833,0.013228812905293985,0.5117804565694807,0.7694425794215568,0.9347955174927833
Bridge-Middle_5-18,..\data\processed\wet\Bridge-Middle_5-18_v4.wav,0.909202136206487,0.49177492172858694,4.496861073475868,0.1992196858370765,0.909202136206487,0.8196248695476449,0.888191349661304,0.1992196858370765
Bridge-Middle_5-19,..\data\processed\wet\Bridge-Middle_5-19_v0.wav,0.28418429571172876,0.1733811149526351,2.1967426895076447,0.3933206703851887,0.28418429571172876,0.2889685249210585,0.3770539310016988,0.3933206703851887
Bridge-Middle_5-19,..\data\processed\wet\Bridge-Middle_5-19_v1.wav,0.5445553246546755,0.09592785801986482,3.610609987036952,0.1675665393045065,0.5445553246546755,0.15987976336644139,0.6912466637859893,0.1675665393045065
Bridge-Middle_5-19,..\data\processed\wet\Bridge-Middle_5-19_v2.wav,0.31030848210454753,0.3020070783636924,4.083982526855648,0.7394692332387273,0.31030848210454753,0.503345130606154,0.7964405615234773,0.7394692332387273
Bridge-Middle_5-19,..\data\processed\wet\Bridge-Middle_5-19_v3.wav,0.6455343564105223,0.09346395634810209,2.9617040552700997,0.08744650179988545,0.6455343564105223,0.15577326058017016,0.5470453456155777,0.08744650179988545
Bridge-Middle_5-19,..\data\processed\wet\Bridge-Middle_5-19_v4.wav,0.37736317679665077,0.24810991817397549,0.6791514775058922,0.2739880994699718,0.37736317679665077,0.41351653028995916,0.03981143944575383,0.2739880994699718
Bridge-Middle_5-2,..\data\processed\wet\Bridge-Middle_5-2_v0.wav,0.9556494672664894,0.5721795646978137,2.0854717441364268,0.043100108948324056,0.9556494672664894,0.9536326078296896,0.3523270542525393,0.043100108948324056
Bridge-Middle_5-2,..\data\processed\wet\Bridge-Middle_5-2_v1.wav,0.17909493932818155,0.23533067606012406,4.765008640861534,0.14119906353718492,0.17909493932818155,0.39221779343354013,0.9477796979692299,0.14119906353718492
Bridge-Middle_5-2,..\data\processed\wet\Bridge-Middle_5-2_v2.wav,0.7635158436682122,0.06520952362481525,4.915659098260746,0.381616499109135,0.7635158436682122,0.10868253937469208,0.9812575773912768,0.381616499109135
Bridge-Middle_5-2,..\data\processed\wet\Bridge-Middle_5-2_v3.wav,0.775234538899056,0.20555464968667908,3.324509947214639,0.19201608474003673,0.775234538899056,0.3425910828111318,0.6276688771588087,0.19201608474003673
Bridge-Middle_5-2,..\data\processed\wet\Bridge-Middle_5-2_v4.wav,0.14602101929696254,0.5628384837408787,4.6294127505699505,0.8874689402128824,0.14602101929696254,0.9380641395681313,0.9176472779044335,0.8874689402128824
Bridge-Middle_5-20,..\data\processed\wet\Bridge-Middle_5-20_v0.wav,0.6254334501665935,0.48496092672976693,0.810666216101187,0.33478904189067915,0.6254334501665935,0.8082682112162782,0.0690369369113749,0.33478904189067915
Bridge-Middle_5-20,..\data\processed\wet\Bridge-Middle_5-20_v1.wav,0.3137031247571562,0.38138719317156794,2.1018099806178823,0.1485067816436808,0.3137031247571562,0.6356453219526133,0.3559577734706405,0.1485067816436808
Bridge-Middle_5-20,..\data\processed\wet\Bridge-Middle_5-20_v2.wav,0.5964670754135437,0.48863035240144886,2.2195557250698794,0.1322687150984817,0.5964670754135437,0.8143839206690815,0.3821234944599732,0.1322687150984817
Bridge-Middle_5-20,..\data\processed\wet\Bridge-Middle_5-20_v3.wav,0.19668819731282305,0.14248998310163039,1.849539168475413,0.6427950705063091,0.19668819731282305,0.23748330516938398,0.2998975929945362,0.6427950705063091
Bridge-Middle_5-20,..\data\processed\wet\Bridge-Middle_5-20_v4.wav,0.600945484537719,0.41764791694022346,2.1312589303918092,0.8239976518799783,0.600945484537719,0.6960798615670392,0.36250198453151317,0.8239976518799783
Bridge-Middle_5-21,..\data\processed\wet\Bridge-Middle_5-21_v0.wav,0.20408766115576027,0.2814244485108924,4.104224246936436,0.18015864773261925,0.20408766115576027,0.469040747518154,0.8009387215414302,0.18015864773261925
Bridge-Middle_5-21,..\data\processed\wet\Bridge-Middle_5-21_v1.wav,0.10986311374078295,0.5302103806127938,2.0431834824163815,0.683870124909032,0.10986311374078295,0.8836839676879897,0.3429296627591959,0.683870124909032
Bridge-Middle_5-21,..\data\processed\wet\Bridge-Middle_5-21_v2.wav,0.02534860426393848,0.41402813304566977,1.9224559019613674,0.05574085358744174,0.02534860426393848,0.6900468884094496,0.3161013115469705,0.05574085358744174
Bridge-Middle_5-21,..\data\processed\wet\Bridge-Middle_5-21_v3.wav,0.609812761548117,0.14448228964390394,2.24063258923346,0.08058081228651359,0.609812761548117,0.24080381607317325,0.38680724205188,0.08058081228651359
Bridge-Middle_5-21,..\data\processed\wet\Bridge-Middle_5-21_v4.wav,0.14716325109494532,0.17878634129750626,0.9039177525207072,0.9108262646863152,0.14716325109494532,0.29797723549584376,0.08975950056015715,0.9108262646863152
Bridge-Middle_5-22,..\data\processed\wet\Bridge-Middle_5-22_v0.wav,0.006047043183978418,0.29031613131858686,1.0546135615964816,0.30767908947794853,0.006047043183978418,0.48386021886431146,0.12324745813255146,0.30767908947794853
Bridge-Middle_5-22,..\data\processed\wet\Bridge-Middle_5-22_v1.wav,0.9260595598182655,0.0970167319643921,4.846245438732497,0.2057943769894217,0.9260595598182655,0.16169455327398685,0.9658323197183327,0.2057943769894217
Bridge-Middle_5-22,..\data\processed\wet\Bridge-Middle_5-22_v2.wav,0.7415661084668296,0.32800635893838703,4.480154274185416,0.5539932555031309,0.7415661084668296,0.5466772648973117,0.8844787275967592,0.5539932555031309
Bridge-Middle_5-22,..\data\processed\wet\Bridge-Middle_5-22_v3.wav,0.5345592191563087,0.11727480022103992,1.2480321292324643,0.9164891511155142,0.5345592191563087,0.1954580003683999,0.16622936205165872,0.9164891511155142
Bridge-Middle_5-22,..\data\processed\wet\Bridge-Middle_5-22_v4.wav,0.32783819885003407,0.22324935297773754,3.9192064629277477,0.33882348242280735,0.32783819885003407,0.37208225496289593,0.7598236584283884,0.33882348242280735
Bridge-Middle_5-3,..\data\processed\wet\Bridge-Middle_5-3_v0.wav,0.9520624466390027,0.44275666139928016,3.18843159158039,0.8808951605447525,0.9520624466390027,0.7379277689988003,0.59742924257342,0.8808951605447525
Bridge-Middle_5-3,..\data\processed\wet\Bridge-Middle_5-3_v1.wav,0.04960590834948275,0.15423761531352523,2.592663503994095,0.22697853947152102,0.04960590834948275,0.25706269218920874,0.46503633422090995,0.22697853947152102
Bridge-Middle_5-3,..\data\processed\wet\Bridge-Middle_5-3_v2.wav,0.7439051873021519,0.5515248186322351,2.406965539689155,0.34213260011189495,0.7439051873021519,0.9192080310537253,0.4237701199309234,0.34213260011189495
Bridge-Middle_5-3,..\data\processed\wet\Bridge-Middle_5-3_v3.wav,0.9615507321375663,0.26691145969652447,2.7007178020217744,0.35164987234190537,0.9615507321375663,0.4448524328275408,0.4890484004492832,0.35164987234190537
Bridge-Middle_5-3,..\data\processed\wet\Bridge-Middle_5-3_v4.wav,0.9095484730121384,0.3413732899691104,3.929785642317401,0.8118067183508864,0.9095484730121384,0.5689554832818507,0.7621745871816447,0.8118067183508864
Bridge-Middle_5-4,..\data\processed\wet\Bridge-Middle_5-4_v0.wav,0.3418490419172582,0.260216598792228,4.318122984828191,0.36325535167581025,0.3418490419172582,0.43369433132038004,0.8484717744062648,0.36325535167581025
Bridge-Middle_5-4,..\data\processed\wet\Bridge-Middle_5-4_v1.wav,0.7939351334518513,0.5645953935446623,3.3044466788060314,0.7416272874518889,0.7939351334518513,0.9409923225744371,0.623210373068007,0.7416272874518889
Bridge-Middle_5-4,..\data\processed\wet\Bridge-Middle_5-4_v2.wav,0.8050973120411349,0.5070237893379855,2.2777400203555818,0.05126345917599817,0.8050973120411349,0.8450396488966426,0.39505333785679597,0.05126345917599817
Bridge-Middle_5-4,..\data\processed\wet\Bridge-Middle_5-4_v3.wav,0.4018762712367395,0.4042537378704539,2.5265767360135674,0.7489631508603986,0.4018762712367395,0.6737562297840898,0.45035038578079273,0.7489631508603986
Bridge-Middle_5-4,..\data\processed\wet\Bridge-Middle_5-4_v4.wav,0.3569824294686639,0.3808464846624177,1.3388891218428856,0.7493694366449569,0.3569824294686639,0.6347441411040295,0.18641980485397458,0.7493694366449569
Bridge-Middle_5-5,..\data\processed\wet\Bridge-Middle_5-5_v0.wav,0.5456959688130258,0.12243863312796034,1.8136002807401326,0.7486087085818324,0.5456959688130258,0.20406438854660058,0.29191117349780726,0.7486087085818324
Bridge-Middle_5-5,..\data\processed\wet\Bridge-Middle_5-5_v1.wav,0.4826012356615207,0.12961886423584332,4.85272035666634,0.7151250198168879,0.4826012356615207,0.2160314403930722,0.9672711903702977,0.7151250198168879
Bridge-Middle_5-5,..\data\processed\wet\Bridge-Middle_5-5_v2.wav,0.9571348325397961,0.2562630272162059,2.637951533112742,0.8979552161850192,0.9571348325397961,0.4271050453603432,0.47510034069172047,0.8979552161850192
Bridge-Middle_5-5,..\data\processed\wet\Bridge-Middle_5-5_v3.wav,0.5250493402453846,0.4243673471434003,1.6347779487298848,0.44672646870264054,0.5250493402453846,0.7072789119056672,0.25217287749552997,0.44672646870264054
Bridge-Middle_5-5,..\data\processed\wet\Bridge-Middle_5-5_v4.wav,0.12344986581035511,0.123588021526177,0.5042453687043399,0.03926505164866023,0.12344986581035511,0.20598003587696168,0.000943415267631087,0.03926505164866023
Bridge-Middle_5-6,..\data\processed\wet\Bridge-Middle_5-6_v0.wav,0.9772838231769293,0.14541221708205737,3.484898192768009,0.8390996987996115,0.9772838231769293,0.2423536951367623,0.663310709504002,0.8390996987996115
Bridge-Middle_5-6,..\data\processed\wet\Bridge-Middle_5-6_v1.wav,0.5506604592365643,0.0918867000503737,3.7765239680127487,0.600251410099583,0.5506604592365643,0.1531445000839562,0.7281164373361664,0.600251410099583
Bridge-Middle_5-6,..\data\processed\wet\Bridge-Middle_5-6_v2.wav,0.7312505893473751,0.4618479737142523,4.889346654581353,0.57356328002671,0.7312505893473751,0.7697466228570872,0.9754103676847452,0.57356328002671
Bridge-Middle_5-6,..\data\processed\wet\Bridge-Middle_5-6_v3.wav,0.3416411126906018,0.3890787341401422,0.8079831915918176,0.8973973183215863,0.3416411126906018,0.6484645569002371,0.06844070924262614,0.8973973183215863
Bridge-Middle_5-6,..\data\processed\wet\Bridge-Middle_5-6_v4.wav,0.11938101133819679,0.19670570273149093,4.170854212817543,0.5973123783307118,0.11938101133819679,0.32784283788581825,0.8157453806261208,0.5973123783307118
Bridge-Middle_5-7,..\data\processed\wet\Bridge-Middle_5-7_v0.wav,0.3936355202774421,0.2840613956250128,4.345463269409811,0.34000438605989214,0.3936355202774421,0.47343565937502136,0.8545473932021803,0.34000438605989214
Bridge-Middle_5-7,..\data\processed\wet\Bridge-Middle_5-7_v1.wav,0.8696496848121713,0.05288065858601489,3.995592967438838,0.8475476330547363,0.8696496848121713,0.08813443097669149,0.7767984372086307,0.8475476330547363
Bridge-Middle_5-7,..\data\processed\wet\Bridge-Middle_5-7_v2.wav,0.18181765283733875,0.2582079194233203,1.2447489859864502,0.7066041289942178,0.18181765283733875,0.4303465323722005,0.16549977466365562,0.7066041289942178
Bridge-Middle_5-7,..\data\processed\wet\Bridge-Middle_5-7_v3.wav,0.5353477680616567,0.3811940080249926,1.3841913513029502,0.21174586205241952,0.5353477680616567,0.635323346708321,0.19648696695621115,0.21174586205241952
Bridge-Middle_5-7,..\data\processed\wet\Bridge-Middle_5-7_v4.wav,0.04149732550990637,0.19324052111743784,3.0188509760015374,0.8579349139973288,0.04149732550990637,0.3220675351957297,0.559744661333675,0.8579349139973288
Bridge-Middle_5-8,..\data\processed\wet\Bridge-Middle_5-8_v0.wav,0.6669274474586807,0.26123779403985087,4.78904051477362,0.7192452005758319,0.6669274474586807,0.4353963233997515,0.9531201143941378,0.7192452005758319
Bridge-Middle_5-8,..\data\processed\wet\Bridge-Middle_5-8_v1.wav,0.93016520286255,0.3165527839632994,1.6650692365691282,0.052826686364721986,0.93016520286255,0.5275879732721657,0.2589042747931396,0.052826686364721986
Bridge-Middle_5-8,..\data\processed\wet\Bridge-Middle_5-8_v2.wav,0.7260848514838505,0.07278179880332047,1.8624880772238523,0.5324709078838974,0.7260848514838505,0.12130299800553412,0.3027751282719672,0.5324709078838974
Bridge-Middle_5-8,..\data\processed\wet\Bridge-Middle_5-8_v3.wav,0.5644165877797477,0.3603499181922816,1.2481489865736528,0.37973740482164875,0.5644165877797477,0.600583196987136,0.16625533034970064,0.37973740482164875
Bridge-Middle_5-8,..\data\processed\wet\Bridge-Middle_5-8_v4.wav,0.6171942271169667,0.5818913187802708,3.774340119648599,0.9226037570939578,0.6171942271169667,0.9698188646337846,0.7276311376996887,0.9226037570939578
Bridge-Middle_5-9,..\data\processed\wet\Bridge-Middle_5-9_v0.wav,0.762212058314177,0.35503018133544023,1.3641051611135504,0.666685651892513,0.762212058314177,0.5917169688924004,0.19202336913634455,0.666685651892513
Bridge-Middle_5-9,..\data\processed\wet\Bridge-Middle_5-9_v1.wav,0.6233795659599071,0.3614815022743599,2.7040364059470834,0.5286566039892756,0.6233795659599071,0.6024691704572664,0.48978586798824075,0.5286566039892756
Bridge-Middle_5-9,..\data\processed\wet\Bridge-Middle_5-9_v2.wav,0.33444252711810407,0.3115876155853819,1.3890015755531522,0.8051743973603768,0.33444252711810407,0.5193126926423032,0.19755590567847825,0.8051743973603768
Bridge-Middle_5-9,..\data\processed\wet\Bridge-Middle_5-9_v3.wav,0.1857769546987078,0.05097977393367985,2.4631071186072084,0.6583074395060619,0.1857769546987078,0.08496628988946642,0.4362460263571574,0.6583074395060619
Bridge-Middle_5-9,..\data\processed\wet\Bridge-Middle_5-9_v4.wav,0.43771682493354136,0.16605247917078517,3.011770327506983,0.34700233541219994,0.43771682493354136,0.2767541319513086,0.5581711838904407,0.34700233541219994
Bridge-Middle_6-0,..\data\processed\wet\Bridge-Middle_6-0_v0.wav,0.9328676901266331,0.5535870837621433,2.7606731898744297,0.3278839940182585,0.9328676901266331,0.9226451396035722,0.5023718199720955,0.3278839940182585
Bridge-Middle_6-0,..\data\processed\wet\Bridge-Middle_6-0_v1.wav,0.7371324139566391,0.022027766089839983,2.6364605271964305,0.33632339427033353,0.7371324139566391,0.03671294348306664,0.47476900604365124,0.33632339427033353
Bridge-Middle_6-0,..\data\processed\wet\Bridge-Middle_6-0_v2.wav,0.9205358851025547,0.007201816363609525,2.987666940732571,0.740663581066626,0.9205358851025547,0.012003027272682543,0.5528148757183491,0.740663581066626
Bridge-Middle_6-0,..\data\processed\wet\Bridge-Middle_6-0_v3.wav,0.48501798752404124,0.05124181809763299,4.87607625512556,0.5180104313760979,0.48501798752404124,0.08540303016272166,0.9724613900279022,0.5180104313760979
Bridge-Middle_6-0,..\data\processed\wet\Bridge-Middle_6-0_v4.wav,0.6141862443190114,0.1419658696245044,2.6757413829806174,0.42914949195832186,0.6141862443190114,0.23660978270750732,0.48349808510680387,0.42914949195832186
Bridge-Middle_6-1,..\data\processed\wet\Bridge-Middle_6-1_v0.wav,0.07489584200198374,0.06369621212848033,4.268626338284486,0.23981995220659025,0.07489584200198374,0.10616035354746721,0.8374725196187747,0.23981995220659025
Bridge-Middle_6-1,..\data\processed\wet\Bridge-Middle_6-1_v1.wav,0.19495827149863054,0.30294687075008353,3.9593620911313083,0.06194651857898792,0.19495827149863054,0.5049114512501393,0.7687471313625129,0.06194651857898792
Bridge-Middle_6-1,..\data\processed\wet\Bridge-Middle_6-1_v2.wav,0.5768079196382558,0.07152626570434402,0.6640747287152831,0.05274395216221739,0.5768079196382558,0.11921044284057337,0.03646105082561846,0.05274395216221739
Bridge-Middle_6-1,..\data\processed\wet\Bridge-Middle_6-1_v3.wav,0.8341641082084413,0.07078349017683694,0.7031811398553138,0.4378998871429123,0.8341641082084413,0.11797248362806156,0.045151364412291964,0.4378998871429123
Bridge-Middle_6-1,..\data\processed\wet\Bridge-Middle_6-1_v4.wav,0.8439934719420248,0.15744502589358114,2.397706778866624,0.03992253256375122,0.8439934719420248,0.26240837648930193,0.42171261752591643,0.03992253256375122
Bridge-Middle_6-10,..\data\processed\wet\Bridge-Middle_6-10_v0.wav,0.4490785141348759,0.3465678483822802,3.0690817418846517,0.33242669217436516,0.4490785141348759,0.5776130806371337,0.5709070537521448,0.33242669217436516
Bridge-Middle_6-10,..\data\processed\wet\Bridge-Middle_6-10_v1.wav,0.3155331806631355,0.06397417136195872,2.1505924429082075,0.09949466887296465,0.3155331806631355,0.10662361893659787,0.3667983206462683,0.09949466887296465
Bridge-Middle_6-10,..\data\processed\wet\Bridge-Middle_6-10_v2.wav,0.7665959447120516,0.5797645786489115,4.865335055000181,0.8650710993753938,0.7665959447120516,0.9662742977481859,0.970074456666707,0.8650710993753938
Bridge-Middle_6-10,..\data\processed\wet\Bridge-Middle_6-10_v3.wav,0.6007921493396191,0.42051941834632794,1.7834261120618633,0.6307704201726206,0.6007921493396191,0.7008656972438799,0.28520580268041407,0.6307704201726206
Bridge-Middle_6-10,..\data\processed\wet\Bridge-Middle_6-10_v4.wav,0.45564954943987745,0.2892104038661595,3.9099945216882106,0.28191835559725165,0.45564954943987745,0.4820173397769325,0.757776560375158,0.28191835559725165
Bridge-Middle_6-11,..\data\processed\wet\Bridge-Middle_6-11_v0.wav,0.3180396116945199,0.554785074677182,0.7530093268293752,0.4856342984133404,0.3180396116945199,0.9246417911286366,0.05622429485097226,0.4856342984133404
Bridge-Middle_6-11,..\data\processed\wet\Bridge-Middle_6-11_v1.wav,0.9128008004078617,0.3662178046908942,2.9588318339545943,0.2497441792293552,0.9128008004078617,0.610363007818157,0.5464070742121321,0.2497441792293552
Bridge-Middle_6-11,..\data\processed\wet\Bridge-Middle_6-11_v2.wav,0.34327548906444827,0.5112290494828158,3.0164815929580615,0.5147421937567799,0.34327548906444827,0.852048415804693,0.5592181317684581,0.5147421937567799
Bridge-Middle_6-11,..\data\processed\wet\Bridge-Middle_6-11_v3.wav,0.09957971354002892,0.009616893873073873,4.836583349091721,0.37698616728684164,0.09957971354002892,0.01602815645512312,0.9636851886870491,0.37698616728684164
Bridge-Middle_6-11,..\data\processed\wet\Bridge-Middle_6-11_v4.wav,0.6032130620995043,0.04782904391237099,3.5740142857537096,0.9325667087059609,0.6032130620995043,0.07971507318728499,0.6831142857230466,0.9325667087059609
Bridge-Middle_6-12,..\data\processed\wet\Bridge-Middle_6-12_v0.wav,0.5756652529974197,0.07566919342524633,3.117746873630645,0.7663472131046524,0.5756652529974197,0.12611532237541057,0.5817215274734767,0.7663472131046524
Bridge-Middle_6-12,..\data\processed\wet\Bridge-Middle_6-12_v1.wav,0.40641653657401866,0.5279026487648807,3.41907329010814,0.8992489182892025,0.40641653657401866,0.8798377479414679,0.6486829533573645,0.8992489182892025
Bridge-Middle_6-12,..\data\processed\wet\Bridge-Middle_6-12_v2.wav,0.6235053112473372,0.07877278320289453,1.893612699973351,0.20179494825245692,0.6235053112473372,0.13128797200482423,0.3096917111051891,0.20179494825245692
Bridge-Middle_6-12,..\data\processed\wet\Bridge-Middle_6-12_v3.wav,0.9088264977168623,0.45624004037248955,3.5437926600950274,0.3009663196316217,0.9088264977168623,0.7604000672874827,0.676398368910006,0.3009663196316217
Bridge-Middle_6-12,..\data\processed\wet\Bridge-Middle_6-12_v4.wav,0.18404477205021352,0.45387065279334704,2.6337107564558586,0.22578955215062912,0.18404477205021352,0.7564510879889118,0.47415794587907967,0.22578955215062912
Bridge-Middle_6-13,..\data\processed\wet\Bridge-Middle_6-13_v0.wav,0.6166219781652751,0.024200311283071183,1.9677661435771407,0.46855699459113465,0.6166219781652751,0.040333852138451975,0.3261702541282535,0.46855699459113465
Bridge-Middle_6-13,..\data\processed\wet\Bridge-Middle_6-13_v1.wav,0.14795833410940584,0.5907926865545037,1.4409381406532642,0.13035313004326554,0.14795833410940584,0.9846544775908395,0.20909736458961425,0.13035313004326554
Bridge-Middle_6-13,..\data\processed\wet\Bridge-Middle_6-13_v2.wav,0.2035348738868964,0.46143667989583453,2.4147754667232926,0.565415939752538,0.2035348738868964,0.7690611331597242,0.4255056592718428,0.565415939752538
Bridge-Middle_6-13,..\data\processed\wet\Bridge-Middle_6-13_v3.wav,0.021009156986360744,0.020658785143988733,2.5062149742215727,0.8166552432016235,0.021009156986360744,0.034431308573314556,0.44582554982701617,0.8166552432016235
Bridge-Middle_6-13,..\data\processed\wet\Bridge-Middle_6-13_v4.wav,0.8852388787075652,0.05202394055738413,2.9226339594546027,0.9132296862792705,0.8852388787075652,0.08670656759564022,0.5383631021010228,0.9132296862792705
Bridge-Middle_6-14,..\data\processed\wet\Bridge-Middle_6-14_v0.wav,0.38797275439788637,0.4977394988570211,1.101630444797463,0.9353944896677987,0.38797275439788637,0.8295658314283686,0.1336956543994362,0.9353944896677987
Bridge-Middle_6-14,..\data\processed\wet\Bridge-Middle_6-14_v1.wav,0.7514233175313026,0.564800635672141,3.544777550986279,0.363403931999427,0.7514233175313026,0.9413343927869017,0.6766172335525065,0.363403931999427
Bridge-Middle_6-14,..\data\processed\wet\Bridge-Middle_6-14_v2.wav,0.9381811725247224,0.16534006578550708,1.9947763492777963,0.7008084180017403,0.9381811725247224,0.2755667763091785,0.33217252206173253,0.7008084180017403
Bridge-Middle_6-14,..\data\processed\wet\Bridge-Middle_6-14_v3.wav,0.7653162995253863,0.5576420903094923,1.4216108407529426,0.797998035219224,0.7653162995253863,0.9294034838491538,0.20480240905620947,0.797998035219224
Bridge-Middle_6-14,..\data\processed\wet\Bridge-Middle_6-14_v4.wav,0.7385460533969634,0.03827673375215872,2.242504135445931,0.2827654570600986,0.7385460533969634,0.06379455625359787,0.38722314121020696,0.2827654570600986
Bridge-Middle_6-15,..\data\processed\wet\Bridge-Middle_6-15_v0.wav,0.3044904243540304,0.5897681277328205,3.3924983606596757,0.7176761577934996,0.3044904243540304,0.9829468795547008,0.6427774134799279,0.7176761577934996
Bridge-Middle_6-15,..\data\processed\wet\Bridge-Middle_6-15_v1.wav,0.9766176373150092,0.2263210694745832,4.108280758037626,0.43453096330449537,0.9766176373150092,0.3772017824576387,0.8018401684528058,0.43453096330449537
Bridge-Middle_6-15,..\data\processed\wet\Bridge-Middle_6-15_v2.wav,0.8695336718149798,0.10839452478678191,4.764587796789258,0.21877170841087967,0.8695336718149798,0.18065754131130318,0.9476861770642796,0.21877170841087967
Bridge-Middle_6-15,..\data\processed\wet\Bridge-Middle_6-15_v3.wav,0.3262205069809315,0.45371534046406825,2.27189813704433,0.6082113767664467,0.3262205069809315,0.7561922341067805,0.39375514156540664,0.6082113767664467
Bridge-Middle_6-15,..\data\processed\wet\Bridge-Middle_6-15_v4.wav,0.4445735010694285,0.4454219622538691,1.5274906356587488,0.05845798723687701,0.4445735010694285,0.7423699370897818,0.22833125236861085,0.05845798723687701
Bridge-Middle_6-16,..\data\processed\wet\Bridge-Middle_6-16_v0.wav,0.29992939747306624,0.28458519892105816,1.2560902348670535,0.3547972896563887,0.29992939747306624,0.47430866486843026,0.16802005219267857,0.3547972896563887
Bridge-Middle_6-16,..\data\processed\wet\Bridge-Middle_6-16_v1.wav,0.3999830182935685,0.034435106212964126,3.1248826168289203,0.8843434279712875,0.3999830182935685,0.05739184368827355,0.5833072481842045,0.8843434279712875
Bridge-Middle_6-16,..\data\processed\wet\Bridge-Middle_6-16_v2.wav,0.15174291295305242,0.3586848080409084,3.4913264220988083,0.41933468041928834,0.15174291295305242,0.597808013401514,0.6647392049108463,0.41933468041928834
Bridge-Middle_6-16,..\data\processed\wet\Bridge-Middle_6-16_v3.wav,0.70109758736427,0.2464389260946072,2.770867795898457,0.00735304455442698,0.70109758736427,0.41073154349101204,0.5046372879774349,0.00735304455442698
Bridge-Middle_6-16,..\data\processed\wet\Bridge-Middle_6-16_v4.wav,0.6917201141346888,0.3968056073668346,0.6728039479685506,0.3682501073951331,0.6917201141346888,0.6613426789447244,0.038400877326344576,0.3682501073951331
Bridge-Middle_6-17,..\data\processed\wet\Bridge-Middle_6-17_v0.wav,0.9790318407916674,0.25244193754117006,2.758754323093288,0.9099301581597186,0.9790318407916674,0.4207365625686168,0.5019454051318417,0.9099301581597186
Bridge-Middle_6-17,..\data\processed\wet\Bridge-Middle_6-17_v1.wav,0.7172618758657564,0.3492420786745341,4.090121066034826,0.8643662664559733,0.7172618758657564,0.5820701311242236,0.7978046813410725,0.8643662664559733
Bridge-Middle_6-17,..\data\processed\wet\Bridge-Middle_6-17_v2.wav,0.45688807173726687,0.28506501895910125,2.237229210433261,0.9667061400184606,0.45688807173726687,0.47510836493183545,0.3860509356518358,0.9667061400184606
Bridge-Middle_6-17,..\data\processed\wet\Bridge-Middle_6-17_v3.wav,0.6971662542903504,0.049933839724843374,4.383318304908583,0.4805599408362681,0.6971662542903504,0.0832230662080723,0.8629596233130185,0.4805599408362681
Bridge-Middle_6-17,..\data\processed\wet\Bridge-Middle_6-17_v4.wav,0.06875390642248747,0.32983035309798664,2.377239255390659,0.8777494048626249,0.06875390642248747,0.549717255163311,0.417164278975702,0.8777494048626249
Bridge-Middle_6-18,..\data\processed\wet\Bridge-Middle_6-18_v0.wav,0.20399460360938737,0.49587876569530975,3.009599110334537,0.05461030321346905,0.20399460360938737,0.8264646094921829,0.5576886911854527,0.05461030321346905
Bridge-Middle_6-18,..\data\processed\wet\Bridge-Middle_6-18_v1.wav,0.9718453013254846,0.30756914646191996,1.808945844042121,0.4694068419892581,0.9718453013254846,0.5126152441031999,0.2908768542315825,0.4694068419892581
Bridge-Middle_6-18,..\data\processed\wet\Bridge-Middle_6-18_v2.wav,0.857857783517489,0.1829418746310381,1.3670437841901515,0.12907124693088146,0.857857783517489,0.3049031243850635,0.19267639648670032,0.12907124693088146
Bridge-Middle_6-18,..\data\processed\wet\Bridge-Middle_6-18_v3.wav,0.29785939839021125,0.46802885222402607,2.6223186433786774,0.22748160369353998,0.29785939839021125,0.7800480870400435,0.47162636519526163,0.22748160369353998
Bridge-Middle_6-18,..\data\processed\wet\Bridge-Middle_6-18_v4.wav,0.1661849996097492,0.19963768590622746,4.72965967798569,0.3430267125900244,0.1661849996097492,0.3327294765103791,0.9399243728857088,0.3430267125900244
Bridge-Middle_6-19,..\data\processed\wet\Bridge-Middle_6-19_v0.wav,0.9881240759546354,0.29113827345921367,1.306237632305679,0.8911400917935094,0.9881240759546354,0.4852304557653561,0.17916391829015088,0.8911400917935094
Bridge-Middle_6-19,..\data\processed\wet\Bridge-Middle_6-19_v1.wav,0.4603553731348269,0.42580280610271465,4.926702124441183,0.050175350319974,0.4603553731348269,0.7096713435045244,0.9837115832091519,0.050175350319974
Bridge-Middle_6-19,..\data\processed\wet\Bridge-Middle_6-19_v2.wav,0.09669455978756714,0.4322740448776537,1.768212514829624,0.18430139695009906,0.09669455978756714,0.7204567414627562,0.281825003295472,0.18430139695009906
Bridge-Middle_6-19,..\data\processed\wet\Bridge-Middle_6-19_v3.wav,0.039361879819729495,0.013108027191721083,3.985185214039059,0.13443342736955,0.039361879819729495,0.021846711986201806,0.7744856031197909,0.13443342736955
Bridge-Middle_6-19,..\data\processed\wet\Bridge-Middle_6-19_v4.wav,0.4677206159711509,0.3635380891076898,2.427583102559808,0.027106652336233106,0.4677206159711509,0.605896815179483,0.42835180056884625,0.027106652336233106
Bridge-Middle_6-2,..\data\processed\wet\Bridge-Middle_6-2_v0.wav,0.7835015025879088,0.006307934724992093,3.928504524698678,0.8933044937881227,0.7835015025879088,0.010513224541653488,0.761889894377484,0.8933044937881227
Bridge-Middle_6-2,..\data\processed\wet\Bridge-Middle_6-2_v1.wav,0.4328399210571723,0.32132548385867893,2.646425266779442,0.3892086186234388,0.4328399210571723,0.5355424730977982,0.47698339261765377,0.3892086186234388
Bridge-Middle_6-2,..\data\processed\wet\Bridge-Middle_6-2_v2.wav,0.8874245353703603,0.5363601064019943,2.0111736408869056,0.615069754014698,0.8874245353703603,0.8939335106699905,0.3358163646415346,0.615069754014698
Bridge-Middle_6-2,..\data\processed\wet\Bridge-Middle_6-2_v3.wav,0.9269075621458641,0.5772350993648109,2.790315681899214,0.4528248052843268,0.9269075621458641,0.9620584989413515,0.5089590404220475,0.4528248052843268
Bridge-Middle_6-2,..\data\processed\wet\Bridge-Middle_6-2_v4.wav,0.2786943159285258,0.575323123914246,1.1426643701279031,0.579829576047725,0.2786943159285258,0.95887187319041,0.14281430447286736,0.579829576047725
Bridge-Middle_6-20,..\data\processed\wet\Bridge-Middle_6-20_v0.wav,0.2825502675186389,0.16740497420867798,2.322358643192848,0.9987929358156545,0.2825502675186389,0.2790082903477966,0.4049685873761884,0.9987929358156545
Bridge-Middle_6-20,..\data\processed\wet\Bridge-Middle_6-20_v1.wav,0.054966306839822066,0.34712509092211885,0.8715747111587473,0.15452082999051897,0.054966306839822066,0.5785418182035315,0.08257215803527718,0.15452082999051897
Bridge-Middle_6-20,..\data\processed\wet\Bridge-Middle_6-20_v2.wav,0.4395629417728987,0.3062760788078648,1.664565837640358,0.3164571308744162,0.4395629417728987,0.5104601313464413,0.258792408364524,0.3164571308744162
Bridge-Middle_6-20,..\data\processed\wet\Bridge-Middle_6-20_v3.wav,0.08696702025593306,0.1819318703065503,4.849512977212449,0.9447073816724817,0.08696702025593306,0.3032197838442505,0.9665584393805441,0.9447073816724817
Bridge-Middle_6-20,..\data\processed\wet\Bridge-Middle_6-20_v4.wav,0.334878290136985,0.3425123617672569,4.59317925999925,0.0061838226408966745,0.334878290136985,0.5708539362787616,0.9095953911109445,0.0061838226408966745
Bridge-Middle_6-21,..\data\processed\wet\Bridge-Middle_6-21_v0.wav,0.8106835703375919,0.5690217316733513,0.9109658045010067,0.16144768603292103,0.8106835703375919,0.948369552788919,0.09132573433355705,0.16144768603292103
Bridge-Middle_6-21,..\data\processed\wet\Bridge-Middle_6-21_v1.wav,0.9607463027713554,0.32252408618420775,0.5638848551227567,0.25763199876352916,0.9607463027713554,0.5375401436403463,0.014196634471723701,0.25763199876352916
Bridge-Middle_6-21,..\data\processed\wet\Bridge-Middle_6-21_v2.wav,0.4499436742688596,0.4157453466148606,3.7992217016155982,0.9954215129254561,0.4499436742688596,0.6929089110247677,0.7331603781367996,0.9954215129254561
Bridge-Middle_6-21,..\data\processed\wet\Bridge-Middle_6-21_v3.wav,0.287511199383759,0.32293206112108513,2.8999559653682225,0.4056452594472375,0.287511199383759,0.5382201018684752,0.533323547859605,0.4056452594472375
Bridge-Middle_6-21,..\data\processed\wet\Bridge-Middle_6-21_v4.wav,0.1691618938424202,0.5864739379103056,4.339927339999637,0.4983330282942372,0.1691618938424202,0.9774565631838427,0.853317186666586,0.4983330282942372
Bridge-Middle_6-22,..\data\processed\wet\Bridge-Middle_6-22_v0.wav,0.6032454226840298,0.13635663213579738,2.947041816762861,0.6949701331214758,0.6032454226840298,0.2272610535596623,0.5437870703917469,0.6949701331214758
Bridge-Middle_6-22,..\data\processed\wet\Bridge-Middle_6-22_v1.wav,0.5151670283865888,0.5941711023509647,3.2510374531147677,0.37097371259216905,0.5151670283865888,0.9902851705849413,0.6113416562477262,0.37097371259216905
Bridge-Middle_6-22,..\data\processed\wet\Bridge-Middle_6-22_v2.wav,0.7721520276158381,0.10227750694898523,2.2303211616781993,0.34695895037758584,0.7721520276158381,0.17046251158164205,0.38451581370626653,0.34695895037758584
Bridge-Middle_6-22,..\data\processed\wet\Bridge-Middle_6-22_v3.wav,0.43180709510777726,0.46906789555723577,2.6787786447353334,0.7940144502659627,0.43180709510777726,0.7817798259287263,0.48417303216340746,0.7940144502659627
Bridge-Middle_6-22,..\data\processed\wet\Bridge-Middle_6-22_v4.wav,0.5764889031398659,0.2052416607945332,4.1449043465756255,0.23828967055309158,0.5764889031398659,0.34206943465755535,0.8099787436834723,0.23828967055309158
Bridge-Middle_6-3,..\data\processed\wet\Bridge-Middle_6-3_v0.wav,0.2243829797997955,0.3027017544329014,1.6738216068294,0.009087034951216322,0.2243829797997955,0.5045029240548358,0.2608492459620889,0.009087034951216322
Bridge-Middle_6-3,..\data\processed\wet\Bridge-Middle_6-3_v1.wav,0.6482975272988015,0.3066562928834388,2.5048301652192255,0.9669685146183153,0.6482975272988015,0.511093821472398,0.44551781449316125,0.9669685146183153
Bridge-Middle_6-3,..\data\processed\wet\Bridge-Middle_6-3_v2.wav,0.5711991839629137,0.5180589466736307,1.1275260629232209,0.5692064631294277,0.5711991839629137,0.8634315777893846,0.1394502362051602,0.5692064631294277
Bridge-Middle_6-3,..\data\processed\wet\Bridge-Middle_6-3_v3.wav,0.8679796267309029,0.3498634543679388,3.7310638015715067,0.3720435678122074,0.8679796267309029,0.583105757279898,0.7180141781270015,0.3720435678122074
Bridge-Middle_6-3,..\data\processed\wet\Bridge-Middle_6-3_v4.wav,0.09244951703706661,0.2747401770762428,2.275157258774859,0.8670601823789473,0.09244951703706661,0.45790029512707137,0.3944793908388575,0.8670601823789473
Bridge-Middle_6-4,..\data\processed\wet\Bridge-Middle_6-4_v0.wav,0.24399530235247224,0.5800405365210648,4.811621539120233,0.2476316430714387,0.24399530235247224,0.9667342275351081,0.9581381198044961,0.2476316430714387
Bridge-Middle_6-4,..\data\processed\wet\Bridge-Middle_6-4_v1.wav,0.3480519554773205,0.537333444524331,4.849799994032484,0.44343910283604404,0.3480519554773205,0.895555740873885,0.9666222208961075,0.44343910283604404
Bridge-Middle_6-4,..\data\processed\wet\Bridge-Middle_6-4_v2.wav,0.3209970456408978,0.3156564079509252,3.5949614286458065,0.2734745153749798,0.3209970456408978,0.526094013251542,0.6877692063657348,0.2734745153749798
Bridge-Middle_6-4,..\data\processed\wet\Bridge-Middle_6-4_v3.wav,0.7364731746190728,0.030994414268784617,0.721825217439874,0.3862877051455452,0.7364731746190728,0.051657357114641034,0.049294492764416456,0.3862877051455452
Bridge-Middle_6-4,..\data\processed\wet\Bridge-Middle_6-4_v4.wav,0.3534731920607206,0.18937992922029137,2.709588932010095,0.32073358231157123,0.3534731920607206,0.3156332153671523,0.49101976266891,0.32073358231157123
Bridge-Middle_6-5,..\data\processed\wet\Bridge-Middle_6-5_v0.wav,0.19225791846809193,0.18568172945316055,4.887069227646057,0.4111134169948486,0.19225791846809193,0.3094695490886009,0.9749042728102348,0.4111134169948486
Bridge-Middle_6-5,..\data\processed\wet\Bridge-Middle_6-5_v1.wav,0.44471277685833577,0.345926993970684,4.92503345786402,0.241601276435763,0.44471277685833577,0.57654498995114,0.9833407684142266,0.241601276435763
Bridge-Middle_6-5,..\data\processed\wet\Bridge-Middle_6-5_v2.wav,0.6812821105324338,0.42959081612503447,3.2329598755687967,0.08857833963664408,0.6812821105324338,0.7159846935417241,0.6073244167930659,0.08857833963664408
Bridge-Middle_6-5,..\data\processed\wet\Bridge-Middle_6-5_v3.wav,0.6768722758275765,0.038456826621705284,3.182641922974536,0.7395811772217427,0.6768722758275765,0.06409471103617548,0.5961426495498969,0.7395811772217427
Bridge-Middle_6-5,..\data\processed\wet\Bridge-Middle_6-5_v4.wav,0.21096989061995042,0.5049732045256644,0.6365921248985191,0.8438128636583061,0.21096989061995042,0.841622007542774,0.03035380553300425,0.8438128636583061
Bridge-Middle_6-6,..\data\processed\wet\Bridge-Middle_6-6_v0.wav,0.4603290506427651,0.13055276395898668,1.102001652472856,0.9533071675823725,0.4603290506427651,0.2175879399316445,0.133778144993968,0.9533071675823725
Bridge-Middle_6-6,..\data\processed\wet\Bridge-Middle_6-6_v1.wav,0.07266558758115671,0.1194560519615554,2.0652005634487067,0.6202348489611205,0.07266558758115671,0.19909341993592566,0.34782234743304596,0.6202348489611205
Bridge-Middle_6-6,..\data\processed\wet\Bridge-Middle_6-6_v2.wav,0.5448010852760984,0.07538609544738839,1.8037759268219657,0.23875177108602408,0.5448010852760984,0.12564349241231398,0.2897279837382146,0.23875177108602408
Bridge-Middle_6-6,..\data\processed\wet\Bridge-Middle_6-6_v3.wav,0.21354285449034138,0.2466866018879922,3.668141536662456,0.21745293221723594,0.21354285449034138,0.41114433647998705,0.7040314525916569,0.21745293221723594
Bridge-Middle_6-6,..\data\processed\wet\Bridge-Middle_6-6_v4.wav,0.3666788797029814,0.23455045610469735,4.894054382459346,0.9546663568790689,0.3666788797029814,0.39091742684116226,0.9764565294354102,0.9546663568790689
Bridge-Middle_6-7,..\data\processed\wet\Bridge-Middle_6-7_v0.wav,0.8001375827520759,0.1449953524915111,0.8061679134125136,0.31690413772062476,0.8001375827520759,0.2416589208191852,0.06803731409166969,0.31690413772062476
Bridge-Middle_6-7,..\data\processed\wet\Bridge-Middle_6-7_v1.wav,0.26679454943383085,0.30355548008783634,3.999775595305069,0.858322938878858,0.26679454943383085,0.5059258001463939,0.7777279100677931,0.858322938878858
Bridge-Middle_6-7,..\data\processed\wet\Bridge-Middle_6-7_v2.wav,0.8448640854105085,0.21580533673384064,3.592554545573073,0.31283419752422004,0.8448640854105085,0.35967556122306776,0.6872343434606829,0.31283419752422004
Bridge-Middle_6-7,..\data\processed\wet\Bridge-Middle_6-7_v3.wav,0.06090554323518271,0.42093915936176535,0.5442239865640452,0.40918258745848857,0.06090554323518271,0.7015652656029423,0.009827552569787833,0.40918258745848857
Bridge-Middle_6-7,..\data\processed\wet\Bridge-Middle_6-7_v4.wav,0.32937926930207573,0.41602652311131144,3.948104627421705,0.30409463597128383,0.32937926930207573,0.6933775385188524,0.7662454727603789,0.30409463597128383
Bridge-Middle_6-8,..\data\processed\wet\Bridge-Middle_6-8_v0.wav,0.8116270144448535,0.17635005630296025,2.5084686199395256,0.7270185270141339,0.8116270144448535,0.29391676050493376,0.4463263599865612,0.7270185270141339
Bridge-Middle_6-8,..\data\processed\wet\Bridge-Middle_6-8_v1.wav,0.6929202292247886,0.59242108338732,1.5132246089716934,0.6623179135395824,0.6929202292247886,0.9873684723122,0.22516102421593187,0.6623179135395824
Bridge-Middle_6-8,..\data\processed\wet\Bridge-Middle_6-8_v2.wav,0.6096819082757774,0.5490590726940179,1.2036296374019377,0.751798163586933,0.6096819082757774,0.9150984544900298,0.15636214164487505,0.751798163586933
Bridge-Middle_6-8,..\data\processed\wet\Bridge-Middle_6-8_v3.wav,0.5682686162687683,0.16479952187274324,2.6349571136622836,0.3337765970697978,0.5682686162687683,0.2746658697879054,0.47443491414717415,0.3337765970697978
Bridge-Middle_6-8,..\data\processed\wet\Bridge-Middle_6-8_v4.wav,0.5793134027884609,0.5334003664887995,3.061872429854909,0.631722418326584,0.5793134027884609,0.8890006108146659,0.569304984412202,0.631722418326584
Bridge-Middle_6-9,..\data\processed\wet\Bridge-Middle_6-9_v0.wav,0.5187478471147094,0.030699303867285543,1.5478635059424242,0.49200172943208276,0.5187478471147094,0.051165506445475906,0.23285855687609425,0.49200172943208276
Bridge-Middle_6-9,..\data\processed\wet\Bridge-Middle_6-9_v1.wav,0.31023528374470477,0.10905815865671653,2.7685977886329725,0.3228097934478503,0.31023528374470477,0.18176359776119422,0.5041328419184383,0.3228097934478503
Bridge-Middle_6-9,..\data\processed\wet\Bridge-Middle_6-9_v2.wav,0.2581076431734147,0.27839125046422847,1.0997791613697792,0.9277457330754073,0.2581076431734147,0.4639854174403808,0.13328425808217315,0.9277457330754073
Bridge-Middle_6-9,..\data\processed\wet\Bridge-Middle_6-9_v3.wav,0.867702097919239,0.4245723514443212,0.977962224148053,0.775877254469693,0.867702097919239,0.7076205857405353,0.10621382758845622,0.775877254469693
Bridge-Middle_6-9,..\data\processed\wet\Bridge-Middle_6-9_v4.wav,0.807957328109019,0.4606587706286026,1.0128464920365852,0.6439079570677647,0.807957328109019,0.7677646177143377,0.11396588711924115,0.6439079570677647
Middle_1-0,..\data\processed\wet\Middle_1-0_v0.wav,0.8343247957493986,0.3464120407318006,3.4088331885264003,0.4583634794263062,0.8343247957493986,0.5773534012196677,0.646407375228089,0.4583634794263062
Middle_1-0,..\data\processed\wet\Middle_1-0_v1.wav,0.5287073198840526,0.020626115011035128,3.375333598879781,0.08144721289115919,0.5287073198840526,0.034376858351725215,0.6389630219732846,0.08144721289115919
Middle_1-0,..\data\processed\wet\Middle_1-0_v2.wav,0.4350145943402234,0.1755930586004447,2.954425775952709,0.13341633552320709,0.4350145943402234,0.2926550976674078,0.5454279502117131,0.13341633552320709
Middle_1-0,..\data\processed\wet\Middle_1-0_v3.wav,0.6916434019733182,0.4770069221570822,1.2350950238442042,0.10431308735188216,0.6916434019733182,0.7950115369284704,0.1633544497431565,0.10431308735188216
Middle_1-0,..\data\processed\wet\Middle_1-0_v4.wav,0.14551548278735915,0.526276537139101,2.876851677903603,0.4672609960075026,0.14551548278735915,0.8771275618985018,0.5281892617563562,0.4672609960075026
Middle_1-1,..\data\processed\wet\Middle_1-1_v0.wav,0.10671181910235428,0.38973360405417706,4.405998163527904,0.828185869323453,0.10671181910235428,0.6495560067569618,0.8679995918950899,0.828185869323453
Middle_1-1,..\data\processed\wet\Middle_1-1_v1.wav,0.6260547089808013,0.04516722999100418,1.0057866222920584,0.049308987109824676,0.6260547089808013,0.07527871665167363,0.11239702717601298,0.049308987109824676
Middle_1-1,..\data\processed\wet\Middle_1-1_v2.wav,0.2574792164924693,0.08139688029622665,1.6702161811359524,0.3850580557189617,0.2574792164924693,0.13566146716037775,0.2600480402524339,0.3850580557189617
Middle_1-1,..\data\processed\wet\Middle_1-1_v3.wav,0.9429827840711357,0.36622563586901524,4.257382035573331,0.7103515007123322,0.9429827840711357,0.6103760597816921,0.8349737856829624,0.7103515007123322
Middle_1-1,..\data\processed\wet\Middle_1-1_v4.wav,0.11250313052663174,0.4415522438243693,1.7379449670160598,0.6391078469947064,0.11250313052663174,0.7359204063739488,0.27509888155912443,0.6391078469947064
Middle_1-10,..\data\processed\wet\Middle_1-10_v0.wav,0.3409619736429885,0.5986033579587955,1.6859816577355002,0.27913047077426967,0.3409619736429885,0.9976722632646592,0.2635514794967778,0.27913047077426967
Middle_1-10,..\data\processed\wet\Middle_1-10_v1.wav,0.9306722555623983,0.014786642781793601,3.635100445429386,0.7253263907358781,0.9306722555623983,0.02464440463632267,0.6966889878731969,0.7253263907358781
Middle_1-10,..\data\processed\wet\Middle_1-10_v2.wav,0.8363785774103993,0.5846635863830851,4.890208636204936,0.0652767575664639,0.8363785774103993,0.9744393106384752,0.9756019191566525,0.0652767575664639
Middle_1-10,..\data\processed\wet\Middle_1-10_v3.wav,0.8218393227529025,0.3877859601944288,3.4130396046789104,0.1283499266146948,0.8218393227529025,0.6463099336573813,0.6473421343730912,0.1283499266146948
Middle_1-10,..\data\processed\wet\Middle_1-10_v4.wav,0.6501871664456533,0.5894895483607486,4.603183562927511,0.4391306608048505,0.6501871664456533,0.9824825806012477,0.911818569539447,0.4391306608048505
Middle_1-11,..\data\processed\wet\Middle_1-11_v0.wav,0.03994797328609434,0.2173760940001229,4.218756402202498,0.701499101465166,0.03994797328609434,0.36229349000020483,0.8263903116005551,0.701499101465166
Middle_1-11,..\data\processed\wet\Middle_1-11_v1.wav,0.4593436555939564,0.03306092109529866,2.421026275204862,0.4690249397178835,0.4593436555939564,0.0551015351588311,0.4268947278233026,0.4690249397178835
Middle_1-11,..\data\processed\wet\Middle_1-11_v2.wav,0.928555532894136,0.38465166214929564,1.90243812494592,0.5253182644507214,0.928555532894136,0.6410861035821595,0.3116529166546489,0.5253182644507214
Middle_1-11,..\data\processed\wet\Middle_1-11_v3.wav,0.06605530782216007,0.583540941389842,2.120269558688267,0.4778673549131358,0.06605530782216007,0.9725682356497367,0.360059901930726,0.4778673549131358
Middle_1-11,..\data\processed\wet\Middle_1-11_v4.wav,0.3552839742369226,0.40950703806972005,3.480044712483169,0.7153223105291356,0.3552839742369226,0.6825117301162001,0.662232158329593,0.7153223105291356
Middle_1-12,..\data\processed\wet\Middle_1-12_v0.wav,0.26814322961192083,0.18940108869843958,1.0636305399329358,0.6555099718461126,0.26814322961192083,0.315668481164066,0.12525123109620795,0.6555099718461126
Middle_1-12,..\data\processed\wet\Middle_1-12_v1.wav,0.03979712733565255,0.3586094013140754,4.413631481832352,0.8908321482896335,0.03979712733565255,0.5976823355234591,0.8696958848516338,0.8908321482896335
Middle_1-12,..\data\processed\wet\Middle_1-12_v2.wav,0.4490377603699617,0.27558221292784424,0.8463613235360781,0.6707650254430357,0.4490377603699617,0.45930368821307377,0.07696918300801735,0.6707650254430357
Middle_1-12,..\data\processed\wet\Middle_1-12_v3.wav,0.8212594203728455,0.14679303276282782,2.395853967350141,0.8388393367652703,0.8212594203728455,0.24465505460471304,0.4213008816333647,0.8388393367652703
Middle_1-12,..\data\processed\wet\Middle_1-12_v4.wav,0.877120467662288,0.14590798815853556,2.977567855436139,0.19249315063582706,0.877120467662288,0.24317998026422594,0.5505706345413642,0.19249315063582706
Middle_1-13,..\data\processed\wet\Middle_1-13_v0.wav,0.10187876413955654,0.5466723008351745,4.192283769044492,0.7600349018031739,0.10187876413955654,0.9111205013919575,0.8205075042321093,0.7600349018031739
Middle_1-13,..\data\processed\wet\Middle_1-13_v1.wav,0.04876631881314042,0.5062372756261545,2.471198341574227,0.34239512329585964,0.04876631881314042,0.8437287927102576,0.43804407590538375,0.34239512329585964
Middle_1-13,..\data\processed\wet\Middle_1-13_v2.wav,0.5464763610253764,0.054811945634133497,3.904909472085795,0.5824350768882959,0.5464763610253764,0.09135324272355583,0.7566465493523988,0.5824350768882959
Middle_1-13,..\data\processed\wet\Middle_1-13_v3.wav,0.18659009687316752,0.11293931986142736,1.329118932077034,0.057002387551933986,0.18659009687316752,0.1882321997690456,0.18424865157267423,0.057002387551933986
Middle_1-13,..\data\processed\wet\Middle_1-13_v4.wav,0.5877984493716848,0.5042089065531048,0.5787419629432486,0.04900464497127355,0.5877984493716848,0.840348177588508,0.017498213987388586,0.04900464497127355
Middle_1-14,..\data\processed\wet\Middle_1-14_v0.wav,0.5727702766869458,0.49169741123163135,1.9703250075588512,0.34961439880772216,0.5727702766869458,0.8194956853860523,0.3267388905686336,0.34961439880772216
Middle_1-14,..\data\processed\wet\Middle_1-14_v1.wav,0.5963464974967759,0.16452773347448818,0.6197376473495786,0.7352285181015961,0.5963464974967759,0.274212889124147,0.02660836607768413,0.7352285181015961
Middle_1-14,..\data\processed\wet\Middle_1-14_v2.wav,0.6256499129414531,0.34845359943339543,3.837578580463204,0.6752308375620375,0.6256499129414531,0.5807559990556591,0.7416841289918231,0.6752308375620375
Middle_1-14,..\data\processed\wet\Middle_1-14_v3.wav,0.20588198817832115,0.2114886281660107,1.0674956375538125,0.12985701341788103,0.20588198817832115,0.35248104694335114,0.126110141678625,0.12985701341788103
Middle_1-14,..\data\processed\wet\Middle_1-14_v4.wav,0.6761957463565392,0.5151600641894989,4.8322966273751256,0.6283471175494444,0.6761957463565392,0.8586001069824982,0.962732583861139,0.6283471175494444
Middle_1-15,..\data\processed\wet\Middle_1-15_v0.wav,0.18410132336095697,0.06339020726935841,4.15782937191541,0.5787564763599993,0.18410132336095697,0.10565034544893069,0.8128509715367578,0.5787564763599993
Middle_1-15,..\data\processed\wet\Middle_1-15_v1.wav,0.6182850210137198,0.46887725325282553,3.664747524796032,0.8344582528560966,0.6182850210137198,0.7814620887547092,0.7032772277324516,0.8344582528560966
Middle_1-15,..\data\processed\wet\Middle_1-15_v2.wav,0.05621390545987848,0.4485123820479029,4.328837407949429,0.28613504245831434,0.05621390545987848,0.7475206367465048,0.8508527573220953,0.28613504245831434
Middle_1-15,..\data\processed\wet\Middle_1-15_v3.wav,0.6404472739932529,0.18849723830218326,4.810869799171043,0.03342357243550376,0.6404472739932529,0.3141620638369721,0.9579710664824541,0.03342357243550376
Middle_1-15,..\data\processed\wet\Middle_1-15_v4.wav,0.579792843832955,0.09990212822970905,3.7049909232972142,0.17589028341866209,0.579792843832955,0.1665035470495151,0.7122202051771587,0.17589028341866209
Middle_1-16,..\data\processed\wet\Middle_1-16_v0.wav,0.23538326189835757,0.29662248662745483,4.616757274985951,0.21171437214797084,0.23538326189835757,0.4943708110457581,0.914834949996878,0.21171437214797084
Middle_1-16,..\data\processed\wet\Middle_1-16_v1.wav,0.14424002111810352,0.45538609911241834,2.7527878955026894,0.9117851123817714,0.14424002111810352,0.7589768318540306,0.500619532333931,0.9117851123817714
Middle_1-16,..\data\processed\wet\Middle_1-16_v2.wav,0.14661455715984228,0.3875567358138236,1.5479561576831677,0.1567604286516393,0.14661455715984228,0.6459278930230393,0.23287914615181504,0.1567604286516393
Middle_1-16,..\data\processed\wet\Middle_1-16_v3.wav,0.6834294151572705,0.3562107719452399,3.8967235626304904,0.30946257644618236,0.6834294151572705,0.5936846199087332,0.7548274583623312,0.30946257644618236
Middle_1-16,..\data\processed\wet\Middle_1-16_v4.wav,0.44797165638218994,0.24328300579825107,4.928402587849314,0.2922489567393879,0.44797165638218994,0.4054716763304185,0.9840894639665143,0.2922489567393879
Middle_1-17,..\data\processed\wet\Middle_1-17_v0.wav,0.2948172383467669,0.21272892529716442,3.040673365806447,0.25232274426374524,0.2948172383467669,0.3545482088286074,0.5645940812903215,0.25232274426374524
Middle_1-17,..\data\processed\wet\Middle_1-17_v1.wav,0.9152899403792739,0.1594113389197581,4.531170792020876,0.10347506364658465,0.9152899403792739,0.2656855648662635,0.8958157315601947,0.10347506364658465
Middle_1-17,..\data\processed\wet\Middle_1-17_v2.wav,0.6565627023996523,0.5441913110629462,1.259372472792033,0.968326960099255,0.6565627023996523,0.9069855184382436,0.16874943839822956,0.968326960099255
Middle_1-17,..\data\processed\wet\Middle_1-17_v3.wav,0.4528833604155117,0.5674290650646147,3.5456901963352117,0.30158686987355154,0.4528833604155117,0.9457151084410245,0.676820043630047,0.30158686987355154
Middle_1-17,..\data\processed\wet\Middle_1-17_v4.wav,0.18830252491710642,0.18224102773505962,0.9185783416820374,0.14386796634332977,0.18830252491710642,0.3037350462250994,0.09301740926267499,0.14386796634332977
Middle_1-18,..\data\processed\wet\Middle_1-18_v0.wav,0.10466044034648114,0.2537661262449346,4.080102693159139,0.1413835542163402,0.10466044034648114,0.4229435437415577,0.7955783762575864,0.1413835542163402
Middle_1-18,..\data\processed\wet\Middle_1-18_v1.wav,0.13032043317233588,0.38605736971039845,1.3873234188562982,0.0976100381089916,0.13032043317233588,0.6434289495173308,0.19718298196806627,0.0976100381089916
Middle_1-18,..\data\processed\wet\Middle_1-18_v2.wav,0.16684857820557764,0.5542388375260656,4.196620637492859,0.3540645623550941,0.16684857820557764,0.9237313958767761,0.8214712527761908,0.3540645623550941
Middle_1-18,..\data\processed\wet\Middle_1-18_v3.wav,0.6558207673273928,0.3223654042008228,3.5470591856715377,0.6826711524627593,0.6558207673273928,0.5372756736680381,0.6771242634825639,0.6826711524627593
Middle_1-18,..\data\processed\wet\Middle_1-18_v4.wav,0.6287340150599929,0.15966082112238514,0.6755288934326815,0.4555667819901088,0.6287340150599929,0.2661013685373086,0.039006420762818114,0.4555667819901088
Middle_1-19,..\data\processed\wet\Middle_1-19_v0.wav,0.8909738846907038,0.34169835511114555,4.245759687658586,0.9916243429612281,0.8909738846907038,0.5694972585185759,0.8323910417019079,0.9916243429612281
Middle_1-19,..\data\processed\wet\Middle_1-19_v1.wav,0.16361620413827627,0.4150665834851894,3.534321081650111,0.9799554473582784,0.16361620413827627,0.6917776391419823,0.6742935737000246,0.9799554473582784
Middle_1-19,..\data\processed\wet\Middle_1-19_v2.wav,0.9856007339528003,0.41200716703447765,1.5962665639198743,0.798555838130599,0.9856007339528003,0.6866786117241295,0.2436147919821943,0.798555838130599
Middle_1-19,..\data\processed\wet\Middle_1-19_v3.wav,0.1070291342110381,0.4684195825029772,4.595882558651134,0.38283339476843525,0.1070291342110381,0.7806993041716287,0.9101961241446964,0.38283339476843525
Middle_1-19,..\data\processed\wet\Middle_1-19_v4.wav,0.6306352949830805,0.25808563925809574,2.469942747446578,0.31037088910812005,0.6306352949830805,0.43014273209682624,0.43776505498812845,0.31037088910812005
Middle_1-2,..\data\processed\wet\Middle_1-2_v0.wav,0.7621296204503246,0.5617059384999031,4.733378866555075,0.17478128487493383,0.7621296204503246,0.9361765641665053,0.9407508592344611,0.17478128487493383
Middle_1-2,..\data\processed\wet\Middle_1-2_v1.wav,0.874743649656566,0.4424588648562733,1.6377683031063017,0.06728461292151455,0.874743649656566,0.7374314414271221,0.25283740069028926,0.06728461292151455
Middle_1-2,..\data\processed\wet\Middle_1-2_v2.wav,0.26799726688437797,0.5473249420689154,3.3493040370309752,0.7210546608978718,0.26799726688437797,0.9122082367815256,0.6331786748957723,0.7210546608978718
Middle_1-2,..\data\processed\wet\Middle_1-2_v3.wav,0.25715235110909584,0.43163289334489213,0.6265467782506569,0.3753213457730138,0.25715235110909584,0.7193881555748203,0.028121506277923744,0.3753213457730138
Middle_1-2,..\data\processed\wet\Middle_1-2_v4.wav,0.6267533485423312,0.08765793932479213,4.203516085011206,0.23503129881191864,0.6267533485423312,0.14609656554132022,0.8230035744469346,0.23503129881191864
Middle_1-20,..\data\processed\wet\Middle_1-20_v0.wav,0.6522811128184463,0.2431182855451978,3.1821961796494125,0.10745055262890812,0.6522811128184463,0.4051971425753297,0.5960435954776472,0.10745055262890812
Middle_1-20,..\data\processed\wet\Middle_1-20_v1.wav,0.016912799921607324,0.5457386564281806,1.7133350394523226,0.8196770027804591,0.016912799921607324,0.9095644273803011,0.2696300087671828,0.8196770027804591
Middle_1-20,..\data\processed\wet\Middle_1-20_v2.wav,0.9993503004722002,0.1268587547993467,1.6932683353251001,0.6628597876346657,0.9993503004722002,0.21143125799891116,0.2651707411833556,0.6628597876346657
Middle_1-20,..\data\processed\wet\Middle_1-20_v3.wav,0.9654486346006212,0.5494886089144463,2.762939840295132,0.7951102825267247,0.9654486346006212,0.9158143481907438,0.5028755200655849,0.7951102825267247
Middle_1-20,..\data\processed\wet\Middle_1-20_v4.wav,0.13574585309990106,0.5864629105224074,4.8395895531619395,0.16372895787917097,0.13574585309990106,0.9774381842040124,0.9643532340359866,0.16372895787917097
Middle_1-21,..\data\processed\wet\Middle_1-21_v0.wav,0.2994231248031066,0.060092998504060156,1.7227291950418087,0.8159557894152066,0.2994231248031066,0.10015499750676693,0.2717175988981797,0.8159557894152066
Middle_1-21,..\data\processed\wet\Middle_1-21_v1.wav,0.37831560716525947,0.05303818028805502,2.0400148615050706,0.9813833342412801,0.37831560716525947,0.08839696714675838,0.34222552477890456,0.9813833342412801
Middle_1-21,..\data\processed\wet\Middle_1-21_v2.wav,0.6296835952592029,0.24969656784369465,1.249423310737715,0.9861767972836948,0.6296835952592029,0.41616094640615775,0.16653851349727,0.9861767972836948
Middle_1-21,..\data\processed\wet\Middle_1-21_v3.wav,0.8208490092631288,0.16888638147055163,0.8153091307453526,0.05662555737755803,0.8208490092631288,0.2814773024509194,0.07006869572118947,0.05662555737755803
Middle_1-21,..\data\processed\wet\Middle_1-21_v4.wav,0.12037814950553383,0.348461150168653,4.679435395424716,0.4967434280059845,0.12037814950553383,0.5807685836144216,0.9287634212054924,0.4967434280059845
Middle_1-22,..\data\processed\wet\Middle_1-22_v0.wav,0.8429454824561972,0.2675319719158847,3.6886259559552137,0.7318727372865008,0.8429454824561972,0.4458866198598078,0.7085835457678252,0.7318727372865008
Middle_1-22,..\data\processed\wet\Middle_1-22_v1.wav,0.17396370590333865,0.21672963538548706,3.3678597044211074,0.07069660818436618,0.17396370590333865,0.36121605897581177,0.6373021565380239,0.07069660818436618
Middle_1-22,..\data\processed\wet\Middle_1-22_v2.wav,0.3615401877629566,0.32087967976871545,4.9830102187008745,0.47453356262244073,0.3615401877629566,0.5347994662811925,0.9962244930446388,0.47453356262244073
Middle_1-22,..\data\processed\wet\Middle_1-22_v3.wav,0.8160567571143236,0.2592403710399706,4.08375825178869,0.5954148016201084,0.8160567571143236,0.4320672850666177,0.7963907226197089,0.5954148016201084
Middle_1-22,..\data\processed\wet\Middle_1-22_v4.wav,0.8865954415023983,0.24656553141006593,3.219369889196655,0.6300186806188274,0.8865954415023983,0.4109425523501099,0.6043044198214789,0.6300186806188274
Middle_1-3,..\data\processed\wet\Middle_1-3_v0.wav,0.4173829418004733,0.0865872262124889,0.92101733110551,0.0166715505996331,0.4173829418004733,0.14431204368748152,0.09355940691233555,0.0166715505996331
Middle_1-3,..\data\processed\wet\Middle_1-3_v1.wav,0.8735342642452146,0.14188494734321672,1.4517803717679563,0.7360354004260655,0.8735342642452146,0.23647491223869455,0.21150674928176805,0.7360354004260655
Middle_1-3,..\data\processed\wet\Middle_1-3_v2.wav,0.32001611308739175,0.30362681544710196,1.2312997938385533,0.9597457214619692,0.32001611308739175,0.5060446924118366,0.1625110652974563,0.9597457214619692
Middle_1-3,..\data\processed\wet\Middle_1-3_v3.wav,0.8515814000172374,0.518273773779002,2.330481868574023,0.7623612137071728,0.8515814000172374,0.8637896229650033,0.40677374857200516,0.7623612137071728
Middle_1-3,..\data\processed\wet\Middle_1-3_v4.wav,0.14387615538978016,0.005171401555068167,0.5898781966011266,0.5866017374045605,0.14387615538978016,0.008619002591780278,0.019972932578028138,0.5866017374045605
Middle_1-4,..\data\processed\wet\Middle_1-4_v0.wav,0.4553949052479408,0.31080920934511186,0.5335841318774873,0.4226866196574257,0.4553949052479408,0.5180153489085197,0.007463140417219405,0.4226866196574257
Middle_1-4,..\data\processed\wet\Middle_1-4_v1.wav,0.7180681612008608,0.2656162211804615,3.794986428405,0.23301896439683478,0.7180681612008608,0.4426937019674359,0.7322192063122223,0.23301896439683478
Middle_1-4,..\data\processed\wet\Middle_1-4_v2.wav,0.8131420044817255,0.35305874427207135,1.448433947434578,0.23672047585383293,0.8131420044817255,0.5884312404534523,0.21076309942990623,0.23672047585383293
Middle_1-4,..\data\processed\wet\Middle_1-4_v3.wav,0.628030464569537,0.497963755927466,2.370325019131198,0.2583004291275922,0.628030464569537,0.8299395932124434,0.4156277820291552,0.2583004291275922
Middle_1-4,..\data\processed\wet\Middle_1-4_v4.wav,0.8670116069106004,0.4015609750505009,2.5163846927738445,0.48790019527930184,0.8670116069106004,0.6692682917508349,0.44808548728307657,0.48790019527930184
Middle_1-5,..\data\processed\wet\Middle_1-5_v0.wav,0.2042564679363964,0.37608157803890635,2.1143412974429987,0.9956451766743493,0.2042564679363964,0.6268026300648439,0.3587425105428886,0.9956451766743493
Middle_1-5,..\data\processed\wet\Middle_1-5_v1.wav,0.48018351526188785,0.2915313637137679,3.0463330433480236,0.9167560031187467,0.48018351526188785,0.48588560618961324,0.5658517874106719,0.9167560031187467
Middle_1-5,..\data\processed\wet\Middle_1-5_v2.wav,0.8008180998597503,0.27067804187870487,3.734146696877582,0.5862354987807616,0.8008180998597503,0.4511300697978415,0.718699265972796,0.5862354987807616
Middle_1-5,..\data\processed\wet\Middle_1-5_v3.wav,0.4923670487012489,0.11538946367061031,2.5877131855470092,0.24581858702257464,0.4923670487012489,0.19231577278435052,0.4639362634548909,0.24581858702257464
Middle_1-5,..\data\processed\wet\Middle_1-5_v4.wav,0.9148421498516547,0.20124408809780817,4.785188065400176,0.5330552900947112,0.9148421498516547,0.33540681349634693,0.9522640145333724,0.5330552900947112
Middle_1-6,..\data\processed\wet\Middle_1-6_v0.wav,0.6315443786761603,0.32576426669359665,1.0822127763501541,0.37582121900794097,0.6315443786761603,0.5429404444893278,0.12938061696670092,0.37582121900794097
Middle_1-6,..\data\processed\wet\Middle_1-6_v1.wav,0.09914611227762393,0.373772426510029,2.5109338784019752,0.7779849715709368,0.09914611227762393,0.6229540441833817,0.4468741952004389,0.7779849715709368
Middle_1-6,..\data\processed\wet\Middle_1-6_v2.wav,0.22047048099936983,0.09873963505760094,2.3284950393369552,0.9265853832183811,0.22047048099936983,0.16456605842933492,0.4063322309637678,0.9265853832183811
Middle_1-6,..\data\processed\wet\Middle_1-6_v3.wav,0.7104218150124118,0.2513541748757512,2.8277247638943974,0.08421301117709834,0.7104218150124118,0.41892362479291867,0.5172721697543106,0.08421301117709834
Middle_1-6,..\data\processed\wet\Middle_1-6_v4.wav,0.9845758963761131,0.39984438281695134,1.784318308085401,0.5858083942152443,0.9845758963761131,0.6664073046949189,0.2854040684634225,0.5858083942152443
Middle_1-7,..\data\processed\wet\Middle_1-7_v0.wav,0.10948236606899397,0.5795020012845501,1.2865324454751468,0.6480303180552142,0.10948236606899397,0.9658366688075836,0.17478498788336594,0.6480303180552142
Middle_1-7,..\data\processed\wet\Middle_1-7_v1.wav,0.24545446253893044,0.43053682958912143,3.9956961525812646,0.6734197289114326,0.24545446253893044,0.7175613826485358,0.7768213672402811,0.6734197289114326
Middle_1-7,..\data\processed\wet\Middle_1-7_v2.wav,0.6144994602551925,0.535481456371207,0.8538201994539112,0.3309147657801952,0.6144994602551925,0.8924690939520118,0.07862671098975804,0.3309147657801952
Middle_1-7,..\data\processed\wet\Middle_1-7_v3.wav,0.24828747963084596,0.592808377239253,2.252254008500931,0.7326126992403987,0.24828747963084596,0.9880139620654216,0.3893897796668735,0.7326126992403987
Middle_1-7,..\data\processed\wet\Middle_1-7_v4.wav,0.6847251638810046,0.12724874248642662,1.575489560951981,0.2812845635530341,0.6847251638810046,0.2120812374773777,0.23899768021155132,0.2812845635530341
Middle_1-8,..\data\processed\wet\Middle_1-8_v0.wav,0.4111272782593792,0.14059503939031606,0.5884316723608152,0.8793930568071955,0.4111272782593792,0.23432506565052677,0.019651482746847818,0.8793930568071955
Middle_1-8,..\data\processed\wet\Middle_1-8_v1.wav,0.9656098313808841,0.20494223221894076,2.0232809574146278,0.007091812774370987,0.9656098313808841,0.34157038703156795,0.33850687942547286,0.007091812774370987
Middle_1-8,..\data\processed\wet\Middle_1-8_v2.wav,0.680250688330374,0.49526393744917724,1.1597373516200142,0.15966634936715074,0.680250688330374,0.8254398957486287,0.14660830036000316,0.15966634936715074
Middle_1-8,..\data\processed\wet\Middle_1-8_v3.wav,0.7900832499714378,0.3697744490124868,0.7018725093247266,0.6225469904622817,0.7900832499714378,0.6162907483541447,0.04486055762771701,0.6225469904622817
Middle_1-8,..\data\processed\wet\Middle_1-8_v4.wav,0.30891772284376606,0.22123509328250757,3.9637913823359607,0.8109351926726106,0.30891772284376606,0.36872515547084594,0.7697314182968802,0.8109351926726106
Middle_1-9,..\data\processed\wet\Middle_1-9_v0.wav,0.40035662683983064,0.5682917616038128,2.329082230784325,0.7718360352301099,0.40035662683983064,0.9471529360063546,0.40646271795207223,0.7718360352301099
Middle_1-9,..\data\processed\wet\Middle_1-9_v1.wav,0.48387726456425906,0.5385193959132504,4.584925596425804,0.08741680787108386,0.48387726456425906,0.897532326522084,0.9077612436501786,0.08741680787108386
Middle_1-9,..\data\processed\wet\Middle_1-9_v2.wav,0.9364933313102257,0.4953209049122494,4.0608982144070005,0.20091133968552244,0.9364933313102257,0.8255348415204157,0.7913107143126668,0.20091133968552244
Middle_1-9,..\data\processed\wet\Middle_1-9_v3.wav,0.8051192087546649,0.5100796408110221,1.8011765050436792,0.9522600783623237,0.8051192087546649,0.8501327346850368,0.28915033445415095,0.9522600783623237
Middle_1-9,..\data\processed\wet\Middle_1-9_v4.wav,0.04986014639916425,0.0899455519482838,2.9191151212318145,0.5757924711223097,0.04986014639916425,0.14990925324713966,0.5375811380515143,0.5757924711223097
Middle_2-0,..\data\processed\wet\Middle_2-0_v0.wav,0.6451500833009034,0.010181477589279874,4.821650485799586,0.04458809273414399,0.6451500833009034,0.016969129315466458,0.9603667746221303,0.04458809273414399
Middle_2-0,..\data\processed\wet\Middle_2-0_v1.wav,0.14306195272340239,0.008408710515634188,3.050862949823426,0.9322668839209722,0.14306195272340239,0.01401451752605698,0.5668584332940947,0.9322668839209722
Middle_2-0,..\data\processed\wet\Middle_2-0_v2.wav,0.6659471660804642,0.4935944810882564,0.5597654155636104,0.5420152984797261,0.6659471660804642,0.8226574684804273,0.013281203458580082,0.5420152984797261
Middle_2-0,..\data\processed\wet\Middle_2-0_v3.wav,0.4595629775055219,0.2993807665324758,0.8249593340083458,0.6844353610693075,0.4595629775055219,0.49896794422079305,0.07221318533518795,0.6844353610693075
Middle_2-0,..\data\processed\wet\Middle_2-0_v4.wav,0.5032204148586344,0.45908930991675834,2.683807853277719,0.14938163622643208,0.5032204148586344,0.765148849861264,0.48529063406171535,0.14938163622643208
Middle_2-1,..\data\processed\wet\Middle_2-1_v0.wav,0.648256954077822,0.10343181726309973,4.425775535096667,0.6131162390692415,0.648256954077822,0.17238636210516622,0.8723945633548149,0.6131162390692415
Middle_2-1,..\data\processed\wet\Middle_2-1_v1.wav,0.15720388355695425,0.5774028344887241,2.832644585008943,0.072898451871655,0.15720388355695425,0.9623380574812068,0.5183654633353206,0.072898451871655
Middle_2-1,..\data\processed\wet\Middle_2-1_v2.wav,0.6268329044150672,0.15191934420768613,4.116620533447861,0.8178220735661906,0.6268329044150672,0.2531989070128102,0.8036934518773025,0.8178220735661906
Middle_2-1,..\data\processed\wet\Middle_2-1_v3.wav,0.9789473558546619,0.3011217186147022,2.547305958774817,0.7534756054464806,0.9789473558546619,0.5018695310245037,0.45495687972773713,0.7534756054464806
Middle_2-1,..\data\processed\wet\Middle_2-1_v4.wav,0.13247065634192656,0.3281493082758745,2.9581142005888292,0.08947312281038722,0.13247065634192656,0.5469155137931242,0.5462476001308509,0.08947312281038722
Middle_2-10,..\data\processed\wet\Middle_2-10_v0.wav,0.41798408550691357,0.5119708791403211,4.352691298975971,0.099237664919681,0.41798408550691357,0.853284798567202,0.8561536219946603,0.099237664919681
Middle_2-10,..\data\processed\wet\Middle_2-10_v1.wav,0.09072088274783086,0.15761728620116117,4.4364472814929705,0.12890258507349894,0.09072088274783086,0.2626954770019353,0.8747660625539935,0.12890258507349894
Middle_2-10,..\data\processed\wet\Middle_2-10_v2.wav,0.7199968026274463,0.06069937176786193,3.304120341865214,0.3560672991191448,0.7199968026274463,0.10116561961310322,0.6231378537478254,0.3560672991191448
Middle_2-10,..\data\processed\wet\Middle_2-10_v3.wav,0.788913962965867,0.14021426929521816,3.3764082322548195,0.23568253457588495,0.788913962965867,0.2336904488253636,0.6392018293899598,0.23568253457588495
Middle_2-10,..\data\processed\wet\Middle_2-10_v4.wav,0.7136602831121538,0.5242068207364492,1.07060809607042,0.8665956885955035,0.7136602831121538,0.8736780345607487,0.12680179912676,0.8665956885955035
Middle_2-11,..\data\processed\wet\Middle_2-11_v0.wav,0.5935752544142979,0.07626629452021438,2.4239383491187043,0.1608602934850979,0.5935752544142979,0.12711049086702397,0.42754185535971206,0.1608602934850979
Middle_2-11,..\data\processed\wet\Middle_2-11_v1.wav,0.7003478888665695,0.45532088065076975,0.9760843412275952,0.5061398526946443,0.7003478888665695,0.7588681344179496,0.10579652027279894,0.5061398526946443
Middle_2-11,..\data\processed\wet\Middle_2-11_v2.wav,0.8146250560259172,0.5616978249305978,2.810830400337965,0.950279223611407,0.8146250560259172,0.9361630415509964,0.51351786674177,0.950279223611407
Middle_2-11,..\data\processed\wet\Middle_2-11_v3.wav,0.5356889704560298,0.23651429675994476,4.316914078488029,0.49298271045808906,0.5356889704560298,0.39419049459990796,0.8482031285528954,0.49298271045808906
Middle_2-11,..\data\processed\wet\Middle_2-11_v4.wav,0.47190251056452304,0.29418749364589697,4.310532508413854,0.8319415416880521,0.47190251056452304,0.4903124894098283,0.8467850018697454,0.8319415416880521
Middle_2-12,..\data\processed\wet\Middle_2-12_v0.wav,0.4035199924402112,0.199979915922315,2.713676108176082,0.572772509737109,0.4035199924402112,0.333299859870525,0.4919280240391293,0.572772509737109
Middle_2-12,..\data\processed\wet\Middle_2-12_v1.wav,0.23833721062799695,0.4763730508293543,2.689172445795903,0.3340455484199596,0.23833721062799695,0.7939550847155906,0.4864827657324229,0.3340455484199596
Middle_2-12,..\data\processed\wet\Middle_2-12_v2.wav,0.10682099296399061,0.14330709624216414,4.771765272901927,0.3050996868195266,0.10682099296399061,0.23884516040360693,0.9492811717559838,0.3050996868195266
Middle_2-12,..\data\processed\wet\Middle_2-12_v3.wav,0.16885928936703531,0.2764036749929959,1.881894845121119,0.035159250271194153,0.16885928936703531,0.4606727916549932,0.3070877433602487,0.035159250271194153
Middle_2-12,..\data\processed\wet\Middle_2-12_v4.wav,0.32314521727941725,0.3264651743636811,2.982705674089851,0.3565589211768887,0.32314521727941725,0.5441086239394686,0.5517123720199669,0.3565589211768887
Middle_2-13,..\data\processed\wet\Middle_2-13_v0.wav,0.44730275625260063,0.5793107509408598,2.1980681475364023,0.258226813259983,0.44730275625260063,0.9655179182347664,0.3773484772303116,0.258226813259983
Middle_2-13,..\data\processed\wet\Middle_2-13_v1.wav,0.24346704406676012,0.2746587676224805,3.917840669226248,0.2059881841884732,0.24346704406676012,0.45776461270413416,0.7595201487169441,0.2059881841884732
Middle_2-13,..\data\processed\wet\Middle_2-13_v2.wav,0.7092961271407681,0.01268989400964977,2.385198400927757,0.7758650652027869,0.7092961271407681,0.021149823349416286,0.418932977983946,0.7758650652027869
Middle_2-13,..\data\processed\wet\Middle_2-13_v3.wav,0.3387329557744314,0.3382422608672397,1.4224065477165986,0.7419953911261723,0.3387329557744314,0.5637371014453995,0.2049792328259108,0.7419953911261723
Middle_2-13,..\data\processed\wet\Middle_2-13_v4.wav,0.05227910326875962,0.5115255869253001,1.3918837388975067,0.8743980317083307,0.05227910326875962,0.8525426448755002,0.19819638642166815,0.8743980317083307
Middle_2-14,..\data\processed\wet\Middle_2-14_v0.wav,0.3525292413005173,0.43361014468469194,1.936513840037848,0.9059116712346476,0.3525292413005173,0.7226835744744866,0.31922529778618847,0.9059116712346476
Middle_2-14,..\data\processed\wet\Middle_2-14_v1.wav,0.12663712551837436,0.10711187356355922,2.7186355632146104,0.08193843903814613,0.12663712551837436,0.1785197892725987,0.4930301251588023,0.08193843903814613
Middle_2-14,..\data\processed\wet\Middle_2-14_v2.wav,0.19598018470176193,0.5662598293272086,4.894203475165492,0.37625932933042194,0.19598018470176193,0.9437663822120145,0.976489661147887,0.37625932933042194
Middle_2-14,..\data\processed\wet\Middle_2-14_v3.wav,0.9232860210139356,0.326894805404059,1.7138410964319517,0.7023987210805986,0.9232860210139356,0.5448246756734317,0.26974246587376705,0.7023987210805986
Middle_2-14,..\data\processed\wet\Middle_2-14_v4.wav,0.6589018065748572,0.59347519146524,1.6927127933417747,0.6720595026617354,0.6589018065748572,0.9891253191087334,0.2650472874092833,0.6720595026617354
Middle_2-15,..\data\processed\wet\Middle_2-15_v0.wav,0.052023755029446894,0.06818762321803164,0.5176326872799197,0.9994606810596731,0.052023755029446894,0.1136460386967194,0.003918374951093274,0.9994606810596731
Middle_2-15,..\data\processed\wet\Middle_2-15_v1.wav,0.8022736971474778,0.47203380884012447,2.7937673387968087,0.30006708290543993,0.8022736971474778,0.7867230147335408,0.5097260752881797,0.30006708290543993
Middle_2-15,..\data\processed\wet\Middle_2-15_v2.wav,0.15126428446267592,0.17080484330787818,2.191870498681126,0.756310096980294,0.15126428446267592,0.28467473884646366,0.3759712219291391,0.756310096980294
Middle_2-15,..\data\processed\wet\Middle_2-15_v3.wav,0.5396617889031524,0.046490175933289614,0.581130540315105,0.10233217953406315,0.5396617889031524,0.07748362655548269,0.018029008958912227,0.10233217953406315
Middle_2-15,..\data\processed\wet\Middle_2-15_v4.wav,0.41049871369737934,0.559915750229411,3.3683111654414972,0.8018258998755151,0.41049871369737934,0.9331929170490183,0.6374024812092216,0.8018258998755151
Middle_2-16,..\data\processed\wet\Middle_2-16_v0.wav,0.46637459450454855,0.21699964991702567,0.9878016772248023,0.875933022186205,0.46637459450454855,0.3616660831950428,0.10840037271662273,0.875933022186205
Middle_2-16,..\data\processed\wet\Middle_2-16_v1.wav,0.7831600290279028,0.10087085855863506,2.8051725374431724,0.4873748079212449,0.7831600290279028,0.1681180975977251,0.5122605638762605,0.4873748079212449
Middle_2-16,..\data\processed\wet\Middle_2-16_v2.wav,0.6250915526865286,0.5677121363947567,3.1089714879311585,0.5402172667786186,0.6250915526865286,0.9461868939912612,0.5797714417624796,0.5402172667786186
Middle_2-16,..\data\processed\wet\Middle_2-16_v3.wav,0.050322932934663944,0.03774448561081436,1.34306056097055,0.03247077169174828,0.050322932934663944,0.06290747601802393,0.1873467913267889,0.03247077169174828
Middle_2-16,..\data\processed\wet\Middle_2-16_v4.wav,0.7433528955700124,0.4339981823963779,1.1122530549423932,0.8360789007952809,0.7433528955700124,0.7233303039939631,0.13605623443164294,0.8360789007952809
Middle_2-17,..\data\processed\wet\Middle_2-17_v0.wav,0.15478603484611198,0.18070535219841527,1.6203960462261424,0.3723070985730478,0.15478603484611198,0.3011755869973588,0.24897689916136498,0.3723070985730478
Middle_2-17,..\data\processed\wet\Middle_2-17_v1.wav,0.25466376588996187,0.2933705558630712,2.3333354660960843,0.9865694907793265,0.25466376588996187,0.488950926438452,0.4074078813546854,0.9865694907793265
Middle_2-17,..\data\processed\wet\Middle_2-17_v2.wav,0.055926350128225666,0.08530882583241096,0.7377165225887112,0.6258411949823758,0.055926350128225666,0.14218137638735162,0.0528258939086025,0.6258411949823758
Middle_2-17,..\data\processed\wet\Middle_2-17_v3.wav,0.05450927741371958,0.501863842425674,2.803723838068675,0.5270076245815337,0.05450927741371958,0.8364397373761233,0.5119386306819278,0.5270076245815337
Middle_2-17,..\data\processed\wet\Middle_2-17_v4.wav,0.5615945077121942,0.10248822378372643,1.3896063640151939,0.3188173228730047,0.5615945077121942,0.17081370630621073,0.19769030311448754,0.3188173228730047
Middle_2-18,..\data\processed\wet\Middle_2-18_v0.wav,0.5934964158218514,0.12607066556412871,1.0234927720996756,0.9701168864184322,0.5934964158218514,0.21011777594021452,0.11633172713326125,0.9701168864184322
Middle_2-18,..\data\processed\wet\Middle_2-18_v1.wav,0.021981814809622913,0.48161844320161296,4.0461581730875995,0.297214113845096,0.021981814809622913,0.8026974053360216,0.7880351495750221,0.297214113845096
Middle_2-18,..\data\processed\wet\Middle_2-18_v2.wav,0.1356266160073134,0.08737718802325405,3.6384422775673664,0.6428065910861737,0.1356266160073134,0.14562864670542341,0.6974316172371925,0.6428065910861737
Middle_2-18,..\data\processed\wet\Middle_2-18_v3.wav,0.7827456742513867,0.5624887034394628,3.613673134699664,0.15585153655144346,0.7827456742513867,0.9374811723991047,0.691927363266592,0.15585153655144346
Middle_2-18,..\data\processed\wet\Middle_2-18_v4.wav,0.24344261676541068,0.5053162385238688,1.4418773412539385,0.07252231695448141,0.24344261676541068,0.8421937308731147,0.20930607583420857,0.07252231695448141
Middle_2-19,..\data\processed\wet\Middle_2-19_v0.wav,0.7032800540422505,0.24151581329408522,4.640180236456566,0.6502550710936615,0.7032800540422505,0.40252635549014204,0.9200400525459036,0.6502550710936615
Middle_2-19,..\data\processed\wet\Middle_2-19_v1.wav,0.09041897779166075,0.5687139403521965,1.6635076863811065,0.33721249040628576,0.09041897779166075,0.9478565672536609,0.2585572636402459,0.33721249040628576
Middle_2-19,..\data\processed\wet\Middle_2-19_v2.wav,0.40226041368354204,0.03073457784258795,2.734319400037722,0.12331849107529225,0.40226041368354204,0.05122429640431325,0.49651542223060485,0.12331849107529225
Middle_2-19,..\data\processed\wet\Middle_2-19_v3.wav,0.40097032668835175,0.21042587279525057,3.977780375419265,0.8031705116327311,0.40097032668835175,0.3507097879920843,0.7728400834265033,0.8031705116327311
Middle_2-19,..\data\processed\wet\Middle_2-19_v4.wav,0.153412882389088,0.21993071242753573,2.1800892246432424,0.15141044393608505,0.153412882389088,0.3665511873792262,0.37335316103183164,0.15141044393608505
Middle_2-2,..\data\processed\wet\Middle_2-2_v0.wav,0.7984535050511905,0.42433699700125393,1.3567180383366564,0.36672190859379905,0.7984535050511905,0.7072283283354233,0.19038178629703476,0.36672190859379905
Middle_2-2,..\data\processed\wet\Middle_2-2_v1.wav,0.10580502485651422,0.37692395825582636,1.0461736604687886,0.9859341686249178,0.10580502485651422,0.6282065970930439,0.12137192454861968,0.9859341686249178
Middle_2-2,..\data\processed\wet\Middle_2-2_v2.wav,0.7806820746878623,0.23414312975039703,3.1035376952570948,0.9113418162164088,0.7806820746878623,0.39023854958399506,0.5785639322793544,0.9113418162164088
Middle_2-2,..\data\processed\wet\Middle_2-2_v3.wav,0.5540992803958261,0.1046990918387731,2.204165100115217,0.8431448650297454,0.5540992803958261,0.17449848639795518,0.37870335558115936,0.8431448650297454
Middle_2-2,..\data\processed\wet\Middle_2-2_v4.wav,0.6442130159896179,0.39043463060028016,4.400696685598201,0.8939730574625047,0.6442130159896179,0.6507243843338003,0.8668214856884892,0.8939730574625047
Middle_2-20,..\data\processed\wet\Middle_2-20_v0.wav,0.9197925717794363,0.05690951595189366,2.948567008833954,0.7405095212183186,0.9197925717794363,0.0948491932531561,0.5441260019631009,0.7405095212183186
Middle_2-20,..\data\processed\wet\Middle_2-20_v1.wav,0.7569268451270138,0.36402972118200233,1.2505430083265336,0.7974205539416643,0.7569268451270138,0.6067162019700039,0.16678733518367414,0.7974205539416643
Middle_2-20,..\data\processed\wet\Middle_2-20_v2.wav,0.7201113335149457,0.05168146292942177,2.587144211034693,0.17397739952180358,0.7201113335149457,0.08613577154903629,0.46380982467437626,0.17397739952180358
Middle_2-20,..\data\processed\wet\Middle_2-20_v3.wav,0.3374770457129719,0.01084865532341126,2.3014844078484122,0.5498769211562105,0.3374770457129719,0.018081092205685434,0.4003298684107583,0.5498769211562105
Middle_2-20,..\data\processed\wet\Middle_2-20_v4.wav,0.6195825928270868,0.39809420707722604,4.26331090896107,0.21546290727573003,0.6195825928270868,0.6634903451287101,0.83629131310246,0.21546290727573003
Middle_2-21,..\data\processed\wet\Middle_2-21_v0.wav,0.12048182243846794,0.5109223031387554,1.2047576670169244,0.9747600813361953,0.12048182243846794,0.8515371718979258,0.1566128148926499,0.9747600813361953
Middle_2-21,..\data\processed\wet\Middle_2-21_v1.wav,0.842538229398637,0.3005259635337595,4.916396412149114,0.09737672910800421,0.842538229398637,0.5008766058895991,0.9814214249220252,0.09737672910800421
Middle_2-21,..\data\processed\wet\Middle_2-21_v2.wav,0.30306576117510164,0.38293464902436686,2.075030908129304,0.9283725519807918,0.30306576117510164,0.6382244150406114,0.3500068684731787,0.9283725519807918
Middle_2-21,..\data\processed\wet\Middle_2-21_v3.wav,0.06562608817781757,0.3296470992365787,3.158898203278015,0.6527281237772241,0.06562608817781757,0.5494118320609646,0.5908662673951145,0.6527281237772241
Middle_2-21,..\data\processed\wet\Middle_2-21_v4.wav,0.25566622333181444,0.21873985651191866,4.296562383492399,0.19494276897015983,0.25566622333181444,0.36456642751986446,0.8436805296649776,0.19494276897015983
Middle_2-22,..\data\processed\wet\Middle_2-22_v0.wav,0.826867847173362,0.33759325374164545,3.9298438003733693,0.7136073662634715,0.826867847173362,0.5626554229027424,0.7621875111940821,0.7136073662634715
Middle_2-22,..\data\processed\wet\Middle_2-22_v1.wav,0.207511495384879,0.34128764186032373,4.404754187622916,0.43211623680192934,0.207511495384879,0.5688127364338729,0.8677231528050924,0.43211623680192934
Middle_2-22,..\data\processed\wet\Middle_2-22_v2.wav,0.9665907702233167,0.2713290600610308,1.142535365005481,0.38943468007767323,0.9665907702233167,0.452215100101718,0.14278563666788469,0.38943468007767323
Middle_2-22,..\data\processed\wet\Middle_2-22_v3.wav,0.9517024063905372,0.19183250960391254,4.406441719401783,0.8812506816818898,0.9517024063905372,0.31972084933985423,0.8680981598670628,0.8812506816818898
Middle_2-22,..\data\processed\wet\Middle_2-22_v4.wav,0.35018652433196107,0.04995459483037927,3.760510591214682,0.311512299013986,0.35018652433196107,0.08325765805063212,0.7245579091588182,0.311512299013986
Middle_2-3,..\data\processed\wet\Middle_2-3_v0.wav,0.7829236142575724,0.26559290895625987,2.683700340541797,0.7779094067485368,0.7829236142575724,0.4426548482604331,0.48526674234262157,0.7779094067485368
Middle_2-3,..\data\processed\wet\Middle_2-3_v1.wav,0.3823633310616279,0.2658764071937487,2.1928571094633,0.36734051527727996,0.3823633310616279,0.44312734532291453,0.3761904687696222,0.36734051527727996
Middle_2-3,..\data\processed\wet\Middle_2-3_v2.wav,0.5259465769014594,0.4852796667006904,2.1279574036515463,0.5242547205377367,0.5259465769014594,0.8087994445011507,0.36176831192256587,0.5242547205377367
Middle_2-3,..\data\processed\wet\Middle_2-3_v3.wav,0.6707273254426008,0.16166366778219302,1.7488526220607665,0.9334131270234548,0.6707273254426008,0.269439446303655,0.27752280490239256,0.9334131270234548
Middle_2-3,..\data\processed\wet\Middle_2-3_v4.wav,0.7235345733310886,0.3463120057339853,3.4147402448927537,0.029299443103418366,0.7235345733310886,0.5771866762233089,0.647720054420612,0.029299443103418366
Middle_2-4,..\data\processed\wet\Middle_2-4_v0.wav,0.6181029655616969,0.30570532393452116,2.9558735590074603,0.3594238268308171,0.6181029655616969,0.5095088732242019,0.5457496797794357,0.3594238268308171
Middle_2-4,..\data\processed\wet\Middle_2-4_v1.wav,0.08147389771294189,0.1160035401672313,4.778351209457023,0.40869956227093396,0.08147389771294189,0.19333923361205219,0.9507447132126718,0.40869956227093396
Middle_2-4,..\data\processed\wet\Middle_2-4_v2.wav,0.46668315583086417,0.031625873912063396,0.6690480329479127,0.7171814470467577,0.46668315583086417,0.05270978985343899,0.0375662295439806,0.7171814470467577
Middle_2-4,..\data\processed\wet\Middle_2-4_v3.wav,0.5380946641211113,0.30522359052976,1.5940603869020091,0.7447507316299222,0.5380946641211113,0.5087059842162667,0.24312453042266868,0.7447507316299222
Middle_2-4,..\data\processed\wet\Middle_2-4_v4.wav,0.16823657910849188,0.11396084619661201,2.5732047710672394,0.2862798621119409,0.16823657910849188,0.18993474366102003,0.4607121713482754,0.2862798621119409
Middle_2-5,..\data\processed\wet\Middle_2-5_v0.wav,0.24746298123314636,0.38714258673199897,3.4293728534834504,0.8245170697999292,0.24746298123314636,0.6452376445533317,0.6509717452185445,0.8245170697999292
Middle_2-5,..\data\processed\wet\Middle_2-5_v1.wav,0.41770856697297587,0.043851054615690145,1.7314987321465596,0.9800054631968169,0.41770856697297587,0.07308509102615024,0.2736663849214577,0.9800054631968169
Middle_2-5,..\data\processed\wet\Middle_2-5_v2.wav,0.5962585752327021,0.42584225088061217,0.5331102333143654,0.5182057321825209,0.5962585752327021,0.7097370848010203,0.007357829625414524,0.5182057321825209
Middle_2-5,..\data\processed\wet\Middle_2-5_v3.wav,0.03752865753180312,0.34153812725486876,4.643468823362339,0.9684191305004078,0.03752865753180312,0.569230212091448,0.9207708496360753,0.9684191305004078
Middle_2-5,..\data\processed\wet\Middle_2-5_v4.wav,0.5405526753889242,0.27492288315132957,4.752576924118223,0.6736098319966951,0.5405526753889242,0.45820480525221596,0.945017094248494,0.6736098319966951
Middle_2-6,..\data\processed\wet\Middle_2-6_v0.wav,0.06489927953840946,0.2794353466004985,1.5811025830893675,0.46980432144868156,0.06489927953840946,0.46572557766749756,0.24024501846430388,0.46980432144868156
Middle_2-6,..\data\processed\wet\Middle_2-6_v1.wav,0.45546557200636173,0.3492868816888452,2.1054672065716304,0.16427044945592806,0.45546557200636173,0.582144802814742,0.35677049034925123,0.16427044945592806
Middle_2-6,..\data\processed\wet\Middle_2-6_v2.wav,0.5037194345899563,0.49812173060745724,3.4880550263042105,0.33836786592521584,0.5037194345899563,0.8302028843457621,0.6640122280676023,0.33836786592521584
Middle_2-6,..\data\processed\wet\Middle_2-6_v3.wav,0.9355230227588572,0.5473245427495093,1.4420677972284444,0.039417585120362975,0.9355230227588572,0.9122075712491822,0.20934839938409874,0.039417585120362975
Middle_2-6,..\data\processed\wet\Middle_2-6_v4.wav,0.7413087083507622,0.49656615680949195,4.8553905467810985,0.8898363940883107,0.7413087083507622,0.8276102613491533,0.9678645659513552,0.8898363940883107
Middle_2-7,..\data\processed\wet\Middle_2-7_v0.wav,0.6005347682064148,0.3180314035274285,0.6252847306816383,0.24665644684477783,0.6005347682064148,0.5300523392123808,0.027841051262586278,0.24665644684477783
Middle_2-7,..\data\processed\wet\Middle_2-7_v1.wav,0.45961475173292643,0.3771023400501407,3.007633249932848,0.7426359896816905,0.45961475173292643,0.6285039000835678,0.5572518333184107,0.7426359896816905
Middle_2-7,..\data\processed\wet\Middle_2-7_v2.wav,0.27976693088704085,0.3389715645914839,0.8966400952585646,0.41366552358320696,0.27976693088704085,0.5649526076524732,0.08814224339079213,0.41366552358320696
Middle_2-7,..\data\processed\wet\Middle_2-7_v3.wav,0.750160832954601,0.41604051205742637,4.957892317274806,0.277891125987756,0.750160832954601,0.693400853429044,0.9906427371721791,0.277891125987756
Middle_2-7,..\data\processed\wet\Middle_2-7_v4.wav,0.49818929917397914,0.19771824826439802,2.4827140132662864,0.8569501298693881,0.49818929917397914,0.3295304137739967,0.44060311405917474,0.8569501298693881
Middle_2-8,..\data\processed\wet\Middle_2-8_v0.wav,0.6842090751884866,0.529464714808549,1.415799987493489,0.873361117841438,0.6842090751884866,0.8824411913475816,0.20351110833188646,0.873361117841438
Middle_2-8,..\data\processed\wet\Middle_2-8_v1.wav,0.05976227417838442,0.5331595682622914,1.9808320075732757,0.3145876334140665,0.05976227417838442,0.8885992804371523,0.3290737794607279,0.3145876334140665
Middle_2-8,..\data\processed\wet\Middle_2-8_v2.wav,0.5120885766986639,0.564414112633939,0.7150161410663242,0.3522309750707453,0.5120885766986639,0.9406901877232318,0.04778136468140537,0.3522309750707453
Middle_2-8,..\data\processed\wet\Middle_2-8_v3.wav,0.8565719886833357,0.23763268646128002,1.3962060391868016,0.4247941813314118,0.8565719886833357,0.39605447743546673,0.19915689759706703,0.4247941813314118
Middle_2-8,..\data\processed\wet\Middle_2-8_v4.wav,0.3855525014916693,0.549249720880022,3.928704690843937,0.5051155557440064,0.3855525014916693,0.9154162014667033,0.7619343757430971,0.5051155557440064
Middle_2-9,..\data\processed\wet\Middle_2-9_v0.wav,0.9883705667215711,0.279166518765554,0.7620702386912386,0.2622743218149849,0.9883705667215711,0.4652775312759233,0.05823783082027524,0.2622743218149849
Middle_2-9,..\data\processed\wet\Middle_2-9_v1.wav,0.4360704802193126,0.09414157448767206,4.764043068458194,0.7668488978177731,0.4360704802193126,0.1569026241461201,0.9475651263240431,0.7668488978177731
Middle_2-9,..\data\processed\wet\Middle_2-9_v2.wav,0.26828720042777265,0.3544827201107495,3.7465212069930742,0.941278928906798,0.26828720042777265,0.5908045335179158,0.721449157109572,0.941278928906798
Middle_2-9,..\data\processed\wet\Middle_2-9_v3.wav,0.8816353491754106,0.3091153356829282,3.985936789068579,0.562144753827585,0.8816353491754106,0.5151922261382137,0.7746526197930176,0.562144753827585
Middle_2-9,..\data\processed\wet\Middle_2-9_v4.wav,0.5527038900455401,0.06884517500291513,1.0676194610726844,0.5295336150224574,0.5527038900455401,0.1147419583381919,0.12613765801615207,0.5295336150224574
Middle_3-0,..\data\processed\wet\Middle_3-0_v0.wav,0.2688615449790066,0.01262214147628118,3.7527764175509555,0.03248659669016496,0.2688615449790066,0.02103690246046863,0.7228392039002123,0.03248659669016496
Middle_3-0,..\data\processed\wet\Middle_3-0_v1.wav,0.5952768411040545,0.32351627647638864,4.85966610760012,0.48421313934764165,0.5952768411040545,0.5391937941273144,0.9688146905778043,0.48421313934764165
Middle_3-0,..\data\processed\wet\Middle_3-0_v2.wav,0.06360143637779736,0.331012780683877,4.284932767772457,0.9968492842814399,0.06360143637779736,0.5516879678064617,0.8410961706161015,0.9968492842814399
Middle_3-0,..\data\processed\wet\Middle_3-0_v3.wav,0.4303431736890725,0.1921792454980455,4.579939836283995,0.19124212907612137,0.4303431736890725,0.3202987424967425,0.9066532969519989,0.19124212907612137
Middle_3-0,..\data\processed\wet\Middle_3-0_v4.wav,0.6154289150329266,0.24342865450856863,0.6848706422999988,0.34728847430569776,0.6154289150329266,0.4057144241809477,0.0410823649555553,0.34728847430569776
Middle_3-1,..\data\processed\wet\Middle_3-1_v0.wav,0.2652285225026746,0.4116546923660921,4.769557239613632,0.26804718737863775,0.2652285225026746,0.6860911539434869,0.9487904976919181,0.26804718737863775
Middle_3-1,..\data\processed\wet\Middle_3-1_v1.wav,0.8114659391516817,0.033215890163045714,2.921544545179159,0.07055006370989458,0.8114659391516817,0.05535981693840952,0.5381210100398132,0.07055006370989458
Middle_3-1,..\data\processed\wet\Middle_3-1_v2.wav,0.9340329911306393,0.45981076833443413,3.4607746004206654,0.8238963816246643,0.9340329911306393,0.7663512805573902,0.6579499112045923,0.8238963816246643
Middle_3-1,..\data\processed\wet\Middle_3-1_v3.wav,0.6475197955701631,0.5813666383045747,3.7128107653914717,0.9246586095822468,0.6475197955701631,0.9689443971742911,0.7139579478647715,0.9246586095822468
Middle_3-1,..\data\processed\wet\Middle_3-1_v4.wav,0.517131892010638,0.07023864778911759,2.876799746403577,0.1268728280630933,0.517131892010638,0.11706441298186265,0.5281777214230171,0.1268728280630933
Middle_3-10,..\data\processed\wet\Middle_3-10_v0.wav,0.592493479176405,0.28949583631659775,3.3015892902475175,0.010046981054831594,0.592493479176405,0.48249306052766294,0.6225753978327817,0.010046981054831594
Middle_3-10,..\data\processed\wet\Middle_3-10_v1.wav,0.1948404916553641,0.29479825914727853,4.777266027151107,0.3836090403551584,0.1948404916553641,0.4913304319121309,0.950503561589135,0.3836090403551584
Middle_3-10,..\data\processed\wet\Middle_3-10_v2.wav,0.42437202605363467,0.4288176534039733,3.217067407787531,0.29892615009833323,0.42437202605363467,0.7146960890066222,0.603792757286118,0.29892615009833323
Middle_3-10,..\data\processed\wet\Middle_3-10_v3.wav,0.4108163955674278,0.13061987931433947,4.847096566085939,0.13063438155735974,0.4108163955674278,0.21769979885723245,0.9660214591302085,0.13063438155735974
Middle_3-10,..\data\processed\wet\Middle_3-10_v4.wav,0.37183678456641944,0.015503383332006715,1.4980077137009589,0.7804711383801549,0.37183678456641944,0.02583897222001119,0.2217794919335464,0.7804711383801549
Middle_3-11,..\data\processed\wet\Middle_3-11_v0.wav,0.20117523228887946,0.04803804151737936,2.635039309300355,0.009969234734518495,0.20117523228887946,0.0800634025289656,0.47445317984452334,0.009969234734518495
Middle_3-11,..\data\processed\wet\Middle_3-11_v1.wav,0.08476615442633317,0.48457552173778506,3.9716300518682286,0.915138820404896,0.08476615442633317,0.8076258695629751,0.7714733448596064,0.915138820404896
Middle_3-11,..\data\processed\wet\Middle_3-11_v2.wav,0.8545154359107495,0.40990533794389084,0.7354978578529827,0.7828486179866575,0.8545154359107495,0.6831755632398181,0.052332857300662824,0.7828486179866575
Middle_3-11,..\data\processed\wet\Middle_3-11_v3.wav,0.8455108108405605,0.47944928746317267,2.7881556588861174,0.23290183864948166,0.8455108108405605,0.7990821457719545,0.5084790353080261,0.23290183864948166
Middle_3-11,..\data\processed\wet\Middle_3-11_v4.wav,0.8453299756887267,0.43629768584408307,4.913425284749832,0.15569259775593292,0.8453299756887267,0.7271628097401385,0.9807611743888516,0.15569259775593292
Middle_3-12,..\data\processed\wet\Middle_3-12_v0.wav,0.22566458305205506,0.12707888992890162,4.066428954296015,0.18690729645011817,0.22566458305205506,0.21179814988150272,0.7925397676213366,0.18690729645011817
Middle_3-12,..\data\processed\wet\Middle_3-12_v1.wav,0.0666598298233061,0.5991364839513772,0.6116774515031711,0.8352440601588657,0.0666598298233061,0.9985608065856287,0.02481721144514913,0.8352440601588657
Middle_3-12,..\data\processed\wet\Middle_3-12_v2.wav,0.3653668415506528,0.5049692758546891,2.995792210450152,0.9016312294863601,0.3653668415506528,0.8416154597578152,0.554620491211145,0.9016312294863601
Middle_3-12,..\data\processed\wet\Middle_3-12_v3.wav,0.9261929864146267,0.005458908768465598,0.8393547919675473,0.2503587295708555,0.9261929864146267,0.009098181280775997,0.07541217599278828,0.2503587295708555
Middle_3-12,..\data\processed\wet\Middle_3-12_v4.wav,0.6693154163635017,0.5329633179069035,2.5697387808228322,0.6069731162742654,0.6693154163635017,0.8882721965115059,0.4599419512939627,0.6069731162742654
Middle_3-13,..\data\processed\wet\Middle_3-13_v0.wav,0.18849985279556114,0.4829801003290112,4.852976501090614,0.26859893291459747,0.18849985279556114,0.8049668338816853,0.9673281113534699,0.26859893291459747
Middle_3-13,..\data\processed\wet\Middle_3-13_v1.wav,0.4948259516005463,0.05166966630382428,3.0161149540833576,0.5027834418466806,0.4948259516005463,0.0861161105063738,0.5591366564629684,0.5027834418466806
Middle_3-13,..\data\processed\wet\Middle_3-13_v2.wav,0.1444364841550776,0.265239727870845,2.0034709343895347,0.5218308753051893,0.1444364841550776,0.442066213118075,0.33410465208656326,0.5218308753051893
Middle_3-13,..\data\processed\wet\Middle_3-13_v3.wav,0.5856543354287992,0.005097347164325705,3.924526923272999,0.7130142918617408,0.5856543354287992,0.008495578607209509,0.7610059829495553,0.7130142918617408
Middle_3-13,..\data\processed\wet\Middle_3-13_v4.wav,0.3662863862065222,0.031761561341290954,3.897196429032727,0.9551751604781324,0.3662863862065222,0.05293593556881826,0.7549325397850504,0.9551751604781324
Middle_3-14,..\data\processed\wet\Middle_3-14_v0.wav,0.2401515960220142,0.19411476824222273,1.3271580026681673,0.5769361233448397,0.2401515960220142,0.3235246137370379,0.18381288948181496,0.5769361233448397
Middle_3-14,..\data\processed\wet\Middle_3-14_v1.wav,0.15484139464745494,0.21371636607682767,3.636558562704183,0.5601159830093484,0.15484139464745494,0.35619394346137945,0.697013013934263,0.5601159830093484
Middle_3-14,..\data\processed\wet\Middle_3-14_v2.wav,0.38646256432793524,0.25214976108452514,3.0294989718045326,0.005864727887161303,0.38646256432793524,0.4202496018075419,0.5621108826232295,0.005864727887161303
Middle_3-14,..\data\processed\wet\Middle_3-14_v3.wav,0.07850986845360985,0.528754840657807,0.8504554509108084,0.7068035962105051,0.07850986845360985,0.8812580677630116,0.07787898909129076,0.7068035962105051
Middle_3-14,..\data\processed\wet\Middle_3-14_v4.wav,0.9200381641090526,0.16241016258103866,2.167211466767814,0.5689214058447163,0.9200381641090526,0.2706836043017311,0.37049143705951426,0.5689214058447163
Middle_3-15,..\data\processed\wet\Middle_3-15_v0.wav,0.8817089696385847,0.5651433523562521,3.828034616500706,0.08661976085469403,0.8817089696385847,0.9419055872604203,0.7395632481112681,0.08661976085469403
Middle_3-15,..\data\processed\wet\Middle_3-15_v1.wav,0.6691541555348508,0.24618223312359722,2.618154497709777,0.04914839034517704,0.6691541555348508,0.41030372187266206,0.4707009994910616,0.04914839034517704
Middle_3-15,..\data\processed\wet\Middle_3-15_v2.wav,0.19106213934635818,0.47430816452018865,2.542814748715369,0.30166224163114885,0.19106213934635818,0.7905136075336477,0.45395883304785983,0.30166224163114885
Middle_3-15,..\data\processed\wet\Middle_3-15_v3.wav,0.38401907396495816,0.5126397079954081,3.870495578322306,0.2723153971810828,0.38401907396495816,0.8543995133256803,0.7489990174049569,0.2723153971810828
Middle_3-15,..\data\processed\wet\Middle_3-15_v4.wav,0.11750184021237331,0.15119893298644302,4.643404029746302,0.5815888378497553,0.11750184021237331,0.2519982216440717,0.9207564510547337,0.5815888378497553
Middle_3-16,..\data\processed\wet\Middle_3-16_v0.wav,0.5334802087447829,0.3578361598154769,2.1471271958593188,0.8071070203195128,0.5334802087447829,0.5963935996924615,0.36602826574651526,0.8071070203195128
Middle_3-16,..\data\processed\wet\Middle_3-16_v1.wav,0.5232862493002498,0.07004874166127732,1.0807930617307833,0.5368591465026183,0.5232862493002498,0.11674790276879554,0.12906512482906296,0.5368591465026183
Middle_3-16,..\data\processed\wet\Middle_3-16_v2.wav,0.9365702180708392,0.18501127300571923,4.412935259866482,0.7640955865788793,0.9365702180708392,0.30835212167619874,0.8695411688592183,0.7640955865788793
Middle_3-16,..\data\processed\wet\Middle_3-16_v3.wav,0.24781244290690685,0.021804448989745474,0.9583126931407223,0.7284939338474402,0.24781244290690685,0.036340748316242455,0.10184726514238274,0.7284939338474402
Middle_3-16,..\data\processed\wet\Middle_3-16_v4.wav,0.1996697380406467,0.22276255230323627,2.757646247028912,0.7254681684501628,0.1996697380406467,0.3712709205053938,0.5016991660064248,0.7254681684501628
Middle_3-17,..\data\processed\wet\Middle_3-17_v0.wav,0.11323122325912538,0.24381984316647687,2.682828091142129,0.5408270639715397,0.11323122325912538,0.4063664052774615,0.48507290914269535,0.5408270639715397
Middle_3-17,..\data\processed\wet\Middle_3-17_v1.wav,0.8183606413952167,0.10300691702593014,4.1352415332198005,0.6928784276966522,0.8183606413952167,0.1716781950432169,0.8078314518266223,0.6928784276966522
Middle_3-17,..\data\processed\wet\Middle_3-17_v2.wav,0.5558708141989593,0.41971672224154316,2.3540798252824535,0.13839758596812457,0.5558708141989593,0.6995278704025719,0.41201773895165633,0.13839758596812457
Middle_3-17,..\data\processed\wet\Middle_3-17_v3.wav,0.6657652402653673,0.31480338401137337,3.3771866024424897,0.33799878102849,0.6657652402653673,0.5246723066856223,0.6393748005427755,0.33799878102849
Middle_3-17,..\data\processed\wet\Middle_3-17_v4.wav,0.9068665773398359,0.35242192114534615,0.8843111793089322,0.44980399070442867,0.9068665773398359,0.5873698685755769,0.08540248429087383,0.44980399070442867
Middle_3-18,..\data\processed\wet\Middle_3-18_v0.wav,0.7563560547436343,0.4764807370393634,2.7256867374369143,0.8947475708313011,0.7563560547436343,0.7941345617322724,0.4945970527637587,0.8947475708313011
Middle_3-18,..\data\processed\wet\Middle_3-18_v1.wav,0.26766843719429756,0.24635921834295993,4.543686097560365,0.8962567164715789,0.26766843719429756,0.4105986972382666,0.8985969105689701,0.8962567164715789
Middle_3-18,..\data\processed\wet\Middle_3-18_v2.wav,0.6857127688246809,0.515388328273332,0.899479701303047,0.8649949762077763,0.6857127688246809,0.85898054712222,0.08877326695623267,0.8649949762077763
Middle_3-18,..\data\processed\wet\Middle_3-18_v3.wav,0.32061990655022676,0.10699890745692979,1.5771642635392085,0.4179685080138871,0.32061990655022676,0.17833151242821632,0.23936983634204634,0.4179685080138871
Middle_3-18,..\data\processed\wet\Middle_3-18_v4.wav,0.2511920046044672,0.1923405516098994,1.1074031873223893,0.2961767655589985,0.2511920046044672,0.32056758601649904,0.13497848607164206,0.2961767655589985
Middle_3-19,..\data\processed\wet\Middle_3-19_v0.wav,0.5722838145420012,0.26511222485463837,2.0602344255616005,0.746452128857114,0.5722838145420012,0.44185370809106395,0.3467187612359112,0.746452128857114
Middle_3-19,..\data\processed\wet\Middle_3-19_v1.wav,0.8935099713933179,0.4540735337414382,1.9940031595295564,0.7444421678375537,0.8935099713933179,0.756789222902397,0.3320007021176792,0.7444421678375537
Middle_3-19,..\data\processed\wet\Middle_3-19_v2.wav,0.1519801824740512,0.07819079285477455,2.0553216666627154,0.807702369044057,0.1519801824740512,0.13031798809129091,0.345627037036159,0.807702369044057
Middle_3-19,..\data\processed\wet\Middle_3-19_v3.wav,0.24634824724230187,0.03795204533920775,1.092692908428598,0.8587449685295802,0.24634824724230187,0.06325340889867959,0.1317095352063551,0.8587449685295802
Middle_3-19,..\data\processed\wet\Middle_3-19_v4.wav,0.6337832847472876,0.151920698021986,2.998831213976816,0.5275796224253504,0.6337832847472876,0.25320116336997667,0.5552958253281813,0.5275796224253504
Middle_3-2,..\data\processed\wet\Middle_3-2_v0.wav,0.6554359784406613,0.1399125326529698,4.389813442374789,0.30936856208001284,0.6554359784406613,0.23318755442161634,0.8644029871943977,0.30936856208001284
Middle_3-2,..\data\processed\wet\Middle_3-2_v1.wav,0.6941316539762369,0.009674787823328933,2.1769570845236625,0.3517098179588083,0.6941316539762369,0.01612464637221489,0.37265712989414723,0.3517098179588083
Middle_3-2,..\data\processed\wet\Middle_3-2_v2.wav,0.5434844285830145,0.0436417570663179,4.055591181767488,0.21778080176756853,0.5434844285830145,0.0727362617771965,0.7901313737261084,0.21778080176756853
Middle_3-2,..\data\processed\wet\Middle_3-2_v3.wav,0.6770378148820102,0.4819272739464559,3.028446303086809,0.7408832067219855,0.6770378148820102,0.8032121232440932,0.5618769562415131,0.7408832067219855
Middle_3-2,..\data\processed\wet\Middle_3-2_v4.wav,0.6618603122150055,0.21331787829120455,4.139863425651043,0.294701369885528,0.6618603122150055,0.3555297971520076,0.8088585390335652,0.294701369885528
Middle_3-20,..\data\processed\wet\Middle_3-20_v0.wav,0.5712129177515172,0.4472386434849237,2.205301594156284,0.30276760761742505,0.5712129177515172,0.7453977391415395,0.3789559098125076,0.30276760761742505
Middle_3-20,..\data\processed\wet\Middle_3-20_v1.wav,0.4593460101728227,0.4907780966094921,4.684647934155492,0.5450834128598901,0.4593460101728227,0.8179634943491536,0.9299217631456648,0.5450834128598901
Middle_3-20,..\data\processed\wet\Middle_3-20_v2.wav,0.6614662053236519,0.5419641733433485,0.9434608313582408,0.23207857786616504,0.6614662053236519,0.9032736222389142,0.0985468514129424,0.23207857786616504
Middle_3-20,..\data\processed\wet\Middle_3-20_v3.wav,0.7089000062515824,0.4942466771473798,4.3566306274876005,0.4151071768549326,0.7089000062515824,0.8237444619122997,0.8570290283305779,0.4151071768549326
Middle_3-20,..\data\processed\wet\Middle_3-20_v4.wav,0.08933990229186684,0.2626688863797719,1.538305655931742,0.29119645499662417,0.08933990229186684,0.4377814772996199,0.23073459020705378,0.29119645499662417
Middle_3-21,..\data\processed\wet\Middle_3-21_v0.wav,0.7722675568375058,0.04531625161553212,4.22411547866316,0.42766908582416907,0.7722675568375058,0.07552708602588687,0.8275812174807022,0.42766908582416907
Middle_3-21,..\data\processed\wet\Middle_3-21_v1.wav,0.5960639311005951,0.0537913387414074,2.0181158526077585,0.08970091901484578,0.5960639311005951,0.089652231235679,0.3373590783572797,0.08970091901484578
Middle_3-21,..\data\processed\wet\Middle_3-21_v2.wav,0.9615437228811096,0.48435698959575024,2.568347394604071,0.2236025483236711,0.9615437228811096,0.8072616493262504,0.4596327543564602,0.2236025483236711
Middle_3-21,..\data\processed\wet\Middle_3-21_v3.wav,0.9334551052498522,0.20675795743618305,1.2244299425931864,0.5631643884539549,0.9334551052498522,0.34459659572697177,0.16098443168737475,0.5631643884539549
Middle_3-21,..\data\processed\wet\Middle_3-21_v4.wav,0.9437741203448161,0.002298174300193545,1.5715617946429943,0.9384476404104076,0.9437741203448161,0.003830290500322575,0.23812484325399874,0.9384476404104076
Middle_3-22,..\data\processed\wet\Middle_3-22_v0.wav,0.17108596685716204,0.06794607098389191,3.06584247109912,0.8618438232948299,0.17108596685716204,0.11324345163981986,0.5701872157998045,0.8618438232948299
Middle_3-22,..\data\processed\wet\Middle_3-22_v1.wav,0.47710981769392613,0.5967385540107149,3.556272647920968,0.07407490721044774,0.47710981769392613,0.9945642566845248,0.6791716995379928,0.07407490721044774
Middle_3-22,..\data\processed\wet\Middle_3-22_v2.wav,0.9928321316819754,0.24473654206811424,1.7933114023046715,0.5578791835778856,0.9928321316819754,0.40789423678019043,0.28740253384548253,0.5578791835778856
Middle_3-22,..\data\processed\wet\Middle_3-22_v3.wav,0.3043075918208643,0.05187450427209139,0.5064275438562953,0.4495833529202623,0.3043075918208643,0.08645750712015232,0.0014283430791767317,0.4495833529202623
Middle_3-22,..\data\processed\wet\Middle_3-22_v4.wav,0.8368634222265923,0.3433891113780459,4.996432845245484,0.28684664564719997,0.8368634222265923,0.5723151856300766,0.9992072989434408,0.28684664564719997
Middle_3-3,..\data\processed\wet\Middle_3-3_v0.wav,0.28045506476005533,0.09584967614036652,1.2382861471940083,0.2851865960100478,0.28045506476005533,0.1597494602339442,0.16406358826533518,0.2851865960100478
Middle_3-3,..\data\processed\wet\Middle_3-3_v1.wav,0.7928400452735271,0.5434540743818687,4.887892263684566,0.23228965409645264,0.7928400452735271,0.9057567906364478,0.9750871697076813,0.23228965409645264
Middle_3-3,..\data\processed\wet\Middle_3-3_v2.wav,0.8812975456140917,0.19695305356640222,1.0077824503259798,0.8700249255201656,0.8812975456140917,0.32825508927733704,0.1128405445168844,0.8700249255201656
Middle_3-3,..\data\processed\wet\Middle_3-3_v3.wav,0.6361056346436186,0.09883853764863704,2.4342406588085117,0.28725769487706765,0.6361056346436186,0.16473089608106173,0.4298312575130026,0.28725769487706765
Middle_3-3,..\data\processed\wet\Middle_3-3_v4.wav,0.736794568710197,0.2720497383745608,4.951759752978733,0.05474498225959512,0.736794568710197,0.45341623062426806,0.9892799451063851,0.05474498225959512
Middle_3-4,..\data\processed\wet\Middle_3-4_v0.wav,0.3550152661362467,0.2891401002659864,2.7641009963674392,0.3159358223856368,0.3550152661362467,0.48190016710997735,0.5031335547483198,0.3159358223856368
Middle_3-4,..\data\processed\wet\Middle_3-4_v1.wav,0.729240249097568,0.5248482440933848,4.724236858900383,0.8050933767995262,0.729240249097568,0.8747470734889747,0.9387193019778629,0.8050933767995262
Middle_3-4,..\data\processed\wet\Middle_3-4_v2.wav,0.8505801973065994,0.3303271803719973,4.216497018920665,0.3035039091479522,0.8505801973065994,0.5505453006199955,0.8258882264268146,0.3035039091479522
Middle_3-4,..\data\processed\wet\Middle_3-4_v3.wav,0.3984787621092144,0.19014780829112657,2.6032430095156647,0.28557961623863637,0.3984787621092144,0.3169130138185443,0.4673873354479255,0.28557961623863637
Middle_3-4,..\data\processed\wet\Middle_3-4_v4.wav,0.9616114422544468,0.1877067768034009,0.9412004214992292,0.5268171660504134,0.9616114422544468,0.31284462800566815,0.09804453811093983,0.5268171660504134
Middle_3-5,..\data\processed\wet\Middle_3-5_v0.wav,0.057099078445176366,0.06632589978514832,1.4872522513831083,0.4643502498821417,0.057099078445176366,0.11054316630858053,0.2193893891962463,0.4643502498821417
Middle_3-5,..\data\processed\wet\Middle_3-5_v1.wav,0.4332509323090279,0.4798151172016747,3.8276359424785102,0.4263182939907013,0.4332509323090279,0.7996918620027912,0.7394746538841134,0.4263182939907013
Middle_3-5,..\data\processed\wet\Middle_3-5_v2.wav,0.3337042075756299,0.18988127043689915,3.9829778928230404,0.05207240622126974,0.3337042075756299,0.3164687840614986,0.773995087294009,0.05207240622126974
Middle_3-5,..\data\processed\wet\Middle_3-5_v3.wav,0.012821649510605826,0.47732663515598883,2.6471586919507217,0.13088113855357597,0.012821649510605826,0.795544391926648,0.4771463759890493,0.13088113855357597
Middle_3-5,..\data\processed\wet\Middle_3-5_v4.wav,0.23556593459450126,0.5595023718584295,4.3677633903120405,0.7097850502239725,0.23556593459450126,0.9325039530973827,0.8595029756248979,0.7097850502239725
Middle_3-6,..\data\processed\wet\Middle_3-6_v0.wav,0.48222523033732656,0.31219417571483143,4.888600408777814,0.9657704438842871,0.48222523033732656,0.5203236261913857,0.9752445352839586,0.9657704438842871
Middle_3-6,..\data\processed\wet\Middle_3-6_v1.wav,0.21526904578583428,0.48666273978319086,1.3875919977515756,0.2135374778839514,0.21526904578583428,0.8111045663053181,0.1972426661670168,0.2135374778839514
Middle_3-6,..\data\processed\wet\Middle_3-6_v2.wav,0.6760930341645768,0.24300065915252902,4.691949831979341,0.08900973489600883,0.6760930341645768,0.4050010985875484,0.9315444071065202,0.08900973489600883
Middle_3-6,..\data\processed\wet\Middle_3-6_v3.wav,0.511525640809493,0.5511129182658727,4.568511472157773,0.15652921341574122,0.511525640809493,0.9185215304431212,0.9041136604795051,0.15652921341574122
Middle_3-6,..\data\processed\wet\Middle_3-6_v4.wav,0.36663770009645646,0.3714728400280177,1.2172769814713098,0.9680221720457387,0.36663770009645646,0.6191214000466962,0.15939488477140218,0.9680221720457387
Middle_3-7,..\data\processed\wet\Middle_3-7_v0.wav,0.9147493287276603,0.10017010742068151,1.0451995756744343,0.0854084828082653,0.9147493287276603,0.16695017903446918,0.1211554612609854,0.0854084828082653
Middle_3-7,..\data\processed\wet\Middle_3-7_v1.wav,0.9094436640366311,0.11617428587727646,2.373282178449596,0.448851365652003,0.9094436640366311,0.1936238097954608,0.41628492854435467,0.448851365652003
Middle_3-7,..\data\processed\wet\Middle_3-7_v2.wav,0.5990110442135675,0.04304120624845498,1.5204137783023217,0.931490386918926,0.5990110442135675,0.07173534374742496,0.22675861740051595,0.931490386918926
Middle_3-7,..\data\processed\wet\Middle_3-7_v3.wav,0.9084101072685695,0.4687743884434153,0.5873056052819694,0.3270067684961021,0.9084101072685695,0.7812906474056922,0.01940124561821542,0.3270067684961021
Middle_3-7,..\data\processed\wet\Middle_3-7_v4.wav,0.6279587353429078,0.1651141270640854,4.593140127741998,0.6338894618324419,0.6279587353429078,0.2751902117734757,0.9095866950537774,0.6338894618324419
Middle_3-8,..\data\processed\wet\Middle_3-8_v0.wav,0.0719067173164456,0.5454033533014218,4.809949961793001,0.07771241839172549,0.0719067173164456,0.9090055888357029,0.9577666581762225,0.07771241839172549
Middle_3-8,..\data\processed\wet\Middle_3-8_v1.wav,0.5323602348613149,0.18201856932850227,2.2677758441663105,0.1796512179553419,0.5323602348613149,0.30336428221417044,0.3928390764814023,0.1796512179553419
Middle_3-8,..\data\processed\wet\Middle_3-8_v2.wav,0.5780721020124125,0.5747876119493344,2.7638267012222406,0.08291458139448116,0.5780721020124125,0.9579793532488906,0.503072600271609,0.08291458139448116
Middle_3-8,..\data\processed\wet\Middle_3-8_v3.wav,0.6200013334774084,0.2041337966707542,4.35166335316084,0.4346781483164702,0.6200013334774084,0.34022299445125703,0.8559251895912978,0.4346781483164702
Middle_3-8,..\data\processed\wet\Middle_3-8_v4.wav,0.1928396089422456,0.11466337361468697,3.959438813245222,0.2655875983073599,0.1928396089422456,0.19110562269114495,0.7687641807211604,0.2655875983073599
Middle_3-9,..\data\processed\wet\Middle_3-9_v0.wav,0.767233394159223,0.12353238645995962,1.9475886591558922,0.4654869724396994,0.767233394159223,0.20588731076659939,0.3216863687013094,0.4654869724396994
Middle_3-9,..\data\processed\wet\Middle_3-9_v1.wav,0.9431958496934507,0.5590388548522948,1.4309234394002952,0.3582190412430728,0.9431958496934507,0.9317314247538246,0.20687187542228783,0.3582190412430728
Middle_3-9,..\data\processed\wet\Middle_3-9_v2.wav,0.14939938845377232,0.30599104758809825,2.5726214781259995,0.9007601624507324,0.14939938845377232,0.5099850793134971,0.4605825506946666,0.9007601624507324
Middle_3-9,..\data\processed\wet\Middle_3-9_v3.wav,0.9300053777910726,0.23014043460437525,2.7128207435854526,0.8962362491461331,0.9300053777910726,0.3835673910072921,0.49173794301898943,0.8962362491461331
Middle_3-9,..\data\processed\wet\Middle_3-9_v4.wav,0.8067078077450615,0.002193786806789566,1.9402680388261213,0.4217742419361259,0.8067078077450615,0.0036563113446492763,0.3200595641835825,0.4217742419361259
Middle_4-0,..\data\processed\wet\Middle_4-0_v0.wav,0.22971628368323171,0.11974296953756325,0.6700302796805585,0.6433697250697605,0.22971628368323171,0.19957161589593875,0.03778450659567967,0.6433697250697605
Middle_4-0,..\data\processed\wet\Middle_4-0_v1.wav,0.26251029048316565,0.03140830705878785,1.5394068973762864,0.8019139528361265,0.26251029048316565,0.05234717843131309,0.23097931052806364,0.8019139528361265
Middle_4-0,..\data\processed\wet\Middle_4-0_v2.wav,0.8514891816465466,0.2898397471159816,2.372318016839088,0.9778536935017818,0.8514891816465466,0.48306624519330266,0.41607067040868617,0.9778536935017818
Middle_4-0,..\data\processed\wet\Middle_4-0_v3.wav,0.2005646595880699,0.12921556971276507,1.8134022966637988,0.1727573182810873,0.2005646595880699,0.21535928285460845,0.29186717703639975,0.1727573182810873
Middle_4-0,..\data\processed\wet\Middle_4-0_v4.wav,0.3793655982041866,0.5465005361938523,3.2690652828285844,0.41194654861226365,0.3793655982041866,0.9108342269897539,0.6153478406285743,0.41194654861226365
Middle_4-1,..\data\processed\wet\Middle_4-1_v0.wav,0.9344107945712148,0.029078539485493392,1.4462428005583763,0.565888605101759,0.9344107945712148,0.04846423247582232,0.2102761779018614,0.565888605101759
Middle_4-1,..\data\processed\wet\Middle_4-1_v1.wav,0.6155526231931792,0.023734503937567885,2.3136744105820948,0.6491539648308727,0.6155526231931792,0.03955750656261314,0.4030387579071322,0.6491539648308727
Middle_4-1,..\data\processed\wet\Middle_4-1_v2.wav,0.6980705464034016,0.38288394150976157,1.9425345096241604,0.09352012359790951,0.6980705464034016,0.6381399025162693,0.32056322436092455,0.09352012359790951
Middle_4-1,..\data\processed\wet\Middle_4-1_v3.wav,0.4271124464193341,0.07725266242083328,4.764306463343002,0.47517086602262826,0.4271124464193341,0.12875443736805547,0.947623658520667,0.47517086602262826
Middle_4-1,..\data\processed\wet\Middle_4-1_v4.wav,0.31725917435686757,0.45978244267134005,2.7407686666201876,0.31003402401245006,0.31725917435686757,0.7663040711189001,0.4979485925822639,0.31003402401245006
Middle_4-10,..\data\processed\wet\Middle_4-10_v0.wav,0.8119677423908017,0.5202912906006731,3.5285367482990466,0.046964422407667294,0.8119677423908017,0.867152151001122,0.673008166288677,0.046964422407667294
Middle_4-10,..\data\processed\wet\Middle_4-10_v1.wav,0.5663228801665321,0.45797694719836896,1.11426355437612,0.22867075138460335,0.5663228801665321,0.7632949119972816,0.1365030120835822,0.22867075138460335
Middle_4-10,..\data\processed\wet\Middle_4-10_v2.wav,0.8824951050681364,0.012073033111844421,3.887272120216892,0.4737732925144229,0.8824951050681364,0.020121721853074037,0.752727137825976,0.4737732925144229
Middle_4-10,..\data\processed\wet\Middle_4-10_v3.wav,0.44677215883960686,0.004257919496932305,4.1872920393492175,0.35982490063656647,0.44677215883960686,0.0070965324948871755,0.8193982309664928,0.35982490063656647
Middle_4-10,..\data\processed\wet\Middle_4-10_v4.wav,0.5407656313005429,0.40638041180139567,3.661833093970621,0.9559800588260723,0.5407656313005429,0.6773006863356594,0.7026295764379158,0.9559800588260723
Middle_4-11,..\data\processed\wet\Middle_4-11_v0.wav,0.5313399532366091,0.23983173058465654,4.791666319212686,0.6421102350255211,0.5313399532366091,0.3997195509744276,0.9537036264917079,0.6421102350255211
Middle_4-11,..\data\processed\wet\Middle_4-11_v1.wav,0.2981503562765556,0.07587854724214269,4.291495256593316,0.36218160279415157,0.2981503562765556,0.12646424540357115,0.8425545014651813,0.36218160279415157
Middle_4-11,..\data\processed\wet\Middle_4-11_v2.wav,0.6604697213644312,0.2824898516195389,1.3951840090776726,0.6016866086204651,0.6604697213644312,0.47081641936589813,0.19892977979503834,0.6016866086204651
Middle_4-11,..\data\processed\wet\Middle_4-11_v3.wav,0.06068306895068232,0.24800547592271532,2.9597672284865197,0.43604697411857907,0.06068306895068232,0.4133424598711922,0.546614939663671,0.43604697411857907
Middle_4-11,..\data\processed\wet\Middle_4-11_v4.wav,0.7486721752509908,0.49675497272718744,3.970593833149301,0.03881294781180211,0.7486721752509908,0.8279249545453125,0.771243074033178,0.03881294781180211
Middle_4-12,..\data\processed\wet\Middle_4-12_v0.wav,0.1941287704459722,0.32196450555826456,4.706699181997106,0.8349567750521169,0.1941287704459722,0.5366075092637743,0.9348220404438012,0.8349567750521169
Middle_4-12,..\data\processed\wet\Middle_4-12_v1.wav,0.8425345083518017,0.18192491625580492,2.4325155368541616,0.4707059473159374,0.8425345083518017,0.3032081937596749,0.42944789707870257,0.4707059473159374
Middle_4-12,..\data\processed\wet\Middle_4-12_v2.wav,0.15737158334991042,0.018640878146673787,4.761063047572326,0.24071258566350673,0.15737158334991042,0.031068130244456312,0.9469028994605169,0.24071258566350673
Middle_4-12,..\data\processed\wet\Middle_4-12_v3.wav,0.2399489037236313,0.05002743226125572,4.678284883747003,0.579737114939772,0.2399489037236313,0.08337905376875954,0.9285077519437785,0.579737114939772
Middle_4-12,..\data\processed\wet\Middle_4-12_v4.wav,0.6670368571253539,0.5469461323578315,2.055290760053553,0.6215073111380841,0.6670368571253539,0.9115768872630525,0.3456201689007895,0.6215073111380841
Middle_4-13,..\data\processed\wet\Middle_4-13_v0.wav,0.03879945472888746,0.1120635169386776,4.240606122904741,0.7667683563383357,0.03879945472888746,0.18677252823112933,0.8312458050899425,0.7667683563383357
Middle_4-13,..\data\processed\wet\Middle_4-13_v1.wav,0.3506426914571469,0.22608637666452747,2.9009949509911075,0.0002410046851345493,0.3506426914571469,0.3768106277742125,0.5335544335535795,0.0002410046851345493
Middle_4-13,..\data\processed\wet\Middle_4-13_v2.wav,0.24124433603802786,0.12493908516492866,1.6271732603739355,0.8059058425334413,0.24124433603802786,0.20823180860821444,0.25048294674976346,0.8059058425334413
Middle_4-13,..\data\processed\wet\Middle_4-13_v3.wav,0.27967385654644317,0.11491279323008889,2.7691855735686417,0.8656450363727319,0.27967385654644317,0.19152132205014816,0.5042634607930315,0.8656450363727319
Middle_4-13,..\data\processed\wet\Middle_4-13_v4.wav,0.24134970383749987,0.047121745675679214,2.1038213113234914,0.7476518245649778,0.24134970383749987,0.0785362427927987,0.35640473584966476,0.7476518245649778
Middle_4-14,..\data\processed\wet\Middle_4-14_v0.wav,0.5506905446947946,0.49007602174460846,4.818164664241553,0.792662476751617,0.5506905446947946,0.8167933695743474,0.959592147609234,0.792662476751617
Middle_4-14,..\data\processed\wet\Middle_4-14_v1.wav,0.6038030788437534,0.2960049528314283,0.6803108885672,0.9843219788140413,0.6038030788437534,0.49334158805238054,0.04006908634826667,0.9843219788140413
Middle_4-14,..\data\processed\wet\Middle_4-14_v2.wav,0.3834811225750425,0.09133692835012008,3.5001898492840553,0.28428828909545933,0.3834811225750425,0.1522282139168668,0.6667088553964567,0.28428828909545933
Middle_4-14,..\data\processed\wet\Middle_4-14_v3.wav,0.5857782709310476,0.3520607447067547,2.5057841940629113,0.8361186155450426,0.5857782709310476,0.5867679078445912,0.44572982090286917,0.8361186155450426
Middle_4-14,..\data\processed\wet\Middle_4-14_v4.wav,0.26496706155544303,0.2691795549706405,2.9196145786593717,0.6636247207672996,0.26496706155544303,0.44863259161773417,0.5376921285909715,0.6636247207672996
Middle_4-15,..\data\processed\wet\Middle_4-15_v0.wav,0.7839718505055895,0.23688436972695362,3.407211248434682,0.15061095306851913,0.7839718505055895,0.39480728287825606,0.646046944096596,0.15061095306851913
Middle_4-15,..\data\processed\wet\Middle_4-15_v1.wav,0.9326481005424786,0.2298352838526021,3.782846398893973,0.020341081882177647,0.9326481005424786,0.38305880642100354,0.7295214219764384,0.020341081882177647
Middle_4-15,..\data\processed\wet\Middle_4-15_v2.wav,0.205187142904807,0.29224952659414677,4.45213610479556,0.5272551499506771,0.205187142904807,0.48708254432357795,0.8782524677323467,0.5272551499506771
Middle_4-15,..\data\processed\wet\Middle_4-15_v3.wav,0.929870482293879,0.2902781379496778,2.7070209353117747,0.11974678850053189,0.929870482293879,0.4837968965827963,0.49044909673594994,0.11974678850053189
Middle_4-15,..\data\processed\wet\Middle_4-15_v4.wav,0.8026562441522198,0.1481792474802375,4.548256202175418,0.9108242203303961,0.8026562441522198,0.24696541246706252,0.8996124893723151,0.9108242203303961
Middle_4-16,..\data\processed\wet\Middle_4-16_v0.wav,0.9433101118741497,0.312138293461854,3.5469220315263996,0.7785158800616635,0.9433101118741497,0.52023048910309,0.6770937847836443,0.7785158800616635
Middle_4-16,..\data\processed\wet\Middle_4-16_v1.wav,0.1310146186504656,0.36057431699849835,0.6543405558649025,0.4975660833887259,0.1310146186504656,0.6009571949974972,0.03429790130331166,0.4975660833887259
Middle_4-16,..\data\processed\wet\Middle_4-16_v2.wav,0.1548426816202274,0.10975375557725082,2.142714050116707,0.432437166716503,0.1548426816202274,0.1829229259620847,0.3650475666926016,0.432437166716503
Middle_4-16,..\data\processed\wet\Middle_4-16_v3.wav,0.6231724245321872,0.044657051063109396,2.766612925568501,0.18262513025310112,0.6231724245321872,0.07442841843851566,0.5036917612374446,0.18262513025310112
Middle_4-16,..\data\processed\wet\Middle_4-16_v4.wav,0.5739751750317419,0.38244276735671007,3.0051916544878425,0.7382955104783077,0.5739751750317419,0.6374046122611835,0.5567092565528539,0.7382955104783077
Middle_4-17,..\data\processed\wet\Middle_4-17_v0.wav,0.3356092442409013,0.4590639549798785,2.4474518676868717,0.4841844983225968,0.3356092442409013,0.7651065916331309,0.4327670817081937,0.4841844983225968
Middle_4-17,..\data\processed\wet\Middle_4-17_v1.wav,0.6481021272610714,0.011015030399534375,3.4429739963911175,0.6185851490721154,0.6481021272610714,0.01835838399922396,0.6539942214202483,0.6185851490721154
Middle_4-17,..\data\processed\wet\Middle_4-17_v2.wav,0.3098471167532799,0.05147657093969369,0.9092095246086851,0.9232237469852286,0.3098471167532799,0.08579428489948948,0.09093544991304113,0.9232237469852286
Middle_4-17,..\data\processed\wet\Middle_4-17_v3.wav,0.6892793212258371,0.07626156826244423,2.1052542618900785,0.5924829939015964,0.6892793212258371,0.1271026137707404,0.35672316930890635,0.5924829939015964
Middle_4-17,..\data\processed\wet\Middle_4-17_v4.wav,0.8355717050906487,0.026196557227805117,1.56484909161504,0.88974899029538,0.8355717050906487,0.04366092871300853,0.23663313147000886,0.88974899029538
Middle_4-18,..\data\processed\wet\Middle_4-18_v0.wav,0.009165550183816484,0.12083946167633243,4.815608791878347,0.6134018465221711,0.009165550183816484,0.2013991027938874,0.959024175972966,0.6134018465221711
Middle_4-18,..\data\processed\wet\Middle_4-18_v1.wav,0.26167136663750645,0.04019465663750856,0.6268610320124997,0.24474507963692727,0.26167136663750645,0.0669910943958476,0.028191340447222143,0.24474507963692727
Middle_4-18,..\data\processed\wet\Middle_4-18_v2.wav,0.8814858195889105,0.2495481925785057,3.7415001612469685,0.9182850353799578,0.8814858195889105,0.4159136542975095,0.720333369165993,0.9182850353799578
Middle_4-18,..\data\processed\wet\Middle_4-18_v3.wav,0.4080404616028166,0.11476642262243823,2.8270306888561376,0.9080836870598544,0.4080404616028166,0.19127737103739706,0.5171179308569195,0.9080836870598544
Middle_4-18,..\data\processed\wet\Middle_4-18_v4.wav,0.8043744141377006,0.03949790601789227,3.6165776003491183,0.5718975224589538,0.8043744141377006,0.06582984336315378,0.6925728000775818,0.5718975224589538
Middle_4-19,..\data\processed\wet\Middle_4-19_v0.wav,0.9074631763464255,0.07348885011017833,2.9031625094209548,0.8794626935118923,0.9074631763464255,0.12248141685029723,0.5340361132046566,0.8794626935118923
Middle_4-19,..\data\processed\wet\Middle_4-19_v1.wav,0.410023786741743,0.28919695063972023,0.8170730495013123,0.2781436404489108,0.410023786741743,0.48199491773286707,0.0704606776669583,0.2781436404489108
Middle_4-19,..\data\processed\wet\Middle_4-19_v2.wav,0.32450664916894734,0.5670734692469321,1.7720031224352157,0.460868735269652,0.32450664916894734,0.9451224487448869,0.28266736054115904,0.460868735269652
Middle_4-19,..\data\processed\wet\Middle_4-19_v3.wav,0.6713044235642798,0.09731002344472643,2.688990742138435,0.7385390394759076,0.6713044235642798,0.1621833724078774,0.4864423871418745,0.7385390394759076
Middle_4-19,..\data\processed\wet\Middle_4-19_v4.wav,0.866855213027066,0.37575556479745603,3.5107408189262657,0.12628347258456896,0.866855213027066,0.6262592746624267,0.6690535153169479,0.12628347258456896
Middle_4-2,..\data\processed\wet\Middle_4-2_v0.wav,0.9457764972463472,0.07954444649068941,3.9860282173180925,0.2648163217783188,0.9457764972463472,0.13257407748448236,0.7746729371817983,0.2648163217783188
Middle_4-2,..\data\processed\wet\Middle_4-2_v1.wav,0.9335931437012516,0.43197572362168773,3.8921617084026603,0.21905917305988332,0.9335931437012516,0.7199595393694795,0.753813712978369,0.21905917305988332
Middle_4-2,..\data\processed\wet\Middle_4-2_v2.wav,0.4430399766351608,0.3706879167535718,3.964881281929704,0.10395937591238957,0.4430399766351608,0.6178131945892864,0.7699736182066009,0.10395937591238957
Middle_4-2,..\data\processed\wet\Middle_4-2_v3.wav,0.9623653164545284,0.5341324023327336,1.7165686572301295,0.822760243032332,0.9623653164545284,0.8902206705545561,0.27034859049558435,0.822760243032332
Middle_4-2,..\data\processed\wet\Middle_4-2_v4.wav,0.5183239230398234,0.2770838889372112,1.9149534761513243,0.5809685866315925,0.5183239230398234,0.4618064815620187,0.3144341058114054,0.5809685866315925
Middle_4-20,..\data\processed\wet\Middle_4-20_v0.wav,0.7298891177035978,0.24655974297765493,3.3314863685373144,0.6993129211553037,0.7298891177035978,0.41093290496275825,0.6292191930082921,0.6993129211553037
Middle_4-20,..\data\processed\wet\Middle_4-20_v1.wav,0.7111218170152859,0.031179658878708147,4.368865125582801,0.45825331476504794,0.7111218170152859,0.05196609813118025,0.8597478056850668,0.45825331476504794
Middle_4-20,..\data\processed\wet\Middle_4-20_v2.wav,0.26241608169621444,0.14505870448780894,2.673563507797777,0.8868315394689592,0.26241608169621444,0.2417645074796816,0.4830141128439504,0.8868315394689592
Middle_4-20,..\data\processed\wet\Middle_4-20_v3.wav,0.3783475816826469,0.449835448070126,0.9356842894424837,0.4760567021510618,0.3783475816826469,0.7497257467835433,0.0968187309872186,0.4760567021510618
Middle_4-20,..\data\processed\wet\Middle_4-20_v4.wav,0.9916861403927356,0.4622626816754022,1.4473781979827585,0.5014414736979107,0.9916861403927356,0.770437802792337,0.210528488440613,0.5014414736979107
Middle_4-21,..\data\processed\wet\Middle_4-21_v0.wav,0.23362476364856655,0.24573655635750555,4.010378106807341,0.7712248152904037,0.23362476364856655,0.40956092726250926,0.7800840237349647,0.7712248152904037
Middle_4-21,..\data\processed\wet\Middle_4-21_v1.wav,0.22810037790238513,0.553333990892916,3.166556822441721,0.3799242909620145,0.22810037790238513,0.92222331815486,0.5925681827648268,0.3799242909620145
Middle_4-21,..\data\processed\wet\Middle_4-21_v2.wav,0.5019355807808606,0.3630427520626462,3.0195073933060343,0.4864050355361782,0.5019355807808606,0.6050712534377437,0.5598905318457854,0.4864050355361782
Middle_4-21,..\data\processed\wet\Middle_4-21_v3.wav,0.5049328040894001,0.10584714625673171,4.157298069371057,0.5417603199410154,0.5049328040894001,0.17641191042788618,0.8127329043046794,0.5417603199410154
Middle_4-21,..\data\processed\wet\Middle_4-21_v4.wav,0.1310798617047031,0.45969426094966676,4.695997902698078,0.9473068992369621,0.1310798617047031,0.7661571015827779,0.9324439783773507,0.9473068992369621
Middle_4-22,..\data\processed\wet\Middle_4-22_v0.wav,0.36901773241117275,0.08131012413645242,2.832798319848793,0.11260922934922069,0.36901773241117275,0.13551687356075404,0.5183996266330652,0.11260922934922069
Middle_4-22,..\data\processed\wet\Middle_4-22_v1.wav,0.9339874185126172,0.1101477764130876,1.6374463697802384,0.40663652688497043,0.9339874185126172,0.183579627355146,0.2527658599511641,0.40663652688497043
Middle_4-22,..\data\processed\wet\Middle_4-22_v2.wav,0.3831644685591258,0.4767977354387334,2.5534256924793306,0.1707682600033369,0.3831644685591258,0.794662892397889,0.45631682055096234,0.1707682600033369
Middle_4-22,..\data\processed\wet\Middle_4-22_v3.wav,0.2672098954860741,0.3054680311125132,1.163542628417607,0.6116556756460141,0.2672098954860741,0.509113385187522,0.14745391742613487,0.6116556756460141
Middle_4-22,..\data\processed\wet\Middle_4-22_v4.wav,0.5657473065511459,0.4288213898293546,4.719670769207155,0.9122545611011557,0.5657473065511459,0.7147023163822577,0.9377046153793677,0.9122545611011557
Middle_4-3,..\data\processed\wet\Middle_4-3_v0.wav,0.9460756180688313,0.14682935821422055,1.0920438798770957,0.3022767004964485,0.9460756180688313,0.24471559702370094,0.13156530663935462,0.3022767004964485
Middle_4-3,..\data\processed\wet\Middle_4-3_v1.wav,0.8950851727663146,0.5832320847740929,4.366962279817142,0.1100177211275436,0.8950851727663146,0.9720534746234882,0.859324951070476,0.1100177211275436
Middle_4-3,..\data\processed\wet\Middle_4-3_v2.wav,0.9474279980597932,0.2540148164104716,0.5418963084305916,0.4423937407481936,0.9474279980597932,0.423358027350786,0.009310290762353679,0.4423937407481936
Middle_4-3,..\data\processed\wet\Middle_4-3_v3.wav,0.04606916967546759,0.3263267526966705,2.023493123466731,0.47343493359404876,0.04606916967546759,0.5438779211611176,0.3385540274370513,0.47343493359404876
Middle_4-3,..\data\processed\wet\Middle_4-3_v4.wav,0.613170360743117,0.5212806574906922,3.4785570941236785,0.4340488684781807,0.613170360743117,0.8688010958178204,0.6619015764719286,0.4340488684781807
Middle_4-4,..\data\processed\wet\Middle_4-4_v0.wav,0.8194278536703651,0.5433492825438793,1.0389198489448874,0.5319329775527915,0.8194278536703651,0.9055821375731321,0.1197599664321972,0.5319329775527915
Middle_4-4,..\data\processed\wet\Middle_4-4_v1.wav,0.28451195974244414,0.02823671872616844,3.508460128012934,0.8627707774592256,0.28451195974244414,0.0470611978769474,0.6685466951139853,0.8627707774592256
Middle_4-4,..\data\processed\wet\Middle_4-4_v2.wav,0.16290265447739405,0.4874481945743403,4.340280800916237,0.9143404426664835,0.16290265447739405,0.8124136576239005,0.8533957335369416,0.9143404426664835
Middle_4-4,..\data\processed\wet\Middle_4-4_v3.wav,0.2652850890860524,0.5423718391139335,1.942982396313945,0.5523380134555028,0.2652850890860524,0.9039530651898892,0.32066275473643224,0.5523380134555028
Middle_4-4,..\data\processed\wet\Middle_4-4_v4.wav,0.05050747083228213,0.02632865302124616,3.741679457294913,0.44447997797779104,0.05050747083228213,0.043881088368743604,0.7203732127322029,0.44447997797779104
Middle_4-5,..\data\processed\wet\Middle_4-5_v0.wav,0.25629237536921756,0.11424809761494611,3.514790708866481,0.00040154402533987277,0.25629237536921756,0.1904134960249102,0.6699534908592181,0.00040154402533987277
Middle_4-5,..\data\processed\wet\Middle_4-5_v1.wav,0.8058911691968542,0.04754976367795729,1.3617032670865374,0.3862363952990896,0.8058911691968542,0.07924960612992882,0.19148961490811944,0.3862363952990896
Middle_4-5,..\data\processed\wet\Middle_4-5_v2.wav,0.4848587397161036,0.21299706948836508,1.9432047424293226,0.9639160120731884,0.4848587397161036,0.35499511581394183,0.3207121649842939,0.9639160120731884
Middle_4-5,..\data\processed\wet\Middle_4-5_v3.wav,0.6415796812433943,0.014059773220432925,2.435791587999409,0.8750086997439702,0.6415796812433943,0.02343295536738821,0.43017590844431314,0.8750086997439702
Middle_4-5,..\data\processed\wet\Middle_4-5_v4.wav,0.30145618641066796,0.05673380686463294,3.91273147215463,0.6060138319360813,0.30145618641066796,0.09455634477438823,0.7583847715899178,0.6060138319360813
Middle_4-6,..\data\processed\wet\Middle_4-6_v0.wav,0.5703125078265039,0.03214593576444475,1.132245544079828,0.6225493962131138,0.5703125078265039,0.05357655960740792,0.14049900979551733,0.6225493962131138
Middle_4-6,..\data\processed\wet\Middle_4-6_v1.wav,0.2078238414588358,0.3024420478490546,2.9519675871322706,0.2835071902709394,0.2078238414588358,0.5040700797484243,0.5448816860293935,0.2835071902709394
Middle_4-6,..\data\processed\wet\Middle_4-6_v2.wav,0.9484251555414929,0.5054784641013451,3.750680784347593,0.07799386640940908,0.9484251555414929,0.8424641068355753,0.7223735076327985,0.07799386640940908
Middle_4-6,..\data\processed\wet\Middle_4-6_v3.wav,0.10613001930901944,0.2956688075189734,1.2232100713594356,0.9782654635294741,0.10613001930901944,0.4927813458649557,0.16071334919098568,0.9782654635294741
Middle_4-6,..\data\processed\wet\Middle_4-6_v4.wav,0.15852023402740945,0.2924807012783844,2.1385447557867745,0.639386421454098,0.15852023402740945,0.487467835463974,0.3641210568415054,0.639386421454098
Middle_4-7,..\data\processed\wet\Middle_4-7_v0.wav,0.12903640888942491,0.25818985682543455,1.7361726476321464,0.887751524671688,0.12903640888942491,0.43031642804239095,0.27470503280714365,0.887751524671688
Middle_4-7,..\data\processed\wet\Middle_4-7_v1.wav,0.040585712134695084,0.5482364964038755,4.248473623488502,0.29757071644081545,0.040585712134695084,0.9137274940064593,0.8329941385530005,0.29757071644081545
Middle_4-7,..\data\processed\wet\Middle_4-7_v2.wav,0.7892906546771047,0.018728136203248535,4.850894976320271,0.5265949425897893,0.7892906546771047,0.03121356033874756,0.9668655502933936,0.5265949425897893
Middle_4-7,..\data\processed\wet\Middle_4-7_v3.wav,0.30328102606544527,0.21754992755680624,0.7988240905722381,0.9893495140420392,0.30328102606544527,0.3625832125946771,0.06640535346049736,0.9893495140420392
Middle_4-7,..\data\processed\wet\Middle_4-7_v4.wav,0.03929194515069245,0.3929442738887154,2.4923116746790623,0.9489162181887151,0.03929194515069245,0.654907123147859,0.4427359277064583,0.9489162181887151
Middle_4-8,..\data\processed\wet\Middle_4-8_v0.wav,0.24599974030679517,0.31925209436280677,2.6706029386223884,0.7028664440501013,0.24599974030679517,0.5320868239380113,0.48235620858275297,0.7028664440501013
Middle_4-8,..\data\processed\wet\Middle_4-8_v1.wav,0.06801023195242051,0.1162734780140129,1.4655416904178242,0.7381507548416897,0.06801023195242051,0.19378913002335485,0.21456482009284983,0.7381507548416897
Middle_4-8,..\data\processed\wet\Middle_4-8_v2.wav,0.18913869632674007,0.344095058334586,1.4685971922542915,0.8616249500839784,0.18913869632674007,0.5734917638909767,0.21524382050095367,0.8616249500839784
Middle_4-8,..\data\processed\wet\Middle_4-8_v3.wav,0.9421854544896385,0.31109578496534424,2.0853899789413024,0.23405777501749914,0.9421854544896385,0.5184929749422404,0.35230888420917833,0.23405777501749914
Middle_4-8,..\data\processed\wet\Middle_4-8_v4.wav,0.049781001523043766,0.16110004571849723,3.4440610097539306,0.5336169313092108,0.049781001523043766,0.2685000761974954,0.6542357799453179,0.5336169313092108
Middle_4-9,..\data\processed\wet\Middle_4-9_v0.wav,0.9440412782809274,0.23776635749502034,3.6223850404777753,0.4893227474751214,0.9440412782809274,0.3962772624917006,0.6938633423283945,0.4893227474751214
Middle_4-9,..\data\processed\wet\Middle_4-9_v1.wav,0.5125762159242117,0.1606645887624705,2.5472784957889987,0.47078499701270726,0.5125762159242117,0.2677743146041175,0.4549507768419997,0.47078499701270726
Middle_4-9,..\data\processed\wet\Middle_4-9_v2.wav,0.7066425217489339,0.5643839995116683,1.9819457486712693,0.042200468581298445,0.7066425217489339,0.9406399991861139,0.3293212774825043,0.042200468581298445
Middle_4-9,..\data\processed\wet\Middle_4-9_v3.wav,0.4962951255006397,0.32667679928950116,1.2579824800936186,0.7604646062760667,0.4962951255006397,0.5444613321491686,0.16844055113191525,0.7604646062760667
Middle_4-9,..\data\processed\wet\Middle_4-9_v4.wav,0.9849291084414916,0.5674648302050765,1.3869771747064348,0.8753632399007607,0.9849291084414916,0.9457747170084609,0.19710603882365219,0.8753632399007607
Middle_5-0,..\data\processed\wet\Middle_5-0_v0.wav,0.7044936364116847,0.27230793828414696,2.9327494744612808,0.8496001749824581,0.7044936364116847,0.45384656380691163,0.540610994324729,0.8496001749824581
Middle_5-0,..\data\processed\wet\Middle_5-0_v1.wav,0.48013493963837317,0.22392442146307612,2.719613718616936,0.5791298040350491,0.48013493963837317,0.37320736910512686,0.4932474930259858,0.5791298040350491
Middle_5-0,..\data\processed\wet\Middle_5-0_v2.wav,0.18907765377834884,0.5405446381601944,3.533841269733262,0.6332689173374889,0.18907765377834884,0.9009077302669907,0.6741869488296138,0.6332689173374889
Middle_5-0,..\data\processed\wet\Middle_5-0_v3.wav,0.09949622618063814,0.3625043629035551,1.0443229800732154,0.07869767519539905,0.09949622618063814,0.6041739381725918,0.12096066223849232,0.07869767519539905
Middle_5-0,..\data\processed\wet\Middle_5-0_v4.wav,0.5273108956423933,0.24167132042789696,3.1496462157030045,0.0892221680572386,0.5273108956423933,0.402785534046495,0.5888102701562232,0.0892221680572386
Middle_5-1,..\data\processed\wet\Middle_5-1_v0.wav,0.4309830628472584,0.10487202902709478,4.941950386658524,0.5611502124351744,0.4309830628472584,0.17478671504515797,0.9871000859241165,0.5611502124351744
Middle_5-1,..\data\processed\wet\Middle_5-1_v1.wav,0.6874368609408673,0.19525096840956468,0.9263251165070487,0.9758708627835366,0.6874368609408673,0.3254182806826078,0.09473891477934417,0.9758708627835366
Middle_5-1,..\data\processed\wet\Middle_5-1_v2.wav,0.2862590353831832,0.25428491110414453,3.4243876476615878,0.024697297686111286,0.2862590353831832,0.4238081851735742,0.649863921702575,0.024697297686111286
Middle_5-1,..\data\processed\wet\Middle_5-1_v3.wav,0.8102591305172869,0.3219469140171722,1.7519773418096998,0.06160798529246925,0.8102591305172869,0.5365781900286203,0.27821718706882215,0.06160798529246925
Middle_5-1,..\data\processed\wet\Middle_5-1_v4.wav,0.16249841547444144,0.5370203153120621,3.5871090077115095,0.24990172163688984,0.16249841547444144,0.8950338588534368,0.686024223935891,0.24990172163688984
Middle_5-10,..\data\processed\wet\Middle_5-10_v0.wav,0.06560076494502953,0.41436918743198176,3.075834766854943,0.404519524458235,0.06560076494502953,0.6906153123866363,0.5724077259677651,0.404519524458235
Middle_5-10,..\data\processed\wet\Middle_5-10_v1.wav,0.36361144919006383,0.13008856555746498,3.5132506544188296,0.9706680277938705,0.36361144919006383,0.21681427592910832,0.6696112565375176,0.9706680277938705
Middle_5-10,..\data\processed\wet\Middle_5-10_v2.wav,0.17571524583682585,0.358269972009302,2.408832750856893,0.4466887217446649,0.17571524583682585,0.5971166200155034,0.4241850557459762,0.4466887217446649
Middle_5-10,..\data\processed\wet\Middle_5-10_v3.wav,0.2541472801278144,0.49508092539685145,2.683650218662585,0.5434058521982641,0.2541472801278144,0.8251348756614191,0.4852556041472411,0.5434058521982641
Middle_5-10,..\data\processed\wet\Middle_5-10_v4.wav,0.30476091279732576,0.10908507940016984,0.8865967469126922,0.7141191409249159,0.30476091279732576,0.18180846566694975,0.08591038820282049,0.7141191409249159
Middle_5-11,..\data\processed\wet\Middle_5-11_v0.wav,0.19623428168785562,0.41404521251327864,2.2566940072112924,0.41577480098965147,0.19623428168785562,0.6900753541887977,0.3903764460469539,0.41577480098965147
Middle_5-11,..\data\processed\wet\Middle_5-11_v1.wav,0.4691774960927717,0.2206251048765259,0.9527898975016553,0.3096318100028458,0.4691774960927717,0.3677085081275432,0.10061997722259007,0.3096318100028458
Middle_5-11,..\data\processed\wet\Middle_5-11_v2.wav,0.6637343606939384,0.39947064088132256,1.7880093825799745,0.46010262655768797,0.6637343606939384,0.665784401468871,0.28622430723999437,0.46010262655768797
Middle_5-11,..\data\processed\wet\Middle_5-11_v3.wav,0.19344722801193748,0.12622324891790146,0.6037118978297333,0.8967465499077446,0.19344722801193748,0.21037208152983577,0.023047088406607408,0.8967465499077446
Middle_5-11,..\data\processed\wet\Middle_5-11_v4.wav,0.2107066650749062,0.13652032616187798,1.7582064469030931,0.127408071695429,0.2107066650749062,0.22753387693646332,0.2796014326451318,0.127408071695429
Middle_5-12,..\data\processed\wet\Middle_5-12_v0.wav,0.6392628831813628,0.04508577190655194,1.1039109184685763,0.6447567265900929,0.6392628831813628,0.07514295317758657,0.13420242632635027,0.6447567265900929
Middle_5-12,..\data\processed\wet\Middle_5-12_v1.wav,0.33966062048144274,0.42476869602071343,3.008411351015639,0.25602117306151306,0.33966062048144274,0.707947826701189,0.557424744670142,0.25602117306151306
Middle_5-12,..\data\processed\wet\Middle_5-12_v2.wav,0.6508279504893281,0.06976420817572838,2.9138467238601367,0.43714810504503465,0.6508279504893281,0.11627368029288064,0.5364103830800304,0.43714810504503465
Middle_5-12,..\data\processed\wet\Middle_5-12_v3.wav,0.2678735828174408,0.36240299864370007,4.421001165531271,0.9989046997630767,0.2678735828174408,0.6040049977395001,0.8713335923402824,0.9989046997630767
Middle_5-12,..\data\processed\wet\Middle_5-12_v4.wav,0.6077627687434245,0.2428235245975021,1.5134319509729073,0.25709608939511175,0.6077627687434245,0.40470587432917016,0.2252071002162016,0.25709608939511175
Middle_5-13,..\data\processed\wet\Middle_5-13_v0.wav,0.4794549781497657,0.22036662076842553,4.612165351812249,0.36829546765570953,0.4794549781497657,0.36727770128070925,0.9138145226249441,0.36829546765570953
Middle_5-13,..\data\processed\wet\Middle_5-13_v1.wav,0.3734445911454355,0.23012070746038615,4.264790946654461,0.6507883208469019,0.3734445911454355,0.38353451243397696,0.836620210367658,0.6507883208469019
Middle_5-13,..\data\processed\wet\Middle_5-13_v2.wav,0.6141688503188927,0.2004858134303173,4.180568795745978,0.038363861355701134,0.6141688503188927,0.3341430223838622,0.8179041768324394,0.038363861355701134
Middle_5-13,..\data\processed\wet\Middle_5-13_v3.wav,0.8707971723381132,0.30764993987635775,2.2921260568853574,0.4971672807176857,0.8707971723381132,0.5127498997939296,0.39825023486341277,0.4971672807176857
Middle_5-13,..\data\processed\wet\Middle_5-13_v4.wav,0.6674155305338311,0.0076592559107384155,4.421983354062115,0.4467395253113928,0.6674155305338311,0.01276542651789736,0.8715518564582477,0.4467395253113928
Middle_5-14,..\data\processed\wet\Middle_5-14_v0.wav,0.3429665197000782,0.08294733938043426,2.4775941846129896,0.49632277128437885,0.3429665197000782,0.1382455656340571,0.43946537435844213,0.49632277128437885
Middle_5-14,..\data\processed\wet\Middle_5-14_v1.wav,0.4036466944934778,0.40719605629613825,2.3940343794165173,0.9614175778465733,0.4036466944934778,0.6786600938268971,0.42089652875922606,0.9614175778465733
Middle_5-14,..\data\processed\wet\Middle_5-14_v2.wav,0.5992775178235918,0.4844867613911453,0.9921015639926548,0.3972912929459057,0.5992775178235918,0.807477935651909,0.10935590310947885,0.3972912929459057
Middle_5-14,..\data\processed\wet\Middle_5-14_v3.wav,0.3368477014471527,0.3416894328819551,4.375010840276415,0.07833821776200667,0.3368477014471527,0.5694823881365918,0.8611135200614256,0.07833821776200667
Middle_5-14,..\data\processed\wet\Middle_5-14_v4.wav,0.07257479804471079,0.5101906248945594,1.4578253871726083,0.6687532544498137,0.07257479804471079,0.850317708157599,0.21285008603835742,0.6687532544498137
Middle_5-15,..\data\processed\wet\Middle_5-15_v0.wav,0.5428781323608052,0.49973615693233764,1.0629000942638158,0.12978296572261128,0.5428781323608052,0.8328935948872295,0.12508890983640353,0.12978296572261128
Middle_5-15,..\data\processed\wet\Middle_5-15_v1.wav,0.5568183602783076,0.5678271920150225,2.367489912668394,0.32694210025469495,0.5568183602783076,0.9463786533583709,0.41499775837075425,0.32694210025469495
Middle_5-15,..\data\processed\wet\Middle_5-15_v2.wav,0.6066893231978858,0.5582691603270187,4.266175247800806,0.9954836107332199,0.6066893231978858,0.9304486005450312,0.8369278328446236,0.9954836107332199
Middle_5-15,..\data\processed\wet\Middle_5-15_v3.wav,0.02256858320237709,0.06771488682765733,3.242604935149799,0.8205764393338497,0.02256858320237709,0.11285814471276223,0.609467763366622,0.8205764393338497
Middle_5-15,..\data\processed\wet\Middle_5-15_v4.wav,0.28524434230676654,0.14352665282053126,4.041391097215405,0.05638185385323158,0.28524434230676654,0.23921108803421878,0.786975799381201,0.05638185385323158
Middle_5-16,..\data\processed\wet\Middle_5-16_v0.wav,0.3693826475825851,0.3034855335553978,3.0215690345764554,0.7286151567927769,0.3693826475825851,0.5058092225923297,0.5603486743503234,0.7286151567927769
Middle_5-16,..\data\processed\wet\Middle_5-16_v1.wav,0.35484572343065823,0.3676106068047643,3.1341894025593033,0.5476161006537471,0.35484572343065823,0.6126843446746072,0.5853754227909563,0.5476161006537471
Middle_5-16,..\data\processed\wet\Middle_5-16_v2.wav,0.6404832931422122,0.15566950264084578,0.8809193911308304,0.11927167203974343,0.6404832931422122,0.2594491710680763,0.08464875358462898,0.11927167203974343
Middle_5-16,..\data\processed\wet\Middle_5-16_v3.wav,0.22458238265390107,0.30011876131367116,4.28199237745709,0.7012933420883841,0.22458238265390107,0.5001979355227852,0.84044275054602,0.7012933420883841
Middle_5-16,..\data\processed\wet\Middle_5-16_v4.wav,0.7890406042020471,0.21058537435565483,2.320941837418476,0.3936818859906128,0.7890406042020471,0.3509756239260914,0.40465374164855017,0.3936818859906128
Middle_5-17,..\data\processed\wet\Middle_5-17_v0.wav,0.19187318440450152,0.03672999488614321,3.1591224177225206,0.9892166834205861,0.19187318440450152,0.061216658143572016,0.5909160928272268,0.9892166834205861
Middle_5-17,..\data\processed\wet\Middle_5-17_v1.wav,0.16682970495026284,0.028010891939564252,4.007892568207698,0.2525860066847242,0.16682970495026284,0.046684819899273755,0.7795316818239328,0.2525860066847242
Middle_5-17,..\data\processed\wet\Middle_5-17_v2.wav,0.8296438053529284,0.42236200022070924,4.75553091672862,0.408927235756672,0.8296438053529284,0.7039366670345154,0.9456735370508045,0.408927235756672
Middle_5-17,..\data\processed\wet\Middle_5-17_v3.wav,0.6619698394506341,0.27891286848796243,3.337649137888446,0.44959890600773733,0.6619698394506341,0.46485478081327075,0.6305886973085435,0.44959890600773733
Middle_5-17,..\data\processed\wet\Middle_5-17_v4.wav,0.18863224642407483,0.3047384496020285,2.8786289064684905,0.8106038482601611,0.18863224642407483,0.5078974160033809,0.5285842014374423,0.8106038482601611
Middle_5-18,..\data\processed\wet\Middle_5-18_v0.wav,0.7355207057935812,0.3982749743648664,1.0102419299865764,0.720616290663715,0.7355207057935812,0.6637916239414441,0.11338709555257252,0.720616290663715
Middle_5-18,..\data\processed\wet\Middle_5-18_v1.wav,0.5003051563545148,0.5364597216636955,4.639419203587442,0.05515659060178546,0.5003051563545148,0.8940995361061592,0.9198709341305427,0.05515659060178546
Middle_5-18,..\data\processed\wet\Middle_5-18_v2.wav,0.8206415603544788,0.02261843425360237,2.152263315627602,0.5422999756210791,0.8206415603544788,0.03769739042267062,0.36716962569502265,0.5422999756210791
Middle_5-18,..\data\processed\wet\Middle_5-18_v3.wav,0.14810079862712744,0.44778828754144606,0.5375961687746236,0.16859904843403684,0.14810079862712744,0.7463138125690768,0.008354704172138572,0.16859904843403684
Middle_5-18,..\data\processed\wet\Middle_5-18_v4.wav,0.5807968298534757,0.42863253722237543,4.624893962122623,0.7054966519346239,0.5807968298534757,0.7143875620372924,0.9166431026939161,0.7054966519346239
Middle_5-19,..\data\processed\wet\Middle_5-19_v0.wav,0.671779270254866,0.23660468781039856,0.5057799148706064,0.12015925873562194,0.671779270254866,0.3943411463506643,0.0012844255268014138,0.12015925873562194
Middle_5-19,..\data\processed\wet\Middle_5-19_v1.wav,0.5345545447560391,0.4050779315066518,2.3785172775340815,0.7306790115283902,0.5345545447560391,0.6751298858444197,0.41744828389646255,0.7306790115283902
Middle_5-19,..\data\processed\wet\Middle_5-19_v2.wav,0.5218622953321788,0.04450571735658732,1.3640731293557697,0.8399982232439429,0.5218622953321788,0.07417619559431221,0.19201625096794883,0.8399982232439429
Middle_5-19,..\data\processed\wet\Middle_5-19_v3.wav,0.7249127466244395,0.536857192207497,1.0290076210442145,0.9902225346150739,0.7249127466244395,0.894761987012495,0.11755724912093655,0.9902225346150739
Middle_5-19,..\data\processed\wet\Middle_5-19_v4.wav,0.2094067139499336,0.007067925771985206,4.988403225740994,0.28107388544511314,0.2094067139499336,0.01177987628664201,0.9974229390535542,0.28107388544511314
Middle_5-2,..\data\processed\wet\Middle_5-2_v0.wav,0.6680194525125599,0.10600938850578312,3.1110283948961377,0.9040349864545593,0.6680194525125599,0.1766823141763052,0.5802285321991417,0.9040349864545593
Middle_5-2,..\data\processed\wet\Middle_5-2_v1.wav,0.3201811674284386,0.40215238562661554,1.3455661495928743,0.6247953987187252,0.3201811674284386,0.6702539760443592,0.1879035887984165,0.6247953987187252
Middle_5-2,..\data\processed\wet\Middle_5-2_v2.wav,0.33645035181751015,0.126724955152771,1.9093192281663582,0.17884106850779935,0.33645035181751015,0.21120825858795167,0.31318205070363514,0.17884106850779935
Middle_5-2,..\data\processed\wet\Middle_5-2_v3.wav,0.9019161078378828,0.2383121317902773,1.6037568723846531,0.4484078410159329,0.9019161078378828,0.39718688631712884,0.24527930497436737,0.4484078410159329
Middle_5-2,..\data\processed\wet\Middle_5-2_v4.wav,0.32053616680649555,0.4466515522879956,4.8704896034847245,0.4380336566976468,0.32053616680649555,0.744419253813326,0.9712199118854943,0.4380336566976468
Middle_5-20,..\data\processed\wet\Middle_5-20_v0.wav,0.8610333999722404,0.3395178441357717,1.2075604929240507,0.6906227420813416,0.8610333999722404,0.5658630735596195,0.15723566509423348,0.6906227420813416
Middle_5-20,..\data\processed\wet\Middle_5-20_v1.wav,0.5134344971258201,0.3903639139512621,4.503593356572492,0.4404345706560461,0.5134344971258201,0.6506065232521034,0.8896874125716648,0.4404345706560461
Middle_5-20,..\data\processed\wet\Middle_5-20_v2.wav,0.9011776232173556,0.4504014085689929,2.6987221664509313,0.6032221356579637,0.9011776232173556,0.7506690142816549,0.48860492587798476,0.6032221356579637
Middle_5-20,..\data\processed\wet\Middle_5-20_v3.wav,0.32558113251901144,0.5901583798432645,3.503080233726782,0.043846852496629896,0.32558113251901144,0.9835972997387742,0.667351163050396,0.043846852496629896
Middle_5-20,..\data\processed\wet\Middle_5-20_v4.wav,0.32662190574800876,0.3739886602554345,0.7534997500965791,0.023884191319142767,0.32662190574800876,0.6233144337590575,0.0563332777992398,0.023884191319142767
Middle_5-21,..\data\processed\wet\Middle_5-21_v0.wav,0.45002423952780257,0.199614107815602,2.4723437361492464,0.26269330988000517,0.45002423952780257,0.33269017969267,0.4382986080331659,0.26269330988000517
Middle_5-21,..\data\processed\wet\Middle_5-21_v1.wav,0.1647177469429809,0.4134860141882026,2.8155700232051024,0.20015421124936683,0.1647177469429809,0.6891433569803377,0.5145711162678005,0.20015421124936683
Middle_5-21,..\data\processed\wet\Middle_5-21_v2.wav,0.3195894262599983,0.35508474459799555,0.8250320672261503,0.14745300926617955,0.3195894262599983,0.5918079076633259,0.07222934827247784,0.14745300926617955
Middle_5-21,..\data\processed\wet\Middle_5-21_v3.wav,0.07324560410739012,0.4873903996284713,3.8858415494540415,0.7533129318792571,0.07324560410739012,0.8123173327141189,0.7524092332120093,0.7533129318792571
Middle_5-21,..\data\processed\wet\Middle_5-21_v4.wav,0.716325343476028,0.40163125420192153,2.6464636192017874,0.642278163507115,0.716325343476028,0.6693854236698692,0.476991915378175,0.642278163507115
Middle_5-22,..\data\processed\wet\Middle_5-22_v0.wav,0.03836155478797465,0.37287865359407074,4.000449674915947,0.5003583603843902,0.03836155478797465,0.6214644226567846,0.7778777055368771,0.5003583603843902
Middle_5-22,..\data\processed\wet\Middle_5-22_v1.wav,0.35751332842723693,0.16645604088058746,3.392609225729371,0.6928011986299087,0.35751332842723693,0.2774267348009791,0.6428020501620825,0.6928011986299087
Middle_5-22,..\data\processed\wet\Middle_5-22_v2.wav,0.8709675998625426,0.20540044947659444,3.9639753832351348,0.5613558241893379,0.8709675998625426,0.34233408246099073,0.7697723073855856,0.5613558241893379
Middle_5-22,..\data\processed\wet\Middle_5-22_v3.wav,0.8828364906780791,0.31668726497737243,2.8293342277908526,0.5778770814409091,0.8828364906780791,0.5278121082956208,0.5176298283979672,0.5778770814409091
Middle_5-22,..\data\processed\wet\Middle_5-22_v4.wav,0.7493153551424344,0.5788142872970765,0.8310350939709454,0.05343460239101716,0.7493153551424344,0.9646904788284609,0.07356335421576565,0.05343460239101716
Middle_5-3,..\data\processed\wet\Middle_5-3_v0.wav,0.9375503374073385,0.31792537531092363,3.2670635655512124,0.48242360159472886,0.9375503374073385,0.5298756255182061,0.6149030145669361,0.48242360159472886
Middle_5-3,..\data\processed\wet\Middle_5-3_v1.wav,0.09365745260747449,0.4608536270511999,3.862510902898641,0.311703321492812,0.09365745260747449,0.7680893784186665,0.7472246450885869,0.311703321492812
Middle_5-3,..\data\processed\wet\Middle_5-3_v2.wav,0.3062392452284004,0.5027048285433111,0.8256076598359698,0.8811051483565658,0.3062392452284004,0.8378413809055185,0.07235725774132663,0.8811051483565658
Middle_5-3,..\data\processed\wet\Middle_5-3_v3.wav,0.2566616898959144,0.35579084865329635,4.711973805507999,0.6781225015366464,0.2566616898959144,0.5929847477554939,0.9359941790017776,0.6781225015366464
Middle_5-3,..\data\processed\wet\Middle_5-3_v4.wav,0.4144298124670366,0.4137205253432491,2.047908363423666,0.27725841634918613,0.4144298124670366,0.6895342089054152,0.3439796363163702,0.27725841634918613
Middle_5-4,..\data\processed\wet\Middle_5-4_v0.wav,0.9966832779346797,0.4504741387078726,3.4012398982181793,0.3552896432193188,0.9966832779346797,0.7507902311797877,0.6447199773818176,0.3552896432193188
Middle_5-4,..\data\processed\wet\Middle_5-4_v1.wav,0.04916082915504816,0.018634125621093366,2.9938156495195947,0.7620327210390511,0.04916082915504816,0.03105687603515561,0.5541812554487988,0.7620327210390511
Middle_5-4,..\data\processed\wet\Middle_5-4_v2.wav,0.5373791904438551,0.5044710431634687,0.6504193989194973,0.3667520764259401,0.5373791904438551,0.8407850719391146,0.03342653309322162,0.3667520764259401
Middle_5-4,..\data\processed\wet\Middle_5-4_v3.wav,0.23707039117417805,0.2683637808942732,0.8256937693735511,0.9541316415710726,0.23707039117417805,0.44727296815712203,0.07237639319412247,0.9541316415710726
Middle_5-4,..\data\processed\wet\Middle_5-4_v4.wav,0.22325540106936093,0.5533846652901508,2.416519197665068,0.985524133255218,0.22325540106936093,0.9223077754835848,0.4258931550366818,0.985524133255218
Middle_5-5,..\data\processed\wet\Middle_5-5_v0.wav,0.5540583834602107,0.5584997185054844,0.5240704491240028,0.7482388061809001,0.5540583834602107,0.9308328641758074,0.005348988694222845,0.7482388061809001
Middle_5-5,..\data\processed\wet\Middle_5-5_v1.wav,0.9030506531025154,0.08383234018737244,0.9325663327946817,0.4245726071859556,0.9030506531025154,0.13972056697895407,0.09612585173215149,0.4245726071859556
Middle_5-5,..\data\processed\wet\Middle_5-5_v2.wav,0.9336789061329351,0.32543193611426324,2.8735540867477947,0.14112611829932187,0.9336789061329351,0.5423865601904387,0.5274564637217322,0.14112611829932187
Middle_5-5,..\data\processed\wet\Middle_5-5_v3.wav,0.0007895110932187865,0.4860840544472767,0.894085533438072,0.633849818735324,0.0007895110932187865,0.8101400907454612,0.08757456298623821,0.633849818735324
Middle_5-5,..\data\processed\wet\Middle_5-5_v4.wav,0.9146164545151915,0.1251911478950586,3.4937277630660986,0.07869857670750946,0.9146164545151915,0.20865191315843104,0.6652728362369108,0.07869857670750946
Middle_5-6,..\data\processed\wet\Middle_5-6_v0.wav,0.603755143837613,0.09835903257192165,3.811791022318301,0.3012312947939082,0.603755143837613,0.16393172095320274,0.735953560515178,0.3012312947939082
Middle_5-6,..\data\processed\wet\Middle_5-6_v1.wav,0.46339100880464623,0.359658325216573,1.270730347998078,0.7416378186176209,0.46339100880464623,0.5994305420276217,0.17127341066623958,0.7416378186176209
Middle_5-6,..\data\processed\wet\Middle_5-6_v2.wav,0.30264034063681455,0.39742311594765206,1.2122737281471814,0.6881176592063503,0.30264034063681455,0.6623718599127535,0.15828305069937365,0.6881176592063503
Middle_5-6,..\data\processed\wet\Middle_5-6_v3.wav,0.12818807281046174,0.25521389776199016,1.6124273318249456,0.7483752494281826,0.12818807281046174,0.4253564962699836,0.2472060737388768,0.7483752494281826
Middle_5-6,..\data\processed\wet\Middle_5-6_v4.wav,0.26203500450687456,0.5290303838372378,4.513190951329758,0.19644131522278585,0.26203500450687456,0.8817173063953964,0.8918202114066128,0.19644131522278585
Middle_5-7,..\data\processed\wet\Middle_5-7_v0.wav,0.6138459450077243,0.052630585031978594,2.2619169482073316,0.7133217295012723,0.6138459450077243,0.08771764171996432,0.39153709960162925,0.7133217295012723
Middle_5-7,..\data\processed\wet\Middle_5-7_v1.wav,0.6594232468499163,0.37482040164396474,1.7714338864809962,0.378024949434402,0.6594232468499163,0.624700669406608,0.2825408636624436,0.378024949434402
Middle_5-7,..\data\processed\wet\Middle_5-7_v2.wav,0.10294614470028618,0.4314136922601606,2.767499585560731,0.7087656323456546,0.10294614470028618,0.719022820433601,0.5038887967912735,0.7087656323456546
Middle_5-7,..\data\processed\wet\Middle_5-7_v3.wav,0.24894352479687276,0.19466293718103972,2.003969017670516,0.0257424097472162,0.24894352479687276,0.3244382286350662,0.33421533726011465,0.0257424097472162
Middle_5-7,..\data\processed\wet\Middle_5-7_v4.wav,0.34104787283062354,0.4819827441108201,4.537843230873824,0.5182183156359275,0.34104787283062354,0.8033045735180335,0.8972984957497386,0.5182183156359275
Middle_5-8,..\data\processed\wet\Middle_5-8_v0.wav,0.45550169521922024,0.01849477121962215,4.456419519134222,0.013010213425872719,0.45550169521922024,0.03082461869937025,0.8792043375853827,0.013010213425872719
Middle_5-8,..\data\processed\wet\Middle_5-8_v1.wav,0.9447500802102118,0.2935297492128544,2.0387052210862695,0.9242184348426601,0.9447500802102118,0.4892162486880907,0.34193449357472655,0.9242184348426601
Middle_5-8,..\data\processed\wet\Middle_5-8_v2.wav,0.024390993110096737,0.34885493692145225,2.9701963602470194,0.21932040121138208,0.024390993110096737,0.5814248948690871,0.5489325244993376,0.21932040121138208
Middle_5-8,..\data\processed\wet\Middle_5-8_v3.wav,0.42888743135021057,0.3913584035662621,3.772090385968674,0.0007168587065797816,0.42888743135021057,0.6522640059437702,0.7271311968819275,0.0007168587065797816
Middle_5-8,..\data\processed\wet\Middle_5-8_v4.wav,0.9368534300910153,0.09871522343568744,1.5511119540006164,0.26347344569384823,0.9368534300910153,0.1645253723928124,0.2335804342223592,0.26347344569384823
Middle_5-9,..\data\processed\wet\Middle_5-9_v0.wav,0.03782013655203531,0.07383127415419495,4.938574653248729,0.31521673737728606,0.03782013655203531,0.12305212359032493,0.986349922944162,0.31521673737728606
Middle_5-9,..\data\processed\wet\Middle_5-9_v1.wav,0.11530109033904934,0.064194756704774,3.7375698545148737,0.8545686640326409,0.11530109033904934,0.10699126117462333,0.7194599676699719,0.8545686640326409
Middle_5-9,..\data\processed\wet\Middle_5-9_v2.wav,0.2569522995084699,0.012545707401140981,1.5039050830041012,0.056515690796757334,0.2569522995084699,0.02090951233523497,0.2230900184453558,0.056515690796757334
Middle_5-9,..\data\processed\wet\Middle_5-9_v3.wav,0.10339493663004151,0.2589048719085854,1.5346326688773466,0.5159458785254234,0.10339493663004151,0.43150811984764237,0.22991837086163258,0.5159458785254234
Middle_5-9,..\data\processed\wet\Middle_5-9_v4.wav,0.25349375325719037,0.5643223806617685,4.576747855668191,0.566806105010466,0.25349375325719037,0.9405373011029476,0.9059439679262646,0.566806105010466
Middle_6-0,..\data\processed\wet\Middle_6-0_v0.wav,0.35442399198738617,0.22868812922084134,2.3533352741502362,0.727579322134944,0.35442399198738617,0.38114688203473557,0.41185228314449696,0.727579322134944
Middle_6-0,..\data\processed\wet\Middle_6-0_v1.wav,0.4516389955188379,0.5140379679035384,4.74842653668664,0.33594615337893385,0.4516389955188379,0.8567299465058974,0.9440947859303646,0.33594615337893385
Middle_6-0,..\data\processed\wet\Middle_6-0_v2.wav,0.5606944813756801,0.057033922099538656,1.4021107149486154,0.4134657667101601,0.5606944813756801,0.09505653683256443,0.200469047766359,0.4134657667101601
Middle_6-0,..\data\processed\wet\Middle_6-0_v3.wav,0.20620271590177885,0.5259362944732305,1.2122881522659412,0.45566082155309195,0.20620271590177885,0.8765604907887176,0.15828625605909805,0.45566082155309195
Middle_6-0,..\data\processed\wet\Middle_6-0_v4.wav,0.6056992404598757,0.4151183448965066,2.2238121637692805,0.8690990687247285,0.6056992404598757,0.6918639081608444,0.3830693697265068,0.8690990687247285
Middle_6-1,..\data\processed\wet\Middle_6-1_v0.wav,0.5683191510779255,0.26370466826853106,0.8025828532341648,0.464689468445165,0.5683191510779255,0.4395077804475518,0.06724063405203662,0.464689468445165
Middle_6-1,..\data\processed\wet\Middle_6-1_v1.wav,0.8207358408157303,0.36872461093278924,4.244731041781033,0.4940116705993056,0.8207358408157303,0.6145410182213155,0.8321624537291183,0.4940116705993056
Middle_6-1,..\data\processed\wet\Middle_6-1_v2.wav,0.11846170509448184,0.008183907501528642,1.8644879602336604,0.6979904714977925,0.11846170509448184,0.01363984583588107,0.3032195467185912,0.6979904714977925
Middle_6-1,..\data\processed\wet\Middle_6-1_v3.wav,0.7902599039416938,0.17745170077219766,2.730442643974612,0.4211189044340816,0.7902599039416938,0.2957528346203294,0.4956539208832471,0.4211189044340816
Middle_6-1,..\data\processed\wet\Middle_6-1_v4.wav,0.41052278435142786,0.1388092279200903,1.1136699726325627,0.19668855823121312,0.41052278435142786,0.2313487132001505,0.13637110502945837,0.19668855823121312
Middle_6-10,..\data\processed\wet\Middle_6-10_v0.wav,0.0553323871633461,0.11887844509414622,0.5414040393142076,0.6272584006359783,0.0553323871633461,0.19813074182357704,0.009200897625379456,0.6272584006359783
Middle_6-10,..\data\processed\wet\Middle_6-10_v1.wav,0.3163754073876829,0.5838868268561451,1.3717267284933403,0.3458285703095939,0.3163754073876829,0.9731447114269086,0.19371705077629786,0.3458285703095939
Middle_6-10,..\data\processed\wet\Middle_6-10_v2.wav,0.3578411586415332,0.005070897637476324,4.276435788677565,0.03199446014432472,0.3578411586415332,0.00845149606246054,0.8392079530394589,0.03199446014432472
Middle_6-10,..\data\processed\wet\Middle_6-10_v3.wav,0.9401798347292414,0.5352446106561723,2.909848622386836,0.5435955749112921,0.9401798347292414,0.8920743510936207,0.5355219160859636,0.5435955749112921
Middle_6-10,..\data\processed\wet\Middle_6-10_v4.wav,0.6537779229561563,0.23223000716093217,3.4125002752903497,0.04476838868848687,0.6537779229561563,0.387050011934887,0.6472222833978555,0.04476838868848687
Middle_6-11,..\data\processed\wet\Middle_6-11_v0.wav,0.05404762734972657,0.2743382517717266,2.973300354977157,0.887817640335819,0.05404762734972657,0.45723041961954436,0.5496223011060349,0.887817640335819
Middle_6-11,..\data\processed\wet\Middle_6-11_v1.wav,0.10466063390789626,0.4935887563163336,1.4452130178143132,0.39408364851003186,0.10466063390789626,0.8226479271938894,0.2100473372920696,0.39408364851003186
Middle_6-11,..\data\processed\wet\Middle_6-11_v2.wav,0.3166024348274129,0.2400931637192394,1.177229741326635,0.503570074403555,0.3166024348274129,0.400155272865399,0.15049549807258555,0.503570074403555
Middle_6-11,..\data\processed\wet\Middle_6-11_v3.wav,0.8016425898313673,0.26492040622733815,2.707761091541896,0.8487675852813142,0.8016425898313673,0.44153401037889695,0.4906135758981991,0.8487675852813142
Middle_6-11,..\data\processed\wet\Middle_6-11_v4.wav,0.7060581146380308,0.29427264511187085,1.6596304168513085,0.8849267468449666,0.7060581146380308,0.4904544085197848,0.25769564818917967,0.8849267468449666
Middle_6-12,..\data\processed\wet\Middle_6-12_v0.wav,0.5770204016905583,0.13268856606641602,1.7110388868710467,0.8031330889362459,0.5770204016905583,0.22114761011069337,0.26911975263801036,0.8031330889362459
Middle_6-12,..\data\processed\wet\Middle_6-12_v1.wav,0.04414556208745546,0.595255312217292,1.086582558716563,0.7960685253969374,0.04414556208745546,0.9920921870288201,0.13035167971479178,0.7960685253969374
Middle_6-12,..\data\processed\wet\Middle_6-12_v2.wav,0.39477531677168287,0.2953297099724801,4.4629275985906,0.41291118958921325,0.39477531677168287,0.49221618328746686,0.8806505774645778,0.41291118958921325
Middle_6-12,..\data\processed\wet\Middle_6-12_v3.wav,0.5374937536732345,0.029579797445501963,0.5105636324035392,0.2447998730017259,0.5374937536732345,0.04929966240916994,0.0023474738674531537,0.2447998730017259
Middle_6-12,..\data\processed\wet\Middle_6-12_v4.wav,0.6805830929187673,0.07275893601548201,1.0119288146204723,0.4109606080359033,0.6805830929187673,0.12126489335913669,0.11376195880454941,0.4109606080359033
Middle_6-13,..\data\processed\wet\Middle_6-13_v0.wav,0.6478370386082265,0.42724319534875826,1.3030280334426865,0.07958814737204245,0.6478370386082265,0.7120719922479305,0.17845067409837478,0.07958814737204245
Middle_6-13,..\data\processed\wet\Middle_6-13_v1.wav,0.9403970339455442,0.15639982953726103,4.340059239239258,0.8634914504628183,0.9403970339455442,0.26066638256210173,0.8533464976087239,0.8634914504628183
Middle_6-13,..\data\processed\wet\Middle_6-13_v2.wav,0.7725225917625445,0.10130016399154204,4.198106566643902,0.7692505592415867,0.7725225917625445,0.16883360665257008,0.8218014592542003,0.7692505592415867
Middle_6-13,..\data\processed\wet\Middle_6-13_v3.wav,0.5967229901062171,0.20232122110137166,1.6812887191994483,0.12188921208035897,0.5967229901062171,0.33720203516895275,0.2625086042665441,0.12188921208035897
Middle_6-13,..\data\processed\wet\Middle_6-13_v4.wav,0.5097570669008714,0.3511565253059079,2.1170254573210423,0.47535906768086855,0.5097570669008714,0.5852608755098465,0.35933899051578716,0.47535906768086855
Middle_6-14,..\data\processed\wet\Middle_6-14_v0.wav,0.3635144573692667,0.38460363439242073,4.555666435084535,0.16392026204694488,0.3635144573692667,0.6410060573207013,0.9012592077965633,0.16392026204694488
Middle_6-14,..\data\processed\wet\Middle_6-14_v1.wav,0.3814088099031234,0.08452116237051678,3.312246966835244,0.7288705094885958,0.3814088099031234,0.14086860395086132,0.624943770407832,0.7288705094885958
Middle_6-14,..\data\processed\wet\Middle_6-14_v2.wav,0.9319127325974559,0.16732315575657894,4.775950426394436,0.0632626718206748,0.9319127325974559,0.2788719262609649,0.9502112058654303,0.0632626718206748
Middle_6-14,..\data\processed\wet\Middle_6-14_v3.wav,0.6030138633645882,0.034279631605997986,4.5219838449287515,0.5298090570700541,0.6030138633645882,0.05713271934332998,0.8937741877619447,0.5298090570700541
Middle_6-14,..\data\processed\wet\Middle_6-14_v4.wav,0.6693483507627961,0.4989443555462715,1.1763978011778593,0.038591561938133845,0.6693483507627961,0.8315739259104525,0.15031062248396873,0.038591561938133845
Middle_6-15,..\data\processed\wet\Middle_6-15_v0.wav,0.8788811459128522,0.1889599364753595,1.0804050856722438,0.46846123708708653,0.8788811459128522,0.3149332274589325,0.1289789079271653,0.46846123708708653
Middle_6-15,..\data\processed\wet\Middle_6-15_v1.wav,0.5983060756960188,0.018582362053506073,1.7370304621568948,0.03279987427689601,0.5983060756960188,0.030970603422510123,0.2748956582570877,0.03279987427689601
Middle_6-15,..\data\processed\wet\Middle_6-15_v2.wav,0.42033538919549895,0.5370600174397465,4.921935851721061,0.6370475535036275,0.42033538919549895,0.8951000290662442,0.9826524114935692,0.6370475535036275
Middle_6-15,..\data\processed\wet\Middle_6-15_v3.wav,0.1616376937845918,0.5435096339995834,2.8231152044002723,0.1537493121029181,0.1616376937845918,0.9058493899993058,0.5162478232000605,0.1537493121029181
Middle_6-15,..\data\processed\wet\Middle_6-15_v4.wav,0.9217266694516614,0.4544814304338618,3.792673727254182,0.7091807037944047,0.9217266694516614,0.757469050723103,0.7317052727231516,0.7091807037944047
Middle_6-16,..\data\processed\wet\Middle_6-16_v0.wav,0.20033982109644233,0.12660401502451563,3.5973184929226476,0.21972275011039688,0.20033982109644233,0.21100669170752606,0.688292998427255,0.21972275011039688
Middle_6-16,..\data\processed\wet\Middle_6-16_v1.wav,0.43867169680304885,0.4692010953563648,4.027786331440284,0.45326177252585964,0.43867169680304885,0.7820018255939414,0.7839525180978408,0.45326177252585964
Middle_6-16,..\data\processed\wet\Middle_6-16_v2.wav,0.7921899382752451,0.503173077718834,3.446490880779171,0.22842585230842016,0.7921899382752451,0.8386217961980568,0.6547757512842602,0.22842585230842016
Middle_6-16,..\data\processed\wet\Middle_6-16_v3.wav,0.2740117803855475,0.1889046932452412,1.025618484802784,0.2731596203699451,0.2740117803855475,0.31484115540873536,0.11680410773395201,0.2731596203699451
Middle_6-16,..\data\processed\wet\Middle_6-16_v4.wav,0.20951922431253212,0.2731972498851613,4.587968965425192,0.10448031675395808,0.20951922431253212,0.4553287498086022,0.9084375478722649,0.10448031675395808
Middle_6-17,..\data\processed\wet\Middle_6-17_v0.wav,0.7202679239473956,0.41236980264787665,0.9308938939851095,0.9225724049058001,0.7202679239473956,0.6872830044131277,0.09575419866335766,0.9225724049058001
Middle_6-17,..\data\processed\wet\Middle_6-17_v1.wav,0.5684722021568196,0.21823531268141053,3.90442362572888,0.25736545840163405,0.5684722021568196,0.36372552113568424,0.7565385834953067,0.25736545840163405
Middle_6-17,..\data\processed\wet\Middle_6-17_v2.wav,0.6935098370463204,0.023826724543348332,4.277336169241724,0.4481708470213185,0.6935098370463204,0.03971120757224722,0.839408037609272,0.4481708470213185
Middle_6-17,..\data\processed\wet\Middle_6-17_v3.wav,0.6366929143579417,0.1327426918840102,3.5468317069630158,0.7722402758932766,0.6366929143579417,0.22123781980668367,0.677073712658448,0.7722402758932766
Middle_6-17,..\data\processed\wet\Middle_6-17_v4.wav,0.47321318688439873,0.3706361544370766,2.5534666572007936,0.8940913692578455,0.47321318688439873,0.6177269240617943,0.45632592382239856,0.8940913692578455
Middle_6-18,..\data\processed\wet\Middle_6-18_v0.wav,0.49786918051431917,0.5050852254172913,4.106084262216118,0.41050482134835653,0.49786918051431917,0.8418087090288189,0.8013520582702485,0.41050482134835653
Middle_6-18,..\data\processed\wet\Middle_6-18_v1.wav,0.23008449185747504,0.24364927953586257,4.217978190988491,0.22763253581939236,0.23008449185747504,0.406082132559771,0.8262173757752203,0.22763253581939236
Middle_6-18,..\data\processed\wet\Middle_6-18_v2.wav,0.5244363458577493,0.48365804877644847,2.0906486380777043,0.6422096370026974,0.5244363458577493,0.8060967479607475,0.35347747512837874,0.6422096370026974
Middle_6-18,..\data\processed\wet\Middle_6-18_v3.wav,0.24563157404881453,0.06556766722089595,4.074729012917853,0.09896862340870682,0.24563157404881453,0.10927944536815992,0.7943842250928562,0.09896862340870682
Middle_6-18,..\data\processed\wet\Middle_6-18_v4.wav,0.2713813950795846,0.5130656531984641,2.0591117918540025,0.9730453495141611,0.2713813950795846,0.8551094219974402,0.3464692870786672,0.9730453495141611
Middle_6-19,..\data\processed\wet\Middle_6-19_v0.wav,0.9797343347738597,0.16096561227213402,0.684402000124507,0.7050632842053791,0.9797343347738597,0.2682760204535567,0.04097822224989045,0.7050632842053791
Middle_6-19,..\data\processed\wet\Middle_6-19_v1.wav,0.4509865026483437,0.06045170637574577,3.6838526854011926,0.031174909111921223,0.4509865026483437,0.10075284395957629,0.7075228189780428,0.031174909111921223
Middle_6-19,..\data\processed\wet\Middle_6-19_v2.wav,0.8701966904922421,0.08319151746798223,1.0729034543602625,0.17567229796858452,0.8701966904922421,0.13865252911330372,0.127311878746725,0.17567229796858452
Middle_6-19,..\data\processed\wet\Middle_6-19_v3.wav,0.9602663584920665,0.4159016161523076,4.106171909586365,0.397634985732753,0.9602663584920665,0.693169360253846,0.8013715354636367,0.397634985732753
Middle_6-19,..\data\processed\wet\Middle_6-19_v4.wav,0.33631272750495556,0.14069040406990196,2.66291612740584,0.5518287335341685,0.33631272750495556,0.23448400678316994,0.48064802831240894,0.5518287335341685
Middle_6-2,..\data\processed\wet\Middle_6-2_v0.wav,0.6317748436527554,0.1542711023992167,4.768943364063458,0.16975849820713584,0.6317748436527554,0.2571185039986945,0.9486540809029906,0.16975849820713584
Middle_6-2,..\data\processed\wet\Middle_6-2_v1.wav,0.9656531747664123,0.008913673504502272,2.6650656131758055,0.3333678381165628,0.9656531747664123,0.014856122507503787,0.48112569181684567,0.3333678381165628
Middle_6-2,..\data\processed\wet\Middle_6-2_v2.wav,0.4491234139302508,0.3423987473884734,2.4601512110571906,0.41484685030159496,0.4491234139302508,0.570664578980789,0.43558915801270903,0.41484685030159496
Middle_6-2,..\data\processed\wet\Middle_6-2_v3.wav,0.7327234154133065,0.41152576505187877,4.249720769161316,0.24995898123949556,0.7327234154133065,0.6858762750864646,0.833271282035848,0.24995898123949556
Middle_6-2,..\data\processed\wet\Middle_6-2_v4.wav,0.6095285097540636,0.3511168712357123,2.1638201489270994,0.4860575419026809,0.6095285097540636,0.5851947853928539,0.36973781087268875,0.4860575419026809
Middle_6-20,..\data\processed\wet\Middle_6-20_v0.wav,0.31378214330572873,0.08510663857019111,1.4621054479822977,0.10551364640120109,0.31378214330572873,0.1418443976169852,0.21380121066273283,0.10551364640120109
Middle_6-20,..\data\processed\wet\Middle_6-20_v1.wav,0.6830695751901241,0.3964364358654909,4.777728672109427,0.7296784136472413,0.6830695751901241,0.6607273931091515,0.9506063715798727,0.7296784136472413
Middle_6-20,..\data\processed\wet\Middle_6-20_v2.wav,0.052045838756131446,0.5305471043573725,4.382038233255766,0.4433203207726987,0.052045838756131446,0.8842451739289542,0.8626751629457259,0.4433203207726987
Middle_6-20,..\data\processed\wet\Middle_6-20_v3.wav,0.5858630505279215,0.5856469994835113,2.8953696373167483,0.9053218283760898,0.5858630505279215,0.9760783324725189,0.5323043638481663,0.9053218283760898
Middle_6-20,..\data\processed\wet\Middle_6-20_v4.wav,0.08303875781018644,0.1146311212252097,2.4833972454859303,0.5847568083373047,0.08303875781018644,0.19105186870868285,0.4407549434413178,0.5847568083373047
Middle_6-21,..\data\processed\wet\Middle_6-21_v0.wav,0.8162278518628002,0.5929572690859121,2.249831734133524,0.04741563614008493,0.8162278518628002,0.9882621151431868,0.3888514964741165,0.04741563614008493
Middle_6-21,..\data\processed\wet\Middle_6-21_v1.wav,0.8011715032953248,0.3626284314496849,1.3934428649069075,0.49482845662142017,0.8011715032953248,0.6043807190828081,0.19854285886820167,0.49482845662142017
Middle_6-21,..\data\processed\wet\Middle_6-21_v2.wav,0.7423102455337244,0.4622470722411862,2.748282853994429,0.30521453012885913,0.7423102455337244,0.7704117870686438,0.499618411998762,0.30521453012885913
Middle_6-21,..\data\processed\wet\Middle_6-21_v3.wav,0.9737425820384935,0.3980175665738957,2.337068837058344,0.2804632242046524,0.9737425820384935,0.6633626109564928,0.40823751934629865,0.2804632242046524
Middle_6-21,..\data\processed\wet\Middle_6-21_v4.wav,0.7311029830035621,0.14531006735626062,1.2726949503815967,0.5298338889620703,0.7311029830035621,0.2421834455937677,0.17170998897368817,0.5298338889620703
Middle_6-22,..\data\processed\wet\Middle_6-22_v0.wav,0.28998739264414186,0.377343086954169,1.0307240369340507,0.6549411045673216,0.28998739264414186,0.628905144923615,0.11793867487423348,0.6549411045673216
Middle_6-22,..\data\processed\wet\Middle_6-22_v1.wav,0.2832965279977022,0.00014576066070763892,1.0712122595337936,0.9336153778350941,0.2832965279977022,0.00024293443451273156,0.12693605767417637,0.9336153778350941
Middle_6-22,..\data\processed\wet\Middle_6-22_v2.wav,0.8673546391153578,0.1401654192217421,4.002673570454711,0.6085715931739742,0.8673546391153578,0.23360903203623687,0.7783719045454913,0.6085715931739742
Middle_6-22,..\data\processed\wet\Middle_6-22_v3.wav,0.9709047114498695,0.22416339572043545,3.566572756327271,0.06353572242391858,0.9709047114498695,0.3736056595340591,0.6814606125171713,0.06353572242391858
Middle_6-22,..\data\processed\wet\Middle_6-22_v4.wav,0.39624734681640594,0.5782905967129083,2.9254139350255426,0.2878795033348446,0.39624734681640594,0.9638176611881805,0.5389808744501206,0.2878795033348446
Middle_6-3,..\data\processed\wet\Middle_6-3_v0.wav,0.12027096312860686,0.4221170041089182,3.4018521954337704,0.3739387136037746,0.12027096312860686,0.7035283401815304,0.6448560434297268,0.3739387136037746
Middle_6-3,..\data\processed\wet\Middle_6-3_v1.wav,0.9509413518658343,0.01332168779271019,1.866757332343216,0.9210694862995814,0.9509413518658343,0.022202812987850318,0.3037238516318258,0.9210694862995814
Middle_6-3,..\data\processed\wet\Middle_6-3_v2.wav,0.3209354383194404,0.15135170031310222,2.903991844690613,0.8238017499205379,0.3209354383194404,0.2522528338551704,0.5342204099312473,0.8238017499205379
Middle_6-3,..\data\processed\wet\Middle_6-3_v3.wav,0.10314676087836105,0.5658124257874416,4.0778279653152385,0.18125025555155194,0.10314676087836105,0.943020709645736,0.7950728811811641,0.18125025555155194
Middle_6-3,..\data\processed\wet\Middle_6-3_v4.wav,0.7120079611981627,0.23097523358253427,2.3103260513434343,0.7832900924388664,0.7120079611981627,0.38495872263755715,0.40229467807631875,0.7832900924388664
Middle_6-4,..\data\processed\wet\Middle_6-4_v0.wav,0.9627848079807322,0.07599352370831636,2.392836065954687,0.48094160808430353,0.9627848079807322,0.12665587284719393,0.42063023687881934,0.48094160808430353
Middle_6-4,..\data\processed\wet\Middle_6-4_v1.wav,0.3763118169549976,0.217913474229735,0.7352090040271844,0.6855386205626233,0.3763118169549976,0.363189123716225,0.052268667561596524,0.6855386205626233
Middle_6-4,..\data\processed\wet\Middle_6-4_v2.wav,0.4362144171200454,0.11687628158635605,4.172150760359308,0.8025607481516279,0.4362144171200454,0.19479380264392676,0.8160335023020685,0.8025607481516279
Middle_6-4,..\data\processed\wet\Middle_6-4_v3.wav,0.4863916280888938,0.17907039668865632,3.371417266084036,0.28815213577740306,0.4863916280888938,0.29845066114776053,0.6380927257964524,0.28815213577740306
Middle_6-4,..\data\processed\wet\Middle_6-4_v4.wav,0.23600793032371203,0.43830879241579596,0.6814635787442782,0.09476847103459396,0.23600793032371203,0.7305146540263266,0.040325239720950715,0.09476847103459396
Middle_6-5,..\data\processed\wet\Middle_6-5_v0.wav,0.006788174023589777,0.0917659118852557,0.8104550391970675,0.9958023677799186,0.006788174023589777,0.15294318647542615,0.06899000871045945,0.9958023677799186
Middle_6-5,..\data\processed\wet\Middle_6-5_v1.wav,0.2888099699540896,0.08956080760154836,1.5844831609816308,0.9361255715401346,0.2888099699540896,0.14926801266924727,0.24099625799591795,0.9361255715401346
Middle_6-5,..\data\processed\wet\Middle_6-5_v2.wav,0.5201602230243957,0.21889085778471412,4.430261560591488,0.39499027054903246,0.5201602230243957,0.3648180963078569,0.8733914579092195,0.39499027054903246
Middle_6-5,..\data\processed\wet\Middle_6-5_v3.wav,0.3350085699576958,0.12436951352984132,2.2000857075923514,0.316684356016926,0.3350085699576958,0.20728252254973556,0.37779682390941144,0.316684356016926
Middle_6-5,..\data\processed\wet\Middle_6-5_v4.wav,0.677303959298141,0.17374962280243625,3.0973988589015264,0.0658921650319727,0.677303959298141,0.2895827046707271,0.5771997464225614,0.0658921650319727
Middle_6-6,..\data\processed\wet\Middle_6-6_v0.wav,0.19128915669651436,0.24444316296680924,4.716271642589129,0.3772519857156954,0.19128915669651436,0.40740527161134876,0.9369492539086954,0.3772519857156954
Middle_6-6,..\data\processed\wet\Middle_6-6_v1.wav,0.6640741211998341,0.1530523334528389,1.0716510918795428,0.05853660008005013,0.6640741211998341,0.25508722242139814,0.12703357597323173,0.05853660008005013
Middle_6-6,..\data\processed\wet\Middle_6-6_v2.wav,0.30541349854275135,0.09459661607814478,1.2830470160725589,0.76075930838695,0.30541349854275135,0.15766102679690797,0.1740104480161242,0.76075930838695
Middle_6-6,..\data\processed\wet\Middle_6-6_v3.wav,0.015838070944874216,0.33468607544126067,2.207576212670592,0.5065499999085472,0.015838070944874216,0.5578101257354344,0.37946138059346485,0.5065499999085472
Middle_6-6,..\data\processed\wet\Middle_6-6_v4.wav,0.5628302372146029,0.1880206166743669,1.8279898708292839,0.7334018493349057,0.5628302372146029,0.3133676944572782,0.2951088601842853,0.7334018493349057
Middle_6-7,..\data\processed\wet\Middle_6-7_v0.wav,0.8712769881211572,0.11554897947511672,0.9392844224081702,0.8977958063920259,0.8712769881211572,0.19258163245852788,0.09761876053514894,0.8977958063920259
Middle_6-7,..\data\processed\wet\Middle_6-7_v1.wav,0.34989546364739865,0.33079043439768846,2.1179441503400156,0.1258023363460513,0.34989546364739865,0.5513173906628142,0.35954314452000347,0.1258023363460513
Middle_6-7,..\data\processed\wet\Middle_6-7_v2.wav,0.589331644947728,0.31508451106177776,1.4134710163603874,0.45186904465227784,0.589331644947728,0.5251408517696297,0.20299355919119721,0.45186904465227784
Middle_6-7,..\data\processed\wet\Middle_6-7_v3.wav,0.7969475040156458,0.3542556618647348,0.9361279718014768,0.5480214972291351,0.7969475040156458,0.5904261031078913,0.09691732706699484,0.5480214972291351
Middle_6-7,..\data\processed\wet\Middle_6-7_v4.wav,0.7027382992895869,0.47562204346845083,3.3310291038542004,0.15265816454078374,0.7027382992895869,0.7927034057807514,0.6291175786342668,0.15265816454078374
Middle_6-8,..\data\processed\wet\Middle_6-8_v0.wav,0.7101732665901607,0.4064051076489098,0.6099209732328494,0.41174766759024317,0.7101732665901607,0.6773418460815164,0.024426882940633207,0.41174766759024317
Middle_6-8,..\data\processed\wet\Middle_6-8_v1.wav,0.3329502469623733,0.40164723855218604,1.4726111553991432,0.5908719229742585,0.3329502469623733,0.6694120642536434,0.21613581231092072,0.5908719229742585
Middle_6-8,..\data\processed\wet\Middle_6-8_v2.wav,0.9132059618141724,0.4786814233251646,4.646559812974386,0.97850596693269,0.9132059618141724,0.7978023722086077,0.9214577362165303,0.97850596693269
Middle_6-8,..\data\processed\wet\Middle_6-8_v3.wav,0.010670127006162766,0.37364476582648654,2.357777289915079,0.8598544903351217,0.010670127006162766,0.6227412763774776,0.41283939775890643,0.8598544903351217
Middle_6-8,..\data\processed\wet\Middle_6-8_v4.wav,0.2518147020091317,0.5886176934690457,3.261685862946863,0.793537402228831,0.2518147020091317,0.9810294891150761,0.6137079695437473,0.793537402228831
Middle_6-9,..\data\processed\wet\Middle_6-9_v0.wav,0.08559955282276832,0.11007473085531902,3.9128165286539143,0.02198652203932361,0.08559955282276832,0.18345788475886504,0.7584036730342032,0.02198652203932361
Middle_6-9,..\data\processed\wet\Middle_6-9_v1.wav,0.8168779858937828,0.008369411215146871,3.45703477577573,0.36509392023180587,0.8168779858937828,0.013949018691911452,0.6571188390612733,0.36509392023180587
Middle_6-9,..\data\processed\wet\Middle_6-9_v2.wav,0.6114948527191991,0.41761884419346823,2.041138486338369,0.10796244811083555,0.6114948527191991,0.6960314069891137,0.3424752191863042,0.10796244811083555
Middle_6-9,..\data\processed\wet\Middle_6-9_v3.wav,0.06964586774826564,0.3533616135375287,2.842949091803502,0.7422010091211325,0.06964586774826564,0.5889360225625478,0.5206553537341115,0.7422010091211325
Middle_6-9,..\data\processed\wet\Middle_6-9_v4.wav,0.5097355100039371,0.2534674740185275,2.2913923020630387,0.026446902597667465,0.5097355100039371,0.4224457900308792,0.3980871782362308,0.026446902597667465
Middle-Neck_1-0,..\data\processed\wet\Middle-Neck_1-0_v0.wav,0.33555720169665715,0.5856120945146965,4.4310000930219,0.3293780670342177,0.33555720169665715,0.9760201575244942,0.8735555762270888,0.3293780670342177
Middle-Neck_1-0,..\data\processed\wet\Middle-Neck_1-0_v1.wav,0.5877954050663722,0.5083780473212963,2.485734515375309,0.01795786375015096,0.5877954050663722,0.847296745535494,0.44127433675006866,0.01795786375015096
Middle-Neck_1-0,..\data\processed\wet\Middle-Neck_1-0_v2.wav,0.07451046181864007,0.30623563280922395,4.862477190541453,0.6932095422188678,0.07451046181864007,0.5103927213487066,0.9694393756758785,0.6932095422188678
Middle-Neck_1-0,..\data\processed\wet\Middle-Neck_1-0_v3.wav,0.07091619143856953,0.11361652547511766,3.970954144475825,0.8414397599562448,0.07091619143856953,0.18936087579186278,0.77132314321685,0.8414397599562448
Middle-Neck_1-0,..\data\processed\wet\Middle-Neck_1-0_v4.wav,0.6176945861885909,0.38665390177788994,0.6275185267252309,0.8285302595815085,0.6176945861885909,0.6444231696298166,0.028337450383384644,0.8285302595815085
Middle-Neck_1-1,..\data\processed\wet\Middle-Neck_1-1_v0.wav,0.7882752081708296,0.15542108646200828,3.6890452398447815,0.2148546064249981,0.7882752081708296,0.25903514410334716,0.708676719965507,0.2148546064249981
Middle-Neck_1-1,..\data\processed\wet\Middle-Neck_1-1_v1.wav,0.04033016105151299,0.12068192555422635,1.3038299453943478,0.33774799673484723,0.04033016105151299,0.20113654259037728,0.1786288767542995,0.33774799673484723
Middle-Neck_1-1,..\data\processed\wet\Middle-Neck_1-1_v2.wav,0.4184494971754581,0.30512333489862475,2.645392439787477,0.27067460596528936,0.4184494971754581,0.5085388914977079,0.4767538755083282,0.27067460596528936
Middle-Neck_1-1,..\data\processed\wet\Middle-Neck_1-1_v3.wav,0.029170668574074465,0.3630609733422904,2.280851734313095,0.2986721573875497,0.029170668574074465,0.6051016222371507,0.39574482984735443,0.2986721573875497
Middle-Neck_1-1,..\data\processed\wet\Middle-Neck_1-1_v4.wav,0.8669410428305123,0.44804598467889584,4.35994496767599,0.494982794712461,0.8669410428305123,0.7467433077981598,0.8577655483724421,0.494982794712461
Middle-Neck_1-10,..\data\processed\wet\Middle-Neck_1-10_v0.wav,0.13093125212677748,0.4177328616727634,1.4273320097172886,0.4412296690917168,0.13093125212677748,0.6962214361212724,0.20607377993717524,0.4412296690917168
Middle-Neck_1-10,..\data\processed\wet\Middle-Neck_1-10_v1.wav,0.0650007889488885,0.49518504145378944,1.0667328847137525,0.9030975070493097,0.0650007889488885,0.8253084024229824,0.12594064104750055,0.9030975070493097
Middle-Neck_1-10,..\data\processed\wet\Middle-Neck_1-10_v2.wav,0.8642306022615571,0.2787496586635476,3.8496569193679577,0.6194450738181533,0.8642306022615571,0.46458276443924607,0.7443682043039906,0.6194450738181533
Middle-Neck_1-10,..\data\processed\wet\Middle-Neck_1-10_v3.wav,0.8030756423377449,0.2590830604715472,4.036138179099575,0.46245681706514796,0.8030756423377449,0.43180510078591205,0.7858084842443501,0.46245681706514796
Middle-Neck_1-10,..\data\processed\wet\Middle-Neck_1-10_v4.wav,0.9409657878427938,0.29182326049508855,2.581786723701783,0.7850718615635127,0.9409657878427938,0.4863721008251476,0.4626192719337296,0.7850718615635127
Middle-Neck_1-11,..\data\processed\wet\Middle-Neck_1-11_v0.wav,0.821577691760838,0.33269346859270243,1.3090901607278393,0.4677582309575795,0.821577691760838,0.5544891143211708,0.1797978134950754,0.4677582309575795
Middle-Neck_1-11,..\data\processed\wet\Middle-Neck_1-11_v1.wav,0.9680725029096784,0.4517917158235111,4.150231717456094,0.03282549881924013,0.9680725029096784,0.7529861930391851,0.8111626038791321,0.03282549881924013
Middle-Neck_1-11,..\data\processed\wet\Middle-Neck_1-11_v2.wav,0.4678594626341599,0.3879726801945332,4.235147076326336,0.04927365358277147,0.4678594626341599,0.6466211336575554,0.8300326836280747,0.04927365358277147
Middle-Neck_1-11,..\data\processed\wet\Middle-Neck_1-11_v3.wav,0.8524388856418731,0.32904056204514703,1.3879128675922696,0.3172552164497,0.8524388856418731,0.5484009367419117,0.19731397057605993,0.3172552164497
Middle-Neck_1-11,..\data\processed\wet\Middle-Neck_1-11_v4.wav,0.28192955175156076,0.31851542057308546,0.7325855596000932,0.15853615849992353,0.28192955175156076,0.5308590342884758,0.05168567991113182,0.15853615849992353
Middle-Neck_1-12,..\data\processed\wet\Middle-Neck_1-12_v0.wav,0.8126930433757824,0.07956239444808663,1.5502832125615713,0.4533706056041573,0.8126930433757824,0.13260399074681106,0.23339626945812697,0.4533706056041573
Middle-Neck_1-12,..\data\processed\wet\Middle-Neck_1-12_v1.wav,0.5171208881133305,0.45816628776849516,2.512995919997845,0.7898646210355388,0.5171208881133305,0.7636104796141586,0.4473324266661878,0.7898646210355388
Middle-Neck_1-12,..\data\processed\wet\Middle-Neck_1-12_v2.wav,0.6183463070454575,0.06785984365429347,1.2034914727677737,0.4370337254497708,0.6183463070454575,0.11309973942382245,0.15633143839283858,0.4370337254497708
Middle-Neck_1-12,..\data\processed\wet\Middle-Neck_1-12_v3.wav,0.3968893930890396,0.44612656178237675,3.1133171290880832,0.3881330810022493,0.3968893930890396,0.7435442696372946,0.5807371397973519,0.3881330810022493
Middle-Neck_1-12,..\data\processed\wet\Middle-Neck_1-12_v4.wav,0.17076028345038563,0.13610226139529708,3.0897545831107656,0.42343880489979246,0.17076028345038563,0.22683710232549514,0.575501018469059,0.42343880489979246
Middle-Neck_1-13,..\data\processed\wet\Middle-Neck_1-13_v0.wav,0.5149275088606721,0.1024064611813402,3.4830781355505462,0.852538740855967,0.5149275088606721,0.17067743530223367,0.6629062523445658,0.852538740855967
Middle-Neck_1-13,..\data\processed\wet\Middle-Neck_1-13_v1.wav,0.2579395067869006,0.29490853549909596,4.889872980594058,0.33324174055072764,0.2579395067869006,0.49151422583182663,0.9755273290209018,0.33324174055072764
Middle-Neck_1-13,..\data\processed\wet\Middle-Neck_1-13_v2.wav,0.5950463449237612,0.05411742012014662,3.2270675111574945,0.08963177330461791,0.5950463449237612,0.09019570020024437,0.6060150024794432,0.08963177330461791
Middle-Neck_1-13,..\data\processed\wet\Middle-Neck_1-13_v3.wav,0.959235435323822,0.42939759124338683,4.046719046610679,0.7041043607716369,0.959235435323822,0.7156626520723114,0.7881597881357065,0.7041043607716369
Middle-Neck_1-13,..\data\processed\wet\Middle-Neck_1-13_v4.wav,0.5897290360764658,0.2699476686513032,4.362680208924781,0.956835667543063,0.5897290360764658,0.44991278108550536,0.8583733797610624,0.956835667543063
Middle-Neck_1-14,..\data\processed\wet\Middle-Neck_1-14_v0.wav,0.4990361729040813,0.5589210294931571,3.124998094948329,0.5383841868964332,0.4990361729040813,0.931535049155262,0.5833329099885175,0.5383841868964332
Middle-Neck_1-14,..\data\processed\wet\Middle-Neck_1-14_v1.wav,0.4544827329553567,0.1255726569180719,0.5167384736812664,0.24150622685606127,0.4544827329553567,0.20928776153011985,0.0037196608180591895,0.24150622685606127
Middle-Neck_1-14,..\data\processed\wet\Middle-Neck_1-14_v2.wav,0.5097231716035652,0.22797597135585151,2.518183526011852,0.9806482195640496,0.5097231716035652,0.37995995225975254,0.44848522800263374,0.9806482195640496
Middle-Neck_1-14,..\data\processed\wet\Middle-Neck_1-14_v3.wav,0.3502723706693276,0.27130976361606474,1.100819981087688,0.04795773243698764,0.3502723706693276,0.4521829393601079,0.13351555135281956,0.04795773243698764
Middle-Neck_1-14,..\data\processed\wet\Middle-Neck_1-14_v4.wav,0.7754095145924946,0.3424099050431872,3.9231716271975277,0.14986279888655163,0.7754095145924946,0.5706831750719786,0.760704806043895,0.14986279888655163
Middle-Neck_1-15,..\data\processed\wet\Middle-Neck_1-15_v0.wav,0.5718287711826909,0.1521854846048253,1.5262781760500896,0.011526014052985256,0.5718287711826909,0.25364247434137555,0.22806181690001992,0.011526014052985256
Middle-Neck_1-15,..\data\processed\wet\Middle-Neck_1-15_v1.wav,0.1303407235690719,0.1855608668998172,1.0259544226592257,0.9858584404109375,0.1303407235690719,0.30926811149969535,0.11687876059093903,0.9858584404109375
Middle-Neck_1-15,..\data\processed\wet\Middle-Neck_1-15_v2.wav,0.30863264852395067,0.0781943680213969,1.39587040772581,0.5877032283414765,0.30863264852395067,0.13032394670232816,0.19908231282795777,0.5877032283414765
Middle-Neck_1-15,..\data\processed\wet\Middle-Neck_1-15_v3.wav,0.06404352386478851,0.5174604780846941,4.826748556567162,0.24674742066738087,0.06404352386478851,0.8624341301411569,0.9614996792371472,0.24674742066738087
Middle-Neck_1-15,..\data\processed\wet\Middle-Neck_1-15_v4.wav,0.45009526859085935,0.013280670617698243,3.3831960112724966,0.41392605805258886,0.45009526859085935,0.02213445102949707,0.6407102247272215,0.41392605805258886
Middle-Neck_1-16,..\data\processed\wet\Middle-Neck_1-16_v0.wav,0.2700584661015557,0.12410226636996508,3.443103849464422,0.41621703103231444,0.2700584661015557,0.20683711061660848,0.6540230776587604,0.41621703103231444
Middle-Neck_1-16,..\data\processed\wet\Middle-Neck_1-16_v1.wav,0.17965928902991202,0.4134654488920944,3.0428252736651213,0.8586720549294962,0.17965928902991202,0.689109081486824,0.5650722830366937,0.8586720549294962
Middle-Neck_1-16,..\data\processed\wet\Middle-Neck_1-16_v2.wav,0.1174758988764929,0.47139996116667365,3.5308255406776654,0.11501093682809782,0.1174758988764929,0.7856666019444561,0.673516786817259,0.11501093682809782
Middle-Neck_1-16,..\data\processed\wet\Middle-Neck_1-16_v3.wav,0.6948207298717207,0.26492837332789826,4.752431535001294,0.1416113506178993,0.6948207298717207,0.44154728887983047,0.944984785555843,0.1416113506178993
Middle-Neck_1-16,..\data\processed\wet\Middle-Neck_1-16_v4.wav,0.642833390815738,0.22918802727776755,4.80566601765895,0.32997489529027646,0.642833390815738,0.38198004546294595,0.9568146705908779,0.32997489529027646
Middle-Neck_1-17,..\data\processed\wet\Middle-Neck_1-17_v0.wav,0.9621859094918002,0.5408915106604494,1.7167245588979534,0.8035417768264277,0.9621859094918002,0.901485851100749,0.27038323531065633,0.8035417768264277
Middle-Neck_1-17,..\data\processed\wet\Middle-Neck_1-17_v1.wav,0.995604201803506,0.1515978013027694,2.4654972619549387,0.5201807365667597,0.995604201803506,0.25266300217128235,0.4367771693233197,0.5201807365667597
Middle-Neck_1-17,..\data\processed\wet\Middle-Neck_1-17_v2.wav,0.2949311358038643,0.009158903787617856,1.49058159888887,0.28193688434175845,0.2949311358038643,0.01526483964602976,0.22012924419752666,0.28193688434175845
Middle-Neck_1-17,..\data\processed\wet\Middle-Neck_1-17_v3.wav,0.44359970131818716,0.10266148704804112,4.429644605112527,0.7049111327313361,0.44359970131818716,0.17110247841340187,0.8732543566916726,0.7049111327313361
Middle-Neck_1-17,..\data\processed\wet\Middle-Neck_1-17_v4.wav,0.08520047755966198,0.39005547068395885,3.441454143825292,0.9562211736436277,0.08520047755966198,0.6500924511399314,0.6536564764056204,0.9562211736436277
Middle-Neck_1-18,..\data\processed\wet\Middle-Neck_1-18_v0.wav,0.0030208713561612477,0.14875946988348432,4.67506165718892,0.932133915398283,0.0030208713561612477,0.2479324498058072,0.9277914793753155,0.932133915398283
Middle-Neck_1-18,..\data\processed\wet\Middle-Neck_1-18_v1.wav,0.7205864193706374,0.45945799262852394,0.9116733106834121,0.5138758347782336,0.7205864193706374,0.76576332104754,0.09148295792964713,0.5138758347782336
Middle-Neck_1-18,..\data\processed\wet\Middle-Neck_1-18_v2.wav,0.2315829912889994,0.10873082616817036,4.146364846054997,0.13503813668054743,0.2315829912889994,0.18121804361361726,0.8103032991233327,0.13503813668054743
Middle-Neck_1-18,..\data\processed\wet\Middle-Neck_1-18_v3.wav,0.46865163699638523,0.5631469437516198,1.3362442500440415,0.9779934237382346,0.46865163699638523,0.938578239586033,0.18583205556534255,0.9779934237382346
Middle-Neck_1-18,..\data\processed\wet\Middle-Neck_1-18_v4.wav,0.994287985761059,0.33337029280944175,1.2656423307972107,0.31610488794089564,0.994287985761059,0.5556171546824029,0.17014274017715791,0.31610488794089564
Middle-Neck_1-19,..\data\processed\wet\Middle-Neck_1-19_v0.wav,0.42449283267653515,0.18559453461493375,1.762860109444321,0.9722297092163575,0.42449283267653515,0.30932422435822293,0.2806355798765158,0.9722297092163575
Middle-Neck_1-19,..\data\processed\wet\Middle-Neck_1-19_v1.wav,0.15336482741574564,0.43999674523011734,0.5018463024762869,0.5961826694023769,0.15336482741574564,0.7333279087168623,0.00041028943917487126,0.5961826694023769
Middle-Neck_1-19,..\data\processed\wet\Middle-Neck_1-19_v2.wav,0.9159430039540524,0.1727604564559314,1.3348668886597364,0.651679794878427,0.9159430039540524,0.287934094093219,0.1855259752577192,0.651679794878427
Middle-Neck_1-19,..\data\processed\wet\Middle-Neck_1-19_v3.wav,0.7126014072983932,0.4128183113711888,1.9369259600961832,0.2522024021593309,0.7126014072983932,0.6880305189519813,0.31931688002137404,0.2522024021593309
Middle-Neck_1-19,..\data\processed\wet\Middle-Neck_1-19_v4.wav,0.9559187999620442,0.5539797049619577,2.5579247445176914,0.8461938661543734,0.9559187999620442,0.9232995082699296,0.4573166098928203,0.8461938661543734
Middle-Neck_1-2,..\data\processed\wet\Middle-Neck_1-2_v0.wav,0.45232347763429603,0.2546334108435062,1.205433264196826,0.42640605649197283,0.45232347763429603,0.4243890180725104,0.15676294759929466,0.42640605649197283
Middle-Neck_1-2,..\data\processed\wet\Middle-Neck_1-2_v1.wav,0.537416938599807,0.01350259645721188,2.498508523289329,0.7813562183952003,0.537416938599807,0.022504327428686466,0.4441130051754064,0.7813562183952003
Middle-Neck_1-2,..\data\processed\wet\Middle-Neck_1-2_v2.wav,0.6800460563742698,0.381094193318361,4.592999427967412,0.01803200982523001,0.6800460563742698,0.635156988863935,0.9095554284372026,0.01803200982523001
Middle-Neck_1-2,..\data\processed\wet\Middle-Neck_1-2_v3.wav,0.5570475861922342,0.47240930904582423,2.9360092221557026,0.32389555258037916,0.5570475861922342,0.7873488484097071,0.5413353827012672,0.32389555258037916
Middle-Neck_1-2,..\data\processed\wet\Middle-Neck_1-2_v4.wav,0.13625056509197786,0.5325378430897147,2.6184307657442134,0.8781151969857014,0.13625056509197786,0.8875630718161913,0.470762392387603,0.8781151969857014
Middle-Neck_1-20,..\data\processed\wet\Middle-Neck_1-20_v0.wav,0.5858521224331683,0.40451526996900045,4.1191751947030255,0.6591555446001344,0.5858521224331683,0.6741921166150008,0.8042611543784501,0.6591555446001344
Middle-Neck_1-20,..\data\processed\wet\Middle-Neck_1-20_v1.wav,0.3980548406789377,0.3081800303571906,4.113704861041459,0.3736502963729842,0.3980548406789377,0.513633383928651,0.8030455246758798,0.3736502963729842
Middle-Neck_1-20,..\data\processed\wet\Middle-Neck_1-20_v2.wav,0.3881214567684971,0.05741406963480069,4.615629958497864,0.09103631494544173,0.3881214567684971,0.09569011605800115,0.9145844352217476,0.09103631494544173
Middle-Neck_1-20,..\data\processed\wet\Middle-Neck_1-20_v3.wav,0.6482091774485559,0.2479166872816786,2.3252872561494904,0.6795518365726839,0.6482091774485559,0.4131944788027977,0.4056193902554423,0.6795518365726839
Middle-Neck_1-20,..\data\processed\wet\Middle-Neck_1-20_v4.wav,0.06709373262987872,0.3562234697708608,3.9741430368755966,0.8282127578865942,0.06709373262987872,0.5937057829514346,0.7720317859723548,0.8282127578865942
Middle-Neck_1-21,..\data\processed\wet\Middle-Neck_1-21_v0.wav,0.1705303893937753,0.5384514300469042,3.45265741331349,0.8818548008206828,0.1705303893937753,0.8974190500781737,0.6561460918474422,0.8818548008206828
Middle-Neck_1-21,..\data\processed\wet\Middle-Neck_1-21_v1.wav,0.48528071711019827,0.3252200070583212,4.63567224662902,0.8999095433546718,0.48528071711019827,0.542033345097202,0.9190382770286711,0.8999095433546718
Middle-Neck_1-21,..\data\processed\wet\Middle-Neck_1-21_v2.wav,0.448160873369002,0.16464757898140905,2.2692669555391887,0.38776432852974974,0.448160873369002,0.27441263163568175,0.39317043456426415,0.38776432852974974
Middle-Neck_1-21,..\data\processed\wet\Middle-Neck_1-21_v3.wav,0.28686687498279395,0.16114776259977995,4.374783214158738,0.06986192068466168,0.28686687498279395,0.26857960433296657,0.8610629364797195,0.06986192068466168
Middle-Neck_1-21,..\data\processed\wet\Middle-Neck_1-21_v4.wav,0.6776111820995941,0.10369203087387137,2.0502765202732847,0.06154303413483686,0.6776111820995941,0.1728200514564523,0.34450589339406323,0.06154303413483686
Middle-Neck_1-22,..\data\processed\wet\Middle-Neck_1-22_v0.wav,0.26997363685546205,0.46105264267034524,4.482568960462664,0.22152715190236705,0.26997363685546205,0.7684210711172421,0.8850153245472586,0.22152715190236705
Middle-Neck_1-22,..\data\processed\wet\Middle-Neck_1-22_v1.wav,0.46354783925892185,0.2821944287623238,4.431088875918804,0.7627990528758054,0.46354783925892185,0.4703240479372064,0.8735753057597342,0.7627990528758054
Middle-Neck_1-22,..\data\processed\wet\Middle-Neck_1-22_v2.wav,0.5130772183680499,0.40244832028306404,4.31309774259215,0.009538954025544943,0.5130772183680499,0.6707472004717734,0.8473550539093667,0.009538954025544943
Middle-Neck_1-22,..\data\processed\wet\Middle-Neck_1-22_v3.wav,0.4028900310500486,0.5443459003662472,3.8314086387977815,0.5428413743340746,0.4028900310500486,0.9072431672770787,0.7403130308439514,0.5428413743340746
Middle-Neck_1-22,..\data\processed\wet\Middle-Neck_1-22_v4.wav,0.5296445270351334,0.20866205856266265,2.8423424013868153,0.6553831994634532,0.5296445270351334,0.3477700976044378,0.5205205336415145,0.6553831994634532
Middle-Neck_1-3,..\data\processed\wet\Middle-Neck_1-3_v0.wav,0.4183630384287931,0.4284918878353044,4.375545022671736,0.15468484818486117,0.4183630384287931,0.714153146392174,0.8612322272603858,0.15468484818486117
Middle-Neck_1-3,..\data\processed\wet\Middle-Neck_1-3_v1.wav,0.4515470228174244,0.24481205477104864,3.5935916182237766,0.24986746525792936,0.4515470228174244,0.4080200912850811,0.6874648040497281,0.24986746525792936
Middle-Neck_1-3,..\data\processed\wet\Middle-Neck_1-3_v2.wav,0.6402509149522763,0.5264935450388928,2.381592199071302,0.91101569997922,0.6402509149522763,0.877489241731488,0.4181315997936227,0.91101569997922
Middle-Neck_1-3,..\data\processed\wet\Middle-Neck_1-3_v3.wav,0.9931637389334784,0.06365522996877124,1.548739345931864,0.9503797514820932,0.9931637389334784,0.10609204994795207,0.23305318798485863,0.9503797514820932
Middle-Neck_1-3,..\data\processed\wet\Middle-Neck_1-3_v4.wav,0.9583276864813868,0.058624365232055095,0.5674932516971151,0.16110002325642225,0.9583276864813868,0.0977072753867585,0.014998500377136681,0.16110002325642225
Middle-Neck_1-4,..\data\processed\wet\Middle-Neck_1-4_v0.wav,0.9960127833822483,0.10799976996641211,2.7614642302491044,0.848417726430511,0.9960127833822483,0.17999961661068686,0.5025476067220231,0.848417726430511
Middle-Neck_1-4,..\data\processed\wet\Middle-Neck_1-4_v1.wav,0.02040161068820634,0.36269338935507567,1.7466145199133094,0.8623349164397316,0.02040161068820634,0.6044889822584595,0.2770254488696243,0.8623349164397316
Middle-Neck_1-4,..\data\processed\wet\Middle-Neck_1-4_v2.wav,0.28346114926407917,0.4120534321691453,3.533988346013286,0.22149354885964,0.28346114926407917,0.6867557202819089,0.6742196324473969,0.22149354885964
Middle-Neck_1-4,..\data\processed\wet\Middle-Neck_1-4_v3.wav,0.03479919986835012,0.24554974427123835,1.8013691838464136,0.8089777496137086,0.03479919986835012,0.4092495737853973,0.2891931519658697,0.8089777496137086
Middle-Neck_1-4,..\data\processed\wet\Middle-Neck_1-4_v4.wav,0.8003641884553453,0.2742143713155753,3.229305013954485,0.6042595159869252,0.8003641884553453,0.45702395219262554,0.6065122253232189,0.6042595159869252
Middle-Neck_1-5,..\data\processed\wet\Middle-Neck_1-5_v0.wav,0.8271581484276234,0.2550014484739185,1.7395100590572907,0.26503491814054747,0.8271581484276234,0.4250024141231975,0.2754466797905091,0.26503491814054747
Middle-Neck_1-5,..\data\processed\wet\Middle-Neck_1-5_v1.wav,0.5361922792822041,0.2694889216393275,2.480543469432213,0.09113733908970723,0.5361922792822041,0.44914820273221256,0.44012077098493624,0.09113733908970723
Middle-Neck_1-5,..\data\processed\wet\Middle-Neck_1-5_v2.wav,0.7186037406901956,0.1282420127891464,1.3862913359392461,0.41275832027739345,0.7186037406901956,0.21373668798191067,0.19695363020872136,0.41275832027739345
Middle-Neck_1-5,..\data\processed\wet\Middle-Neck_1-5_v3.wav,0.22777834161780142,0.3503149603848092,2.171585027005122,0.4489117225927901,0.22777834161780142,0.5838582673080154,0.37146333933447157,0.4489117225927901
Middle-Neck_1-5,..\data\processed\wet\Middle-Neck_1-5_v4.wav,0.5371693216040289,0.1221213134890829,1.200882302894884,0.8804219028736048,0.5371693216040289,0.20353552248180484,0.1557516228655298,0.8804219028736048
Middle-Neck_1-6,..\data\processed\wet\Middle-Neck_1-6_v0.wav,0.43372370283142103,0.24725616577952347,0.6602546762277867,0.4979763025873932,0.43372370283142103,0.41209360963253916,0.03561215027284148,0.4979763025873932
Middle-Neck_1-6,..\data\processed\wet\Middle-Neck_1-6_v1.wav,0.5541697216110001,0.3353045225727999,3.6816402619529796,0.17748183499101178,0.5541697216110001,0.5588408709546665,0.7070311693228843,0.17748183499101178
Middle-Neck_1-6,..\data\processed\wet\Middle-Neck_1-6_v2.wav,0.2522231342306188,0.4864382791382476,4.762267775795273,0.13593274736732064,0.2522231342306188,0.8107304652304127,0.947170616843394,0.13593274736732064
Middle-Neck_1-6,..\data\processed\wet\Middle-Neck_1-6_v3.wav,0.4976495545052182,0.1285057516437521,0.770329257597421,0.3255033381261354,0.4976495545052182,0.21417625273958685,0.06007316835498244,0.3255033381261354
Middle-Neck_1-6,..\data\processed\wet\Middle-Neck_1-6_v4.wav,0.14368762518421274,0.42595984406054777,2.9017643615215,0.14383447099031088,0.14368762518421274,0.7099330734342463,0.5337254136714444,0.14383447099031088
Middle-Neck_1-7,..\data\processed\wet\Middle-Neck_1-7_v0.wav,0.009241588405514367,0.4848942294145276,1.292874827739114,0.606216642220766,0.009241588405514367,0.8081570490242127,0.17619440616424756,0.606216642220766
Middle-Neck_1-7,..\data\processed\wet\Middle-Neck_1-7_v1.wav,0.33692191307674557,0.35129156298902137,1.920441321420458,0.08693956069225417,0.33692191307674557,0.5854859383150356,0.315653626982324,0.08693956069225417
Middle-Neck_1-7,..\data\processed\wet\Middle-Neck_1-7_v2.wav,0.2229500085577536,0.11283513988744535,2.426087085978397,0.6582837834261573,0.2229500085577536,0.1880585664790756,0.42801935243964384,0.6582837834261573
Middle-Neck_1-7,..\data\processed\wet\Middle-Neck_1-7_v3.wav,0.26380607494635755,0.00724196118037077,2.835218139191406,0.6057594893589721,0.26380607494635755,0.012069935300617951,0.5189373642647569,0.6057594893589721
Middle-Neck_1-7,..\data\processed\wet\Middle-Neck_1-7_v4.wav,0.9628704940018097,0.3536824818559481,2.6202765172016385,0.5734016258977038,0.9628704940018097,0.5894708030932468,0.4711725593781419,0.5734016258977038
Middle-Neck_1-8,..\data\processed\wet\Middle-Neck_1-8_v0.wav,0.927900629862027,0.4970268873609877,1.953404300137136,0.23725436365713726,0.927900629862027,0.8283781456016462,0.322978733363808,0.23725436365713726
Middle-Neck_1-8,..\data\processed\wet\Middle-Neck_1-8_v1.wav,0.26263361236607363,0.3026526238291278,3.8482225305286,0.5032192071829621,0.26263361236607363,0.504421039715213,0.7440494512285778,0.5032192071829621
Middle-Neck_1-8,..\data\processed\wet\Middle-Neck_1-8_v2.wav,0.06779639582811259,0.43414842026398853,4.1268655790192925,0.28949786511971964,0.06779639582811259,0.7235807004399809,0.8059701286709539,0.28949786511971964
Middle-Neck_1-8,..\data\processed\wet\Middle-Neck_1-8_v3.wav,0.6641257392833504,0.255955140632636,4.501037100773493,0.8452255581607399,0.6641257392833504,0.4265919010543934,0.8891193557274428,0.8452255581607399
Middle-Neck_1-8,..\data\processed\wet\Middle-Neck_1-8_v4.wav,0.5254319983096423,0.41490332748815667,4.475073654599468,0.4957170100782755,0.5254319983096423,0.6915055458135945,0.883349701022104,0.4957170100782755
Middle-Neck_1-9,..\data\processed\wet\Middle-Neck_1-9_v0.wav,0.31325074048882195,0.45219968274574873,1.490298146531113,0.38853114800604205,0.31325074048882195,0.7536661379095813,0.22006625478469177,0.38853114800604205
Middle-Neck_1-9,..\data\processed\wet\Middle-Neck_1-9_v1.wav,0.8657272371067937,0.43465340416158904,2.3171495236137467,0.2147445024083574,0.8657272371067937,0.7244223402693151,0.40381100524749924,0.2147445024083574
Middle-Neck_1-9,..\data\processed\wet\Middle-Neck_1-9_v2.wav,0.3559683908322365,0.1704624895364598,1.2924017957473426,0.7433329135656567,0.3559683908322365,0.284104149227433,0.17608928794385392,0.7433329135656567
Middle-Neck_1-9,..\data\processed\wet\Middle-Neck_1-9_v3.wav,0.2520698868501715,0.2725004821006583,2.2363675107624905,0.9820773786356308,0.2520698868501715,0.4541674701677639,0.385859446836109,0.9820773786356308
Middle-Neck_1-9,..\data\processed\wet\Middle-Neck_1-9_v4.wav,0.3910922441482205,0.047989489678052874,0.9042158865743781,0.5907537213530648,0.3910922441482205,0.0799824827967548,0.08982575257208403,0.5907537213530648
Middle-Neck_2-0,..\data\processed\wet\Middle-Neck_2-0_v0.wav,0.5993635517382656,0.251255394289593,2.4432966154041336,0.05393258284087121,0.5993635517382656,0.41875899048265497,0.4318436923120297,0.05393258284087121
Middle-Neck_2-0,..\data\processed\wet\Middle-Neck_2-0_v1.wav,0.5165465103892622,0.302843685228211,1.1729719335062505,0.10383938611092758,0.5165465103892622,0.5047394753803517,0.14954931855694456,0.10383938611092758
Middle-Neck_2-0,..\data\processed\wet\Middle-Neck_2-0_v2.wav,0.12357249059949049,0.06061694789475511,3.243686879915419,0.19648265240291862,0.12357249059949049,0.10102824649125852,0.6097081955367598,0.19648265240291862
Middle-Neck_2-0,..\data\processed\wet\Middle-Neck_2-0_v3.wav,0.25143015218746345,0.10414328649086384,4.810258870018264,0.8546174631518354,0.25143015218746345,0.17357214415143973,0.9578353044485031,0.8546174631518354
Middle-Neck_2-0,..\data\processed\wet\Middle-Neck_2-0_v4.wav,0.23049483735152088,0.1965397763532756,1.4445177903724873,0.49187595946082374,0.23049483735152088,0.327566293922126,0.20989284230499716,0.49187595946082374
Middle-Neck_2-1,..\data\processed\wet\Middle-Neck_2-1_v0.wav,0.019610532474253595,0.4028208053380774,2.8542116741793873,0.8986389283011033,0.019610532474253595,0.6713680088967957,0.5231581498176416,0.8986389283011033
Middle-Neck_2-1,..\data\processed\wet\Middle-Neck_2-1_v1.wav,0.16439268432841414,0.482465547636679,4.063824565100221,0.12718118921688693,0.16439268432841414,0.8041092460611317,0.7919610144667159,0.12718118921688693
Middle-Neck_2-1,..\data\processed\wet\Middle-Neck_2-1_v2.wav,0.3985592241441276,0.10209158468671013,1.6462422520589701,0.26324617483054435,0.3985592241441276,0.1701526411445169,0.2547205004575489,0.26324617483054435
Middle-Neck_2-1,..\data\processed\wet\Middle-Neck_2-1_v3.wav,0.5562363940257727,0.24684655905627928,4.764797618028374,0.12637014194700513,0.5562363940257727,0.4114109317604655,0.9477328040063053,0.12637014194700513
Middle-Neck_2-1,..\data\processed\wet\Middle-Neck_2-1_v4.wav,0.9736921348501988,0.13838318412855835,3.9779327137183387,0.3389699261728214,0.9736921348501988,0.23063864021426392,0.7728739363818531,0.3389699261728214
Middle-Neck_2-10,..\data\processed\wet\Middle-Neck_2-10_v0.wav,0.1430813954173139,0.5147335111477439,1.8898740465640844,0.6588554042268422,0.1430813954173139,0.8578891852462399,0.3088608992364632,0.6588554042268422
Middle-Neck_2-10,..\data\processed\wet\Middle-Neck_2-10_v1.wav,0.5664436850866266,0.2830537856345246,2.731187626918426,0.7322379140922876,0.5664436850866266,0.4717563093908744,0.4958194726485391,0.7322379140922876
Middle-Neck_2-10,..\data\processed\wet\Middle-Neck_2-10_v2.wav,0.08777291412344057,0.4009083971747431,4.531154456293605,0.05778819701986415,0.08777291412344057,0.6681806619579052,0.8958121013985788,0.05778819701986415
Middle-Neck_2-10,..\data\processed\wet\Middle-Neck_2-10_v3.wav,0.14065333923366674,0.42997916202121883,2.467767417100779,0.40354862081368836,0.14065333923366674,0.7166319367020314,0.43728164824461757,0.40354862081368836
Middle-Neck_2-10,..\data\processed\wet\Middle-Neck_2-10_v4.wav,0.13696663454423585,0.3040620244306728,1.0694539003836976,0.4766204563105404,0.13696663454423585,0.5067700407177881,0.12654531119637724,0.4766204563105404
Middle-Neck_2-11,..\data\processed\wet\Middle-Neck_2-11_v0.wav,0.7636152989616567,0.1549586147322981,2.663537756808773,0.9920159693968357,0.7636152989616567,0.2582643578871635,0.4807861681797273,0.9920159693968357
Middle-Neck_2-11,..\data\processed\wet\Middle-Neck_2-11_v1.wav,0.6866504233540373,0.5048140627831191,2.366814229522456,0.7678609231258553,0.6866504233540373,0.8413567713051986,0.41484760656054576,0.7678609231258553
Middle-Neck_2-11,..\data\processed\wet\Middle-Neck_2-11_v2.wav,0.040509172941321836,0.07374670952534698,1.4138176681402796,0.40195192461521956,0.040509172941321836,0.12291118254224498,0.20307059292006213,0.40195192461521956
Middle-Neck_2-11,..\data\processed\wet\Middle-Neck_2-11_v3.wav,0.8457448783257632,0.20775963047275828,3.445795370819583,0.7093142948034834,0.8457448783257632,0.3462660507879305,0.6546211935154629,0.7093142948034834
Middle-Neck_2-11,..\data\processed\wet\Middle-Neck_2-11_v4.wav,0.5861823540883414,0.2143451809020817,3.096740037710949,0.3422655927897462,0.5861823540883414,0.3572419681701362,0.5770533417135443,0.3422655927897462
Middle-Neck_2-12,..\data\processed\wet\Middle-Neck_2-12_v0.wav,0.08387373855201208,0.5956823869116086,1.0723210413462991,0.07234838383605735,0.08387373855201208,0.9928039781860143,0.1271824536325109,0.07234838383605735
Middle-Neck_2-12,..\data\processed\wet\Middle-Neck_2-12_v1.wav,0.8785307492071559,0.18110079653573707,3.426336383330784,0.32900572966223285,0.8785307492071559,0.3018346608928951,0.6502969740735076,0.32900572966223285
Middle-Neck_2-12,..\data\processed\wet\Middle-Neck_2-12_v2.wav,0.39145427079447115,0.1572677832100779,2.043698026068546,0.4107004005865431,0.39145427079447115,0.2621129720167965,0.3430440057930102,0.4107004005865431
Middle-Neck_2-12,..\data\processed\wet\Middle-Neck_2-12_v3.wav,0.7204160690923429,0.3069217165408751,4.746043477206396,0.04188039383877551,0.7204160690923429,0.5115361942347918,0.9435652171569769,0.04188039383877551
Middle-Neck_2-12,..\data\processed\wet\Middle-Neck_2-12_v4.wav,0.5030683226320282,0.3505348732990309,4.640886437334233,0.049158523621427586,0.5030683226320282,0.5842247888317181,0.920196986074274,0.049158523621427586
Middle-Neck_2-13,..\data\processed\wet\Middle-Neck_2-13_v0.wav,0.573499584935216,0.5121779571167742,1.5886747765365645,0.8762923485239374,0.573499584935216,0.8536299285279569,0.24192772811923657,0.8762923485239374
Middle-Neck_2-13,..\data\processed\wet\Middle-Neck_2-13_v1.wav,0.019043409274291823,0.43947277748023783,4.699009495258939,0.6571976616400622,0.019043409274291823,0.7324546291337297,0.9331132211686531,0.6571976616400622
Middle-Neck_2-13,..\data\processed\wet\Middle-Neck_2-13_v2.wav,0.43902924398044796,0.026928609883630817,4.64051215995183,0.4702962226915748,0.43902924398044796,0.04488101647271803,0.9201138133226289,0.4702962226915748
Middle-Neck_2-13,..\data\processed\wet\Middle-Neck_2-13_v3.wav,0.02899674433594801,0.4138926427972571,2.668267641093162,0.12434531744241073,0.02899674433594801,0.6898210713287619,0.4818372535762582,0.12434531744241073
Middle-Neck_2-13,..\data\processed\wet\Middle-Neck_2-13_v4.wav,0.21427180931025958,0.038694408273507765,3.084320928688581,0.6220294792520092,0.21427180931025958,0.06449068045584627,0.5742935397085736,0.6220294792520092
Middle-Neck_2-14,..\data\processed\wet\Middle-Neck_2-14_v0.wav,0.5057422983554444,0.4902612798015689,4.374539695886061,0.6156243966831266,0.5057422983554444,0.8171021330026149,0.8610088213080136,0.6156243966831266
Middle-Neck_2-14,..\data\processed\wet\Middle-Neck_2-14_v1.wav,0.012756479707430546,0.4171377934486414,2.380996476141582,0.565557483226387,0.012756479707430546,0.6952296557477357,0.4179992169203515,0.565557483226387
Middle-Neck_2-14,..\data\processed\wet\Middle-Neck_2-14_v2.wav,0.6490806020188844,0.21014196859624604,4.626943273273074,0.1339748667497812,0.6490806020188844,0.35023661432707676,0.9170985051717943,0.1339748667497812
Middle-Neck_2-14,..\data\processed\wet\Middle-Neck_2-14_v3.wav,0.6715118072810374,0.002615747973948257,4.660929974323314,0.1125041332380915,0.6715118072810374,0.004359579956580428,0.9246511054051809,0.1125041332380915
Middle-Neck_2-14,..\data\processed\wet\Middle-Neck_2-14_v4.wav,0.09488423014757463,0.19980457983134653,2.1810482871758627,0.21430007232287862,0.09488423014757463,0.33300763305224423,0.3735662860390806,0.21430007232287862
Middle-Neck_2-15,..\data\processed\wet\Middle-Neck_2-15_v0.wav,0.5851216609271247,0.2657484588251781,0.6537901506848933,0.31965206225530063,0.5851216609271247,0.4429140980419635,0.034175589041087404,0.31965206225530063
Middle-Neck_2-15,..\data\processed\wet\Middle-Neck_2-15_v1.wav,0.8104329135731705,0.41382092091712114,3.761918841109462,0.6981169240835235,0.8104329135731705,0.6897015348618686,0.7248708535798805,0.6981169240835235
Middle-Neck_2-15,..\data\processed\wet\Middle-Neck_2-15_v2.wav,0.3109730213830333,0.05979835324606553,1.726102328148932,0.8317853001851593,0.3109730213830333,0.09966392207677588,0.272467184033096,0.8317853001851593
Middle-Neck_2-15,..\data\processed\wet\Middle-Neck_2-15_v3.wav,0.9804707977830711,0.2963082088449368,0.5436515971536899,0.14004481213422904,0.9804707977830711,0.49384701474156134,0.009700354923042208,0.14004481213422904
Middle-Neck_2-15,..\data\processed\wet\Middle-Neck_2-15_v4.wav,0.32208057531626577,0.34715120915576986,0.8379214061239129,0.9433572987098816,0.32208057531626577,0.5785853485929497,0.07509364580531397,0.9433572987098816
Middle-Neck_2-16,..\data\processed\wet\Middle-Neck_2-16_v0.wav,0.3650836732844007,0.5475505307548938,4.012348112406598,0.7554372725155811,0.3650836732844007,0.912584217924823,0.7805218027570218,0.7554372725155811
Middle-Neck_2-16,..\data\processed\wet\Middle-Neck_2-16_v1.wav,0.606719579782232,0.3760702902311068,3.3710145584731164,0.6287213870255821,0.606719579782232,0.6267838170518446,0.6380032352162481,0.6287213870255821
Middle-Neck_2-16,..\data\processed\wet\Middle-Neck_2-16_v2.wav,0.5537282313983612,0.5918484110897333,3.7953075534156326,0.7769463883925212,0.5537282313983612,0.9864140184828889,0.7322905674256961,0.7769463883925212
Middle-Neck_2-16,..\data\processed\wet\Middle-Neck_2-16_v3.wav,0.8724628150836742,0.1293838576355095,0.8771187159277736,0.48289443659859865,0.8724628150836742,0.21563976272584917,0.0838041590950608,0.48289443659859865
Middle-Neck_2-16,..\data\processed\wet\Middle-Neck_2-16_v4.wav,0.5140806956192732,0.4975090679699506,2.4970261067705106,0.5708530255443127,0.5140806956192732,0.8291817799499177,0.4437835792823357,0.5708530255443127
Middle-Neck_2-17,..\data\processed\wet\Middle-Neck_2-17_v0.wav,0.5270709385134583,0.022921670254434635,3.268467034686113,0.8280432857742522,0.5270709385134583,0.03820278375739106,0.615214896596914,0.8280432857742522
Middle-Neck_2-17,..\data\processed\wet\Middle-Neck_2-17_v1.wav,0.15750054807580383,0.35659904035595746,3.1712474500088645,0.16418496405635874,0.15750054807580383,0.5943317339265958,0.5936105444464144,0.16418496405635874
Middle-Neck_2-17,..\data\processed\wet\Middle-Neck_2-17_v2.wav,0.12346357373073602,0.5880311657858909,2.271736263438669,0.22742172872352928,0.12346357373073602,0.9800519429764848,0.39371916965303755,0.22742172872352928
Middle-Neck_2-17,..\data\processed\wet\Middle-Neck_2-17_v3.wav,0.17132454445437495,0.40056102814994105,3.2425038379727544,0.6435521229874175,0.17132454445437495,0.6676017135832351,0.6094452973272788,0.6435521229874175
Middle-Neck_2-17,..\data\processed\wet\Middle-Neck_2-17_v4.wav,0.08800602751145226,0.5361207500990621,2.251698785640717,0.31336940643035793,0.08800602751145226,0.893534583498437,0.38926639680904823,0.31336940643035793
Middle-Neck_2-18,..\data\processed\wet\Middle-Neck_2-18_v0.wav,0.4623614472477392,0.23403963944857695,4.386096514126157,0.9292609751978921,0.4623614472477392,0.39006606574762825,0.863577003139146,0.9292609751978921
Middle-Neck_2-18,..\data\processed\wet\Middle-Neck_2-18_v1.wav,0.3034532164496062,0.5183614844759729,4.016854082898802,0.9308076723447618,0.3034532164496062,0.8639358074599548,0.7815231295330671,0.9308076723447618
Middle-Neck_2-18,..\data\processed\wet\Middle-Neck_2-18_v2.wav,0.24575031218588783,0.34617549007258747,1.7354506313320008,0.8240944904843742,0.24575031218588783,0.5769591501209791,0.27454458474044463,0.8240944904843742
Middle-Neck_2-18,..\data\processed\wet\Middle-Neck_2-18_v3.wav,0.005324190571064258,0.33889149773183763,2.026415440723631,0.32268370707782024,0.005324190571064258,0.5648191628863961,0.339203431271918,0.32268370707782024
Middle-Neck_2-18,..\data\processed\wet\Middle-Neck_2-18_v4.wav,0.644906323864917,0.5108906695883964,3.241379261269968,0.8531729786467225,0.644906323864917,0.8514844493139939,0.6091953913933262,0.8531729786467225
Middle-Neck_2-19,..\data\processed\wet\Middle-Neck_2-19_v0.wav,0.26459711188102997,0.31170111285898866,2.527414425801842,0.011644899503096218,0.26459711188102997,0.5195018547649811,0.450536539067076,0.011644899503096218
Middle-Neck_2-19,..\data\processed\wet\Middle-Neck_2-19_v1.wav,0.5568121431407401,0.39691459448770494,3.163614819885815,0.7362798987834215,0.5568121431407401,0.6615243241461749,0.5919144044190701,0.7362798987834215
Middle-Neck_2-19,..\data\processed\wet\Middle-Neck_2-19_v2.wav,0.5713395284530771,0.04005015291045415,1.0240048583812014,0.5964745775439524,0.5713395284530771,0.06675025485075692,0.11644552408471141,0.5964745775439524
Middle-Neck_2-19,..\data\processed\wet\Middle-Neck_2-19_v3.wav,0.2749791919736402,0.047787077420859504,2.43321234551846,0.5543225980836554,0.2749791919736402,0.07964512903476584,0.4296027434485467,0.5543225980836554
Middle-Neck_2-19,..\data\processed\wet\Middle-Neck_2-19_v4.wav,0.32874598834960655,0.43226022133546677,3.396967736455601,0.33281836109167195,0.32874598834960655,0.720433702225778,0.6437706081012446,0.33281836109167195
Middle-Neck_2-2,..\data\processed\wet\Middle-Neck_2-2_v0.wav,0.7548725289085606,0.38921702551982124,3.3685042042305593,0.553427700787068,0.7548725289085606,0.6486950425330354,0.6374453787179021,0.553427700787068
Middle-Neck_2-2,..\data\processed\wet\Middle-Neck_2-2_v1.wav,0.011389668088552796,0.41790431008613343,2.1921880599912043,0.9426097101586556,0.011389668088552796,0.6965071834768891,0.3760417911091565,0.9426097101586556
Middle-Neck_2-2,..\data\processed\wet\Middle-Neck_2-2_v2.wav,0.8179847710772054,0.3526166817187873,1.6348189181867125,0.20371739327766658,0.8179847710772054,0.5876944695313122,0.25218198181926943,0.20371739327766658
Middle-Neck_2-2,..\data\processed\wet\Middle-Neck_2-2_v3.wav,0.3403848376775491,0.2859407661480111,1.832294795175262,0.5149294953924828,0.3403848376775491,0.4765679435800185,0.2960655100389471,0.5149294953924828
Middle-Neck_2-2,..\data\processed\wet\Middle-Neck_2-2_v4.wav,0.16537042551318593,0.5866276876952999,0.9856604973424724,0.9319441396543721,0.16537042551318593,0.9777128128254999,0.10792455496499387,0.9319441396543721
Middle-Neck_2-20,..\data\processed\wet\Middle-Neck_2-20_v0.wav,0.9135780114026949,0.3152162890916988,3.76209622326238,0.4360482979725878,0.9135780114026949,0.525360481819498,0.7249102718360844,0.4360482979725878
Middle-Neck_2-20,..\data\processed\wet\Middle-Neck_2-20_v1.wav,0.6300345775424382,0.20434556245267121,1.8552155890345041,0.5782297861695137,0.6300345775424382,0.3405759374211187,0.30115901978544535,0.5782297861695137
Middle-Neck_2-20,..\data\processed\wet\Middle-Neck_2-20_v2.wav,0.49812967418398035,0.34772182148998865,1.7899726157916034,0.36695783181699526,0.49812967418398035,0.5795363691499811,0.286660581287023,0.36695783181699526
Middle-Neck_2-20,..\data\processed\wet\Middle-Neck_2-20_v3.wav,0.08389796062890931,0.03136582336332343,1.6405570835285732,0.07424685933054576,0.08389796062890931,0.05227637227220572,0.25345712967301626,0.07424685933054576
Middle-Neck_2-20,..\data\processed\wet\Middle-Neck_2-20_v4.wav,0.1037747086347407,0.4877570432363622,0.6749316365751019,0.6589427939347428,0.1037747086347407,0.8129284053939371,0.038873697016689315,0.6589427939347428
Middle-Neck_2-21,..\data\processed\wet\Middle-Neck_2-21_v0.wav,0.2725577488154005,0.5229274084248758,2.682465280598748,0.30557645932782573,0.2725577488154005,0.8715456807081264,0.48499228457749954,0.30557645932782573
Middle-Neck_2-21,..\data\processed\wet\Middle-Neck_2-21_v1.wav,0.5176389356894345,0.22917481142716128,3.039354791014236,0.11453286832634824,0.5176389356894345,0.3819580190452688,0.5643010646698302,0.11453286832634824
Middle-Neck_2-21,..\data\processed\wet\Middle-Neck_2-21_v2.wav,0.9969905028125511,0.2553335266180305,2.067037878683159,0.7102098483162649,0.9969905028125511,0.4255558776967175,0.34823063970736867,0.7102098483162649
Middle-Neck_2-21,..\data\processed\wet\Middle-Neck_2-21_v3.wav,0.3638994064953325,0.49996458301725455,2.5442182596219136,0.7195584132654349,0.3638994064953325,0.8332743050287577,0.45427072436042526,0.7195584132654349
Middle-Neck_2-21,..\data\processed\wet\Middle-Neck_2-21_v4.wav,0.10745321644188655,0.5076715113330671,3.8107309405014944,0.21171677846196568,0.10745321644188655,0.8461191855551119,0.7357179867781098,0.21171677846196568
Middle-Neck_2-22,..\data\processed\wet\Middle-Neck_2-22_v0.wav,0.14528600974578665,0.18977540923537464,4.892317637143569,0.25683157456705863,0.14528600974578665,0.3162923487256244,0.9760705860319043,0.25683157456705863
Middle-Neck_2-22,..\data\processed\wet\Middle-Neck_2-22_v1.wav,0.4561272089466333,0.018012135430401786,2.2875238830480464,0.5713200154331027,0.4561272089466333,0.03002022571733631,0.39722752956623253,0.5713200154331027
Middle-Neck_2-22,..\data\processed\wet\Middle-Neck_2-22_v2.wav,0.9531246125079651,0.31004162696403864,4.185982967799595,0.5471276425689006,0.9531246125079651,0.5167360449400644,0.8191073261776878,0.5471276425689006
Middle-Neck_2-22,..\data\processed\wet\Middle-Neck_2-22_v3.wav,0.0407850134355181,0.18900496511386441,3.0899727852399645,0.9505939659311243,0.0407850134355181,0.31500827518977403,0.5755495078311033,0.9505939659311243
Middle-Neck_2-22,..\data\processed\wet\Middle-Neck_2-22_v4.wav,0.8591303597512333,0.13701336850730858,1.4904942350862358,0.20117296711390076,0.8591303597512333,0.22835561417884764,0.2201098300191635,0.20117296711390076
Middle-Neck_2-3,..\data\processed\wet\Middle-Neck_2-3_v0.wav,0.9224988963025031,0.5115996918610324,3.9869754451382695,0.3927351142242276,0.9224988963025031,0.8526661531017207,0.7748834322529488,0.3927351142242276
Middle-Neck_2-3,..\data\processed\wet\Middle-Neck_2-3_v1.wav,0.5043807042987668,0.2785990468770917,1.640291484017177,0.505028046148767,0.5043807042987668,0.4643317447951528,0.25339810755937264,0.505028046148767
Middle-Neck_2-3,..\data\processed\wet\Middle-Neck_2-3_v2.wav,0.030496547852754463,0.0790862240984755,4.489653182760259,0.7516797670314233,0.030496547852754463,0.13181037349745917,0.8865895961689465,0.7516797670314233
Middle-Neck_2-3,..\data\processed\wet\Middle-Neck_2-3_v3.wav,0.42286840905908707,0.3102902173703263,2.1649949868198983,0.7407798671606725,0.42286840905908707,0.5171503622838772,0.36999888595997743,0.7407798671606725
Middle-Neck_2-3,..\data\processed\wet\Middle-Neck_2-3_v4.wav,0.7841871792320796,0.45797111412189545,3.7517527617550233,0.20450433869279583,0.7841871792320796,0.7632851902031591,0.7226117248344496,0.20450433869279583
Middle-Neck_2-4,..\data\processed\wet\Middle-Neck_2-4_v0.wav,0.3379699792404788,0.28190726099020497,1.9885684614244503,0.754940200158329,0.3379699792404788,0.469845434983675,0.3307929914276556,0.754940200158329
Middle-Neck_2-4,..\data\processed\wet\Middle-Neck_2-4_v1.wav,0.3293535242499547,0.0829392520712023,2.2956820342173683,0.9799144327823803,0.3293535242499547,0.13823208678533716,0.3990404520483041,0.9799144327823803
Middle-Neck_2-4,..\data\processed\wet\Middle-Neck_2-4_v2.wav,0.2258814129335759,0.3672951953659374,2.4483787242786783,0.07102456764932663,0.2258814129335759,0.6121586589432291,0.4329730498397063,0.07102456764932663
Middle-Neck_2-4,..\data\processed\wet\Middle-Neck_2-4_v3.wav,0.4878766059980595,0.4212985971889875,2.8094898912251844,0.8721060637465811,0.4878766059980595,0.7021643286483125,0.5132199758278188,0.8721060637465811
Middle-Neck_2-4,..\data\processed\wet\Middle-Neck_2-4_v4.wav,0.28893701665758265,0.05174950278237895,4.714545252461027,0.378196349528219,0.28893701665758265,0.08624917130396492,0.9365656116580061,0.378196349528219
Middle-Neck_2-5,..\data\processed\wet\Middle-Neck_2-5_v0.wav,0.5764055514536334,0.47520187567811756,1.9594114874401125,0.7161645381776112,0.5764055514536334,0.792003126130196,0.3243136638755806,0.7161645381776112
Middle-Neck_2-5,..\data\processed\wet\Middle-Neck_2-5_v1.wav,0.13541884981782804,0.17477624832330316,1.1511978626143395,0.8112305584013578,0.13541884981782804,0.29129374720550527,0.1447106361365199,0.8112305584013578
Middle-Neck_2-5,..\data\processed\wet\Middle-Neck_2-5_v2.wav,0.22264923522678537,0.43044213324312613,4.744842787605436,0.527772209068877,0.22264923522678537,0.7174035554052103,0.9432983972456525,0.527772209068877
Middle-Neck_2-5,..\data\processed\wet\Middle-Neck_2-5_v3.wav,0.5400291922606877,0.2766201408586872,1.9665056452713925,0.4756550309249171,0.5400291922606877,0.461033568097812,0.32589014339364275,0.4756550309249171
Middle-Neck_2-5,..\data\processed\wet\Middle-Neck_2-5_v4.wav,0.6028075322667594,0.5915949433023956,4.7199405169320094,0.8621529582931218,0.6028075322667594,0.9859915721706594,0.9377645593182243,0.8621529582931218
Middle-Neck_2-6,..\data\processed\wet\Middle-Neck_2-6_v0.wav,0.8891305357048583,0.28070950997522576,3.4584994722985916,0.8950667229362141,0.8891305357048583,0.46784918329204295,0.6574443271774648,0.8950667229362141
Middle-Neck_2-6,..\data\processed\wet\Middle-Neck_2-6_v1.wav,0.39295076499135306,0.5770574870072812,2.3710372793113237,0.6010826653932156,0.39295076499135306,0.9617624783454687,0.41578606206918306,0.6010826653932156
Middle-Neck_2-6,..\data\processed\wet\Middle-Neck_2-6_v2.wav,0.7098047132723719,0.5703552078455629,1.6007732332351972,0.7461309782386423,0.7098047132723719,0.9505920130759382,0.24461627405226605,0.7461309782386423
Middle-Neck_2-6,..\data\processed\wet\Middle-Neck_2-6_v3.wav,0.5208155861440822,0.16113428437238464,3.9947307790837576,0.5522222801738466,0.5208155861440822,0.26855714062064107,0.7766068397963906,0.5522222801738466
Middle-Neck_2-6,..\data\processed\wet\Middle-Neck_2-6_v4.wav,0.6609738206496758,0.1937406411467406,2.6657327832242226,0.6173542509880671,0.6609738206496758,0.322901068577901,0.481273951827605,0.6173542509880671
Middle-Neck_2-7,..\data\processed\wet\Middle-Neck_2-7_v0.wav,0.404910814269844,0.11902352390862078,4.827382215418868,0.5114675400426174,0.404910814269844,0.1983725398477013,0.9616404923153039,0.5114675400426174
Middle-Neck_2-7,..\data\processed\wet\Middle-Neck_2-7_v1.wav,0.7339203702877005,0.24662831613363487,2.0980929381157236,0.407164298467125,0.7339203702877005,0.4110471935560581,0.35513176402571633,0.407164298467125
Middle-Neck_2-7,..\data\processed\wet\Middle-Neck_2-7_v2.wav,0.4091966437856498,0.32650806956517214,2.9456144149161343,0.49715381588287166,0.4091966437856498,0.5441801159419536,0.5434698699813632,0.49715381588287166
Middle-Neck_2-7,..\data\processed\wet\Middle-Neck_2-7_v3.wav,0.1347857849174381,0.2976452871003187,1.2609675518929317,0.12613578629576516,0.1347857849174381,0.49607547850053113,0.1691039004206515,0.12613578629576516
Middle-Neck_2-7,..\data\processed\wet\Middle-Neck_2-7_v4.wav,0.9326457173411677,0.36297000788862255,3.467705261560629,0.4017936703333638,0.9326457173411677,0.6049500131477042,0.6594900581245843,0.4017936703333638
Middle-Neck_2-8,..\data\processed\wet\Middle-Neck_2-8_v0.wav,0.9089808919148642,0.3827582937477993,3.9612644128561434,0.36856246902771383,0.9089808919148642,0.6379304895796655,0.7691698695235875,0.36856246902771383
Middle-Neck_2-8,..\data\processed\wet\Middle-Neck_2-8_v1.wav,0.9600118808191255,0.492276774094989,4.3427680835654465,0.17219426742575428,0.9600118808191255,0.820461290158315,0.8539484630145436,0.17219426742575428
Middle-Neck_2-8,..\data\processed\wet\Middle-Neck_2-8_v2.wav,0.2709632078712195,0.17137595981014622,1.7190915046109203,0.8554081621042879,0.2709632078712195,0.28562659968357706,0.27090922324687117,0.8554081621042879
Middle-Neck_2-8,..\data\processed\wet\Middle-Neck_2-8_v3.wav,0.03188479520859211,0.04565999338846458,1.7326169178345667,0.19987297464944365,0.03188479520859211,0.0760999889807743,0.2739148706299037,0.19987297464944365
Middle-Neck_2-8,..\data\processed\wet\Middle-Neck_2-8_v4.wav,0.23185961388284837,0.47876591355197995,3.034069672514211,0.0057706612929679935,0.23185961388284837,0.7979431892533,0.5631265938920469,0.0057706612929679935
Middle-Neck_2-9,..\data\processed\wet\Middle-Neck_2-9_v0.wav,0.42932276570419525,0.24473095611021534,1.0127537125004458,0.6761417886014571,0.42932276570419525,0.40788492685035893,0.1139452694445435,0.6761417886014571
Middle-Neck_2-9,..\data\processed\wet\Middle-Neck_2-9_v1.wav,0.7020971883794911,0.4325359314312586,3.778119255013664,5.282693229680113e-05,0.7020971883794911,0.7208932190520977,0.728470945558592,5.282693229680113e-05
Middle-Neck_2-9,..\data\processed\wet\Middle-Neck_2-9_v2.wav,0.9539208038467222,0.4885252602327978,4.567917634651784,0.015643295307434135,0.9539208038467222,0.814208767054663,0.9039816965892853,0.015643295307434135
Middle-Neck_2-9,..\data\processed\wet\Middle-Neck_2-9_v3.wav,0.9338587957857394,0.4858731172128628,4.2674861433141436,0.09328738472196851,0.9338587957857394,0.8097885286881047,0.8372191429586986,0.09328738472196851
Middle-Neck_2-9,..\data\processed\wet\Middle-Neck_2-9_v4.wav,0.7387780289185977,0.5759500137852546,3.553463036381723,0.5705614046246065,0.7387780289185977,0.959916689642091,0.6785473414181606,0.5705614046246065
Middle-Neck_3-0,..\data\processed\wet\Middle-Neck_3-0_v0.wav,0.945629677748997,0.2657622730406616,3.196821048397154,0.4763382934943662,0.945629677748997,0.442937121734436,0.5992935663104787,0.4763382934943662
Middle-Neck_3-0,..\data\processed\wet\Middle-Neck_3-0_v1.wav,0.9328462213602992,0.04565083605930435,2.7550386537140668,0.6869524413854383,0.9328462213602992,0.07608472676550726,0.5011197008253482,0.6869524413854383
Middle-Neck_3-0,..\data\processed\wet\Middle-Neck_3-0_v2.wav,0.7919065384222369,0.3498111884664818,4.5901298485465425,0.9419914468838717,0.7919065384222369,0.5830186474441363,0.9089177441214539,0.9419914468838717
Middle-Neck_3-0,..\data\processed\wet\Middle-Neck_3-0_v3.wav,0.06431922319358352,0.2414223237248246,0.605565597745195,0.3294166573744429,0.06431922319358352,0.40237053954137436,0.023459021721154452,0.3294166573744429
Middle-Neck_3-0,..\data\processed\wet\Middle-Neck_3-0_v4.wav,0.5368682179706021,0.5464769583059693,4.309494451094313,0.12749972667198572,0.5368682179706021,0.9107949305099489,0.8465543224654029,0.12749972667198572
Middle-Neck_3-1,..\data\processed\wet\Middle-Neck_3-1_v0.wav,0.0930303747408957,0.35356040325400023,2.894530876064522,0.26637764143002385,0.0930303747408957,0.589267338756667,0.5321179724587827,0.26637764143002385
Middle-Neck_3-1,..\data\processed\wet\Middle-Neck_3-1_v1.wav,0.8994530845538352,0.556419845676932,2.311751472530732,0.8903025571135202,0.8994530845538352,0.9273664094615535,0.40261143834016266,0.8903025571135202
Middle-Neck_3-1,..\data\processed\wet\Middle-Neck_3-1_v2.wav,0.38394889426297263,0.4420900990978201,2.6417399789647584,0.12258315650718299,0.38394889426297263,0.7368168318297001,0.4759422175477241,0.12258315650718299
Middle-Neck_3-1,..\data\processed\wet\Middle-Neck_3-1_v3.wav,0.9279342012370215,0.27245795602652195,3.8051916814508164,0.36717381443129216,0.9279342012370215,0.4540965933775366,0.7344870403224036,0.36717381443129216
Middle-Neck_3-1,..\data\processed\wet\Middle-Neck_3-1_v4.wav,0.01888087857623466,0.06031821521510154,2.7329876577046597,0.6899643571263624,0.01888087857623466,0.10053035869183591,0.4962194794899244,0.6899643571263624
Middle-Neck_3-10,..\data\processed\wet\Middle-Neck_3-10_v0.wav,0.33473532657927907,0.41729307550659017,3.643860152443802,0.7039359073278308,0.33473532657927907,0.6954884591776503,0.698635589431956,0.7039359073278308
Middle-Neck_3-10,..\data\processed\wet\Middle-Neck_3-10_v1.wav,0.4925218540205084,0.5489316900729023,2.70138433091277,0.4502651934966382,0.4925218540205084,0.9148861501215039,0.4891965179806156,0.4502651934966382
Middle-Neck_3-10,..\data\processed\wet\Middle-Neck_3-10_v2.wav,0.199380819010627,0.1845930524138019,0.6905052163323651,0.6335352936161702,0.199380819010627,0.3076550873563365,0.042334492518303346,0.6335352936161702
Middle-Neck_3-10,..\data\processed\wet\Middle-Neck_3-10_v3.wav,0.24853574392709288,0.18249315269127905,3.9686653474894453,0.3272211831614539,0.24853574392709288,0.3041552544854651,0.7708145216643212,0.3272211831614539
Middle-Neck_3-10,..\data\processed\wet\Middle-Neck_3-10_v4.wav,0.24219589201314218,0.10143464948022345,3.9868628098188017,0.12970625799002689,0.24219589201314218,0.16905774913370575,0.7748584021819559,0.12970625799002689
Middle-Neck_3-11,..\data\processed\wet\Middle-Neck_3-11_v0.wav,0.4537537602503535,0.30415806964631664,3.593254607085716,0.6332834823329955,0.4537537602503535,0.5069301160771944,0.6873899126857146,0.6332834823329955
Middle-Neck_3-11,..\data\processed\wet\Middle-Neck_3-11_v1.wav,0.8107206729451748,0.026850860355742887,1.8339832615072873,0.28013411877537975,0.8107206729451748,0.04475143392623815,0.2964407247793972,0.28013411877537975
Middle-Neck_3-11,..\data\processed\wet\Middle-Neck_3-11_v2.wav,0.14601690559210823,0.17350695231386587,1.8939439136430654,0.5218844619274783,0.14601690559210823,0.28917825385644313,0.3097653141429034,0.5218844619274783
Middle-Neck_3-11,..\data\processed\wet\Middle-Neck_3-11_v3.wav,0.6637044789262561,0.22866030816708843,3.7376160409102153,0.33616533857958,0.6637044789262561,0.3811005136118141,0.7194702313133812,0.33616533857958
Middle-Neck_3-11,..\data\processed\wet\Middle-Neck_3-11_v4.wav,0.29028367731476035,0.3247128335142146,0.6067236213760577,0.07978912363400037,0.29028367731476035,0.5411880558570243,0.023716360305790607,0.07978912363400037
Middle-Neck_3-12,..\data\processed\wet\Middle-Neck_3-12_v0.wav,0.41796954358652705,0.5657476268350539,3.746803009295406,0.08812656950055775,0.41796954358652705,0.9429127113917565,0.7215117798434236,0.08812656950055775
Middle-Neck_3-12,..\data\processed\wet\Middle-Neck_3-12_v1.wav,0.8463180127808737,0.4393804623649086,3.2492593656619393,0.8202929606091773,0.8463180127808737,0.732300770608181,0.6109465257026532,0.8202929606091773
Middle-Neck_3-12,..\data\processed\wet\Middle-Neck_3-12_v2.wav,0.4041098477429571,0.13290063051231163,2.804105250989417,0.5488417555934738,0.4041098477429571,0.22150105085385272,0.5120233891087593,0.5488417555934738
Middle-Neck_3-12,..\data\processed\wet\Middle-Neck_3-12_v3.wav,0.5383263720099121,0.33904427488806316,4.769172132076314,0.9022456230962314,0.5383263720099121,0.5650737914801053,0.9487049182391808,0.9022456230962314
Middle-Neck_3-12,..\data\processed\wet\Middle-Neck_3-12_v4.wav,0.8757170365589394,0.48085008654517625,4.745426482693784,0.09849464167940325,0.8757170365589394,0.8014168109086272,0.9434281072652853,0.09849464167940325
Middle-Neck_3-13,..\data\processed\wet\Middle-Neck_3-13_v0.wav,0.2651232614457395,0.29703356739275094,4.309405219055323,0.5051657115227325,0.2651232614457395,0.49505594565458494,0.8465344931234051,0.5051657115227325
Middle-Neck_3-13,..\data\processed\wet\Middle-Neck_3-13_v1.wav,0.7480347393415887,0.08337594314934972,1.6358621583945208,0.7317760950376724,0.7480347393415887,0.13895990524891622,0.2524138129765602,0.7317760950376724
Middle-Neck_3-13,..\data\processed\wet\Middle-Neck_3-13_v2.wav,0.16473400888772405,0.21081356079295605,1.6918981601610714,0.3498616942224785,0.16473400888772405,0.35135593465492676,0.2648662578135714,0.3498616942224785
Middle-Neck_3-13,..\data\processed\wet\Middle-Neck_3-13_v3.wav,0.7083240490779703,0.22070830868568062,2.998684951735731,0.09993187705440965,0.7083240490779703,0.367847181142801,0.5552633226079402,0.09993187705440965
Middle-Neck_3-13,..\data\processed\wet\Middle-Neck_3-13_v4.wav,0.8050176932346278,0.22193317538887491,3.418403715650041,0.7253896016618326,0.8050176932346278,0.36988862564812486,0.6485341590333424,0.7253896016618326
Middle-Neck_3-14,..\data\processed\wet\Middle-Neck_3-14_v0.wav,0.2096609221117004,0.53080499097201,3.273009132231288,0.42872514175148146,0.2096609221117004,0.88467498495335,0.6162242516069529,0.42872514175148146
Middle-Neck_3-14,..\data\processed\wet\Middle-Neck_3-14_v1.wav,0.18233518357821954,0.565380562740724,3.897806918592313,0.20802456273324887,0.18233518357821954,0.9423009379012067,0.7550682041316251,0.20802456273324887
Middle-Neck_3-14,..\data\processed\wet\Middle-Neck_3-14_v2.wav,0.3377107747242245,0.4858045548528439,3.630549484469025,0.7657842927157243,0.3377107747242245,0.8096742580880733,0.695677663215339,0.7657842927157243
Middle-Neck_3-14,..\data\processed\wet\Middle-Neck_3-14_v3.wav,0.4412011022129324,0.4298857575853001,2.2392217528876115,0.21126291693819643,0.4412011022129324,0.7164762626421669,0.38649372286391365,0.21126291693819643
Middle-Neck_3-14,..\data\processed\wet\Middle-Neck_3-14_v4.wav,0.63267703484136,0.5856083553592765,1.8977043712789832,0.46096959221253964,0.63267703484136,0.9760139255987942,0.3106009713953296,0.46096959221253964
Middle-Neck_3-15,..\data\processed\wet\Middle-Neck_3-15_v0.wav,0.6740013710698536,0.3249037692734927,4.2954250806907215,0.7617427064695159,0.6740013710698536,0.5415062821224879,0.8434277957090492,0.7617427064695159
Middle-Neck_3-15,..\data\processed\wet\Middle-Neck_3-15_v1.wav,0.05829720386235704,0.5990527403542644,3.8858110417376026,0.8639033162941132,0.05829720386235704,0.998421233923774,0.7524024537194672,0.8639033162941132
Middle-Neck_3-15,..\data\processed\wet\Middle-Neck_3-15_v2.wav,0.6511977120953464,0.5137710768280573,1.0057233871791924,0.3477378355593156,0.6511977120953464,0.8562851280467623,0.11238297492870943,0.3477378355593156
Middle-Neck_3-15,..\data\processed\wet\Middle-Neck_3-15_v3.wav,0.8764209436044927,0.12099312676013534,0.8520894436101023,0.788118939945219,0.8764209436044927,0.20165521126689223,0.07824209858002273,0.788118939945219
Middle-Neck_3-15,..\data\processed\wet\Middle-Neck_3-15_v4.wav,0.8354861556432962,0.09759133091394036,4.344556922522219,0.6867677955971696,0.8354861556432962,0.1626522181899006,0.8543459827827155,0.6867677955971696
Middle-Neck_3-16,..\data\processed\wet\Middle-Neck_3-16_v0.wav,0.5200826832165839,0.498150115668831,2.3866216219353458,0.1939939562233972,0.5200826832165839,0.830250192781385,0.41924924931896573,0.1939939562233972
Middle-Neck_3-16,..\data\processed\wet\Middle-Neck_3-16_v1.wav,0.28485267661061364,0.3030984109759889,2.8909885670292907,0.8055808264412336,0.28485267661061364,0.5051640182933148,0.5313307926731757,0.8055808264412336
Middle-Neck_3-16,..\data\processed\wet\Middle-Neck_3-16_v2.wav,0.7913527236523344,0.3488199343227449,4.013534675144644,0.19177345829367098,0.7913527236523344,0.5813665572045749,0.7807854833654765,0.19177345829367098
Middle-Neck_3-16,..\data\processed\wet\Middle-Neck_3-16_v3.wav,0.05006452709329434,0.5241802935808201,0.8399952219324631,0.2466884297439973,0.05006452709329434,0.8736338226347001,0.07555449376276958,0.2466884297439973
Middle-Neck_3-16,..\data\processed\wet\Middle-Neck_3-16_v4.wav,0.6953189496243846,0.24566876257638548,4.4434128646197895,0.29797979466226954,0.6953189496243846,0.40944793762730913,0.8763139699155088,0.29797979466226954
Middle-Neck_3-17,..\data\processed\wet\Middle-Neck_3-17_v0.wav,0.011871346669359295,0.18039338433644647,3.1013377213317423,0.37593837540329333,0.011871346669359295,0.3006556405607441,0.5780750491848317,0.37593837540329333
Middle-Neck_3-17,..\data\processed\wet\Middle-Neck_3-17_v1.wav,0.5348727557587553,0.5259588713010112,4.6061827440366585,0.2659740646541121,0.5348727557587553,0.8765981188350186,0.9124850542303685,0.2659740646541121
Middle-Neck_3-17,..\data\processed\wet\Middle-Neck_3-17_v2.wav,0.4621404732699007,0.3294864091448707,4.771006055997112,0.9986173191643847,0.4621404732699007,0.5491440152414512,0.9491124568882471,0.9986173191643847
Middle-Neck_3-17,..\data\processed\wet\Middle-Neck_3-17_v3.wav,0.23540724884152664,0.43618792280748925,2.2011397800493784,0.008108196886213226,0.23540724884152664,0.7269798713458154,0.3780310622331952,0.008108196886213226
Middle-Neck_3-17,..\data\processed\wet\Middle-Neck_3-17_v4.wav,0.009252522435902355,0.27633960453735346,2.6975071085195057,0.022569696573442655,0.009252522435902355,0.4605660075622558,0.4883349130043346,0.022569696573442655
Middle-Neck_3-18,..\data\processed\wet\Middle-Neck_3-18_v0.wav,0.6869274167743025,0.17640203315697187,3.019518956911772,0.30091907316541877,0.6869274167743025,0.2940033885949531,0.5598931015359494,0.30091907316541877
Middle-Neck_3-18,..\data\processed\wet\Middle-Neck_3-18_v1.wav,0.1671343148693072,0.24430424315932517,1.5452301415572534,0.5348009769191681,0.1671343148693072,0.4071737385988753,0.23227336479050076,0.5348009769191681
Middle-Neck_3-18,..\data\processed\wet\Middle-Neck_3-18_v2.wav,0.19882853028647995,0.3050435859867762,1.208203316909904,0.670974709485785,0.19882853028647995,0.5084059766446271,0.15737851486886756,0.670974709485785
Middle-Neck_3-18,..\data\processed\wet\Middle-Neck_3-18_v3.wav,0.7539376844414241,0.06623654054996027,2.6051108541680263,0.07087170065487358,0.7539376844414241,0.11039423424993379,0.4678024120373392,0.07087170065487358
Middle-Neck_3-18,..\data\processed\wet\Middle-Neck_3-18_v4.wav,0.5981824455420024,0.15864257875778723,2.874310055774185,0.5174610093842912,0.5981824455420024,0.26440429792964537,0.5276244568387078,0.5174610093842912
Middle-Neck_3-19,..\data\processed\wet\Middle-Neck_3-19_v0.wav,0.9243543461938004,0.3294499335412337,3.1234931587324204,0.4016531257643803,0.9243543461938004,0.5490832225687229,0.5829984797183156,0.4016531257643803
Middle-Neck_3-19,..\data\processed\wet\Middle-Neck_3-19_v1.wav,0.9490796031828168,0.46631154566376576,1.784323806362787,0.8442095857762321,0.9490796031828168,0.7771859094396096,0.28540529030284156,0.8442095857762321
Middle-Neck_3-19,..\data\processed\wet\Middle-Neck_3-19_v2.wav,0.43239636018509,0.4972002861201563,4.20299630732076,0.1888701867628544,0.43239636018509,0.8286671435335939,0.8228880682935021,0.1888701867628544
Middle-Neck_3-19,..\data\processed\wet\Middle-Neck_3-19_v3.wav,0.7011411313835769,0.17438578158391865,1.838717014967007,0.29634807688058074,0.7011411313835769,0.2906429693065311,0.2974926699926682,0.29634807688058074
Middle-Neck_3-19,..\data\processed\wet\Middle-Neck_3-19_v4.wav,0.7255682475599482,0.13789562507552164,0.504076258607406,0.7152368534826331,0.7255682475599482,0.22982604179253607,0.0009058352460902253,0.7152368534826331
Middle-Neck_3-2,..\data\processed\wet\Middle-Neck_3-2_v0.wav,0.17118474383512527,0.06268943718470078,1.5688225426732707,0.379900522322704,0.17118474383512527,0.10448239530783464,0.23751612059406016,0.379900522322704
Middle-Neck_3-2,..\data\processed\wet\Middle-Neck_3-2_v1.wav,0.4759063274732007,0.026742024427578493,4.867579996823122,0.7160630534195581,0.4759063274732007,0.04457004071263082,0.9705733326273605,0.7160630534195581
Middle-Neck_3-2,..\data\processed\wet\Middle-Neck_3-2_v2.wav,0.32319406532433614,0.19121835437123838,2.5184414721580675,0.626244822763033,0.32319406532433614,0.31869725728539733,0.44854254936845944,0.626244822763033
Middle-Neck_3-2,..\data\processed\wet\Middle-Neck_3-2_v3.wav,0.14637306658896776,0.11335788825897139,4.367455622750979,0.25625492388907256,0.14637306658896776,0.18892981376495233,0.859434582833551,0.25625492388907256
Middle-Neck_3-2,..\data\processed\wet\Middle-Neck_3-2_v4.wav,0.38019499797517753,0.5227631105700702,3.484165232299201,0.34171187934168834,0.38019499797517753,0.871271850950117,0.6631478293998225,0.34171187934168834
Middle-Neck_3-20,..\data\processed\wet\Middle-Neck_3-20_v0.wav,0.6836995457246208,0.011809929228848225,3.8103919700511435,0.4870160405162395,0.6836995457246208,0.01968321538141371,0.7356426600113652,0.4870160405162395
Middle-Neck_3-20,..\data\processed\wet\Middle-Neck_3-20_v1.wav,0.8131821472844613,0.572782591203881,4.666048472725557,0.9092650434553408,0.8131821472844613,0.9546376520064683,0.9257885494945683,0.9092650434553408
Middle-Neck_3-20,..\data\processed\wet\Middle-Neck_3-20_v2.wav,0.5121699559338871,0.21608526848336282,2.5926589612880275,0.6898960033133608,0.5121699559338871,0.36014211413893804,0.46503532473067277,0.6898960033133608
Middle-Neck_3-20,..\data\processed\wet\Middle-Neck_3-20_v3.wav,0.8839977768711867,0.12419178180007173,4.631869213077664,0.8151802319698891,0.8839977768711867,0.20698630300011955,0.9181931584617031,0.8151802319698891
Middle-Neck_3-20,..\data\processed\wet\Middle-Neck_3-20_v4.wav,0.9788560151782346,0.5281510639690122,1.75971798361358,0.10595591134404769,0.9788560151782346,0.8802517732816871,0.27993732969190666,0.10595591134404769
Middle-Neck_3-21,..\data\processed\wet\Middle-Neck_3-21_v0.wav,0.11224107199158861,0.17473399114696567,3.2638267579304268,0.8043203260971725,0.11224107199158861,0.2912233185782761,0.6141837239845392,0.8043203260971725
Middle-Neck_3-21,..\data\processed\wet\Middle-Neck_3-21_v1.wav,0.8992503069815647,0.37425203062153967,0.5253409073662418,0.1863167765185335,0.8992503069815647,0.6237533843692328,0.005631312748053742,0.1863167765185335
Middle-Neck_3-21,..\data\processed\wet\Middle-Neck_3-21_v2.wav,0.09972620385336795,0.217994685341406,2.756079471351857,0.04339717857856085,0.09972620385336795,0.36332447556901004,0.5013509936337459,0.04339717857856085
Middle-Neck_3-21,..\data\processed\wet\Middle-Neck_3-21_v3.wav,0.3484779757956553,0.10750780477519355,3.4118157481649325,0.46427236932434,0.3484779757956553,0.17917967462532258,0.6470701662588739,0.46427236932434
Middle-Neck_3-21,..\data\processed\wet\Middle-Neck_3-21_v4.wav,0.4953176469339088,0.2566150728200766,4.802088697189552,0.21473512512156323,0.4953176469339088,0.42769178803346103,0.9560197104865671,0.21473512512156323
Middle-Neck_3-22,..\data\processed\wet\Middle-Neck_3-22_v0.wav,0.5166642598438743,0.44161042101920156,3.0057998591055317,0.9290208857168011,0.5166642598438743,0.7360173683653359,0.5568444131345626,0.9290208857168011
Middle-Neck_3-22,..\data\processed\wet\Middle-Neck_3-22_v1.wav,0.37796835564128417,0.2782054834639068,0.8983504184662778,0.6089991110519285,0.37796835564128417,0.46367580577317796,0.0885223152147284,0.6089991110519285
Middle-Neck_3-22,..\data\processed\wet\Middle-Neck_3-22_v2.wav,0.28821196844810604,0.09618542370934131,2.9503908180702862,0.5323102633799106,0.28821196844810604,0.16030903951556885,0.5445312929045081,0.5323102633799106
Middle-Neck_3-22,..\data\processed\wet\Middle-Neck_3-22_v3.wav,0.07587164122404755,0.4189292720966837,3.306974857928838,0.1890172827464972,0.07587164122404755,0.6982154534944728,0.6237721906508529,0.1890172827464972
Middle-Neck_3-22,..\data\processed\wet\Middle-Neck_3-22_v4.wav,0.46943486215404384,0.43219374988713594,2.8824608324357444,0.3954890761835702,0.46943486215404384,0.72032291647856,0.5294357405412765,0.3954890761835702
Middle-Neck_3-3,..\data\processed\wet\Middle-Neck_3-3_v0.wav,0.32233845808094364,0.36623631998643214,4.725989142396083,0.6717448404774834,0.32233845808094364,0.6103938666440536,0.9391086983102406,0.6717448404774834
Middle-Neck_3-3,..\data\processed\wet\Middle-Neck_3-3_v1.wav,0.0747459036363155,0.2764109840892803,4.508708591797824,0.09446242580108688,0.0747459036363155,0.46068497348213383,0.8908241315106274,0.09446242580108688
Middle-Neck_3-3,..\data\processed\wet\Middle-Neck_3-3_v2.wav,0.9888757121375433,0.5694416361872527,0.8522351632844414,0.9334133204495549,0.9888757121375433,0.9490693936454213,0.07827448072987586,0.9334133204495549
Middle-Neck_3-3,..\data\processed\wet\Middle-Neck_3-3_v3.wav,0.3631325902594622,0.5068255002455175,2.3827250197097216,0.44085511270251587,0.3631325902594622,0.8447091670758626,0.41838333771327146,0.44085511270251587
Middle-Neck_3-3,..\data\processed\wet\Middle-Neck_3-3_v4.wav,0.6342430909775426,0.46468645156558996,0.6520511792671189,0.5931559955271343,0.6342430909775426,0.7744774192759833,0.033789150948248636,0.5931559955271343
Middle-Neck_3-4,..\data\processed\wet\Middle-Neck_3-4_v0.wav,0.18673299409737099,0.20756971071792177,2.0658589976984745,0.4690603402211536,0.18673299409737099,0.34594951786320294,0.34796866615521654,0.4690603402211536
Middle-Neck_3-4,..\data\processed\wet\Middle-Neck_3-4_v1.wav,0.3341364118761734,0.06441667107040065,1.1553293233645314,0.03343798556109767,0.3341364118761734,0.10736111845066776,0.14562873852545144,0.03343798556109767
Middle-Neck_3-4,..\data\processed\wet\Middle-Neck_3-4_v2.wav,0.4702490853287543,0.572668616911793,1.0205385064165244,0.946264493003082,0.4702490853287543,0.9544476948529884,0.11567522364811654,0.946264493003082
Middle-Neck_3-4,..\data\processed\wet\Middle-Neck_3-4_v3.wav,0.7333615147320935,0.3824992817604979,3.403749898956033,0.8267276483962821,0.7333615147320935,0.6374988029341632,0.6452777553235629,0.8267276483962821
Middle-Neck_3-4,..\data\processed\wet\Middle-Neck_3-4_v4.wav,0.10691986437982137,0.302852594139325,3.6369101221734135,0.5868204450735637,0.10691986437982137,0.5047543235655417,0.6970911382607585,0.5868204450735637
Middle-Neck_3-5,..\data\processed\wet\Middle-Neck_3-5_v0.wav,0.8327790710232946,0.0433630254068109,3.6081546777462465,0.5340277303847177,0.8327790710232946,0.07227170901135149,0.690701039499166,0.5340277303847177
Middle-Neck_3-5,..\data\processed\wet\Middle-Neck_3-5_v1.wav,0.3791608639799434,0.20416498934041852,3.293746847483868,0.8909953746442648,0.3791608639799434,0.34027498223403085,0.6208326327741929,0.8909953746442648
Middle-Neck_3-5,..\data\processed\wet\Middle-Neck_3-5_v2.wav,0.49617592610111527,0.49483389844615205,2.309703718297854,0.10239446279317654,0.49617592610111527,0.8247231640769201,0.4021563818439675,0.10239446279317654
Middle-Neck_3-5,..\data\processed\wet\Middle-Neck_3-5_v3.wav,0.06150573645863855,0.030800622794206544,2.210675638809515,0.33723775083584207,0.06150573645863855,0.051334371323677574,0.38015014195766994,0.33723775083584207
Middle-Neck_3-5,..\data\processed\wet\Middle-Neck_3-5_v4.wav,0.7179370236225695,0.44569290095091946,0.7288428597518293,0.22112326288901496,0.7179370236225695,0.7428215015848658,0.05085396883373984,0.22112326288901496
Middle-Neck_3-6,..\data\processed\wet\Middle-Neck_3-6_v0.wav,0.2742618501588997,0.32856719048568567,1.150318507581276,0.13394121940000037,0.2742618501588997,0.5476119841428094,0.14451522390695024,0.13394121940000037
Middle-Neck_3-6,..\data\processed\wet\Middle-Neck_3-6_v1.wav,0.943788889207958,0.48252174437866857,1.3129470594102663,0.40656780790549096,0.943788889207958,0.804202907297781,0.1806549020911703,0.40656780790549096
Middle-Neck_3-6,..\data\processed\wet\Middle-Neck_3-6_v2.wav,0.35562199925756555,0.4746024444392444,2.795958124151549,0.12784973699346702,0.35562199925756555,0.7910040740654073,0.5102129164781221,0.12784973699346702
Middle-Neck_3-6,..\data\processed\wet\Middle-Neck_3-6_v3.wav,0.7389920631562439,0.23813278693495135,1.6831591143446618,0.37549862202072015,0.7389920631562439,0.39688797822491895,0.26292424763214706,0.37549862202072015
Middle-Neck_3-6,..\data\processed\wet\Middle-Neck_3-6_v4.wav,0.49775656360689635,0.20586930985020566,1.5885759766629102,0.39850202880398033,0.49775656360689635,0.34311551641700944,0.24190577259175783,0.39850202880398033
Middle-Neck_3-7,..\data\processed\wet\Middle-Neck_3-7_v0.wav,0.019172910749898242,0.46349870765778833,1.269252021054136,0.043904613630637246,0.019172910749898242,0.7724978460963139,0.1709448935675858,0.043904613630637246
Middle-Neck_3-7,..\data\processed\wet\Middle-Neck_3-7_v1.wav,0.6536986929050792,0.4643616772942033,4.1622310921677945,0.49350918266059995,0.6536986929050792,0.7739361288236722,0.8138291315928432,0.49350918266059995
Middle-Neck_3-7,..\data\processed\wet\Middle-Neck_3-7_v2.wav,0.2053681846899853,0.442336606349896,3.6487088471945173,0.24627073410317324,0.2053681846899853,0.7372276772498267,0.6997130771543372,0.24627073410317324
Middle-Neck_3-7,..\data\processed\wet\Middle-Neck_3-7_v3.wav,0.903407755862793,0.06262287484969739,4.922097078160966,0.8602478109774646,0.903407755862793,0.104371458082829,0.9826882395913257,0.8602478109774646
Middle-Neck_3-7,..\data\processed\wet\Middle-Neck_3-7_v4.wav,0.6878986454790752,0.5632499329678997,3.7504002574566853,0.19045699703004593,0.6878986454790752,0.9387498882798329,0.7223111683237078,0.19045699703004593
Middle-Neck_3-8,..\data\processed\wet\Middle-Neck_3-8_v0.wav,0.44215613811281174,0.042901814598981215,2.2534584002965192,0.7416030197372087,0.44215613811281174,0.07150302433163536,0.3896574222881154,0.7416030197372087
Middle-Neck_3-8,..\data\processed\wet\Middle-Neck_3-8_v1.wav,0.3864433509308174,0.19817650528088046,3.1791007512964033,0.872204528998895,0.3864433509308174,0.3302941754681341,0.5953557225103119,0.872204528998895
Middle-Neck_3-8,..\data\processed\wet\Middle-Neck_3-8_v2.wav,0.04758319254611243,0.23128226081984124,1.2120833381686822,0.6953542507318696,0.04758319254611243,0.3854704346997354,0.1582407418152627,0.6953542507318696
Middle-Neck_3-8,..\data\processed\wet\Middle-Neck_3-8_v3.wav,0.10572456043113487,0.3988846551481467,1.787813918590583,0.1989168137372247,0.10572456043113487,0.6648077585802445,0.2861808707979073,0.1989168137372247
Middle-Neck_3-8,..\data\processed\wet\Middle-Neck_3-8_v4.wav,0.9363525578249854,0.01111474604757352,2.4699977235030603,0.02162699246179378,0.9363525578249854,0.018524576745955867,0.43777727188956894,0.02162699246179378
Middle-Neck_3-9,..\data\processed\wet\Middle-Neck_3-9_v0.wav,0.483593048104329,0.3006284266766509,1.9474811212763616,0.13216177752502367,0.483593048104329,0.5010473777944182,0.321662471394747,0.13216177752502367
Middle-Neck_3-9,..\data\processed\wet\Middle-Neck_3-9_v1.wav,0.3763875377344753,0.4033577639595396,4.020781138900066,0.5307506023881423,0.3763875377344753,0.672262939932566,0.7823958086444591,0.5307506023881423
Middle-Neck_3-9,..\data\processed\wet\Middle-Neck_3-9_v2.wav,0.5898343944397556,0.12036982267479161,1.7929864995244225,0.16189561005235842,0.5898343944397556,0.2006163711246527,0.28733033322764945,0.16189561005235842
Middle-Neck_3-9,..\data\processed\wet\Middle-Neck_3-9_v3.wav,0.24929535000461134,0.13493206813531905,2.837519538760569,0.5626887557907294,0.24929535000461134,0.22488678022553177,0.5194487863912376,0.5626887557907294
Middle-Neck_3-9,..\data\processed\wet\Middle-Neck_3-9_v4.wav,0.9449474208215045,0.11734238826091382,3.3875406957267318,0.8172592689875229,0.9449474208215045,0.19557064710152305,0.6416757101614959,0.8172592689875229
Middle-Neck_4-0,..\data\processed\wet\Middle-Neck_4-0_v0.wav,0.5602414637830525,0.15300219150064542,1.681476035090001,0.03925305307099991,0.5602414637830525,0.2550036525010757,0.2625502300200002,0.03925305307099991
Middle-Neck_4-0,..\data\processed\wet\Middle-Neck_4-0_v1.wav,0.3054442265484817,0.44676220740202804,0.7138299074319967,0.21929528250483066,0.3054442265484817,0.7446036790033801,0.04751775720711038,0.21929528250483066
Middle-Neck_4-0,..\data\processed\wet\Middle-Neck_4-0_v2.wav,0.7062324985317819,0.46959093769372595,2.548932845278678,0.6980743384786489,0.7062324985317819,0.7826515628228766,0.4553184100619284,0.6980743384786489
Middle-Neck_4-0,..\data\processed\wet\Middle-Neck_4-0_v3.wav,0.387952168654892,0.09594794701447651,2.2916727208530796,0.5799678202031429,0.387952168654892,0.15991324502412751,0.3981494935229066,0.5799678202031429
Middle-Neck_4-0,..\data\processed\wet\Middle-Neck_4-0_v4.wav,0.9480532818528903,0.04125057125320639,2.7832734223023228,0.3289197782107244,0.9480532818528903,0.06875095208867732,0.5073940938449606,0.3289197782107244
Middle-Neck_4-1,..\data\processed\wet\Middle-Neck_4-1_v0.wav,0.5083116942766945,0.014385268425919006,1.908614096157116,0.819868147527005,0.5083116942766945,0.023975447376531678,0.3130253547015813,0.819868147527005
Middle-Neck_4-1,..\data\processed\wet\Middle-Neck_4-1_v1.wav,0.5539417338546375,0.2703494956896704,1.7848628227190282,0.2980425227913559,0.5539417338546375,0.4505824928161174,0.2855250717153396,0.2980425227913559
Middle-Neck_4-1,..\data\processed\wet\Middle-Neck_4-1_v2.wav,0.38310143359058446,0.5013424259787362,4.852459430637207,0.4386553813503745,0.38310143359058446,0.8355707099645604,0.9672132068082683,0.4386553813503745
Middle-Neck_4-1,..\data\processed\wet\Middle-Neck_4-1_v3.wav,0.39335283874776183,0.5079304654919177,2.4210739428633663,0.5520181722956512,0.39335283874776183,0.8465507758198628,0.4269053206363036,0.5520181722956512
Middle-Neck_4-1,..\data\processed\wet\Middle-Neck_4-1_v4.wav,0.23094166459874443,0.44610152146744514,2.8939474322185186,0.8090345502403417,0.23094166459874443,0.7435025357790752,0.5319883182707819,0.8090345502403417
Middle-Neck_4-10,..\data\processed\wet\Middle-Neck_4-10_v0.wav,0.7807327300286697,0.12900286096201713,3.720359977509931,0.8000544079513714,0.7807327300286697,0.21500476827002857,0.7156355505577624,0.8000544079513714
Middle-Neck_4-10,..\data\processed\wet\Middle-Neck_4-10_v1.wav,0.3461072407823951,0.10356546774136473,0.5118447001081468,0.45090365309314817,0.3461072407823951,0.17260911290227454,0.002632155579588168,0.45090365309314817
Middle-Neck_4-10,..\data\processed\wet\Middle-Neck_4-10_v2.wav,0.3524327315388416,0.33294590029524535,1.3461849166495359,0.8596655476664752,0.3524327315388416,0.5549098338254089,0.18804109258878576,0.8596655476664752
Middle-Neck_4-10,..\data\processed\wet\Middle-Neck_4-10_v3.wav,0.25775521562810966,0.13585776305258998,2.6632132541796016,0.49885102374427426,0.25775521562810966,0.22642960508764998,0.48071405648435594,0.49885102374427426
Middle-Neck_4-10,..\data\processed\wet\Middle-Neck_4-10_v4.wav,0.21508522878509284,0.16311643603554946,1.2636735761986022,0.7184601783231668,0.21508522878509284,0.27186072672591577,0.16970523915524494,0.7184601783231668
Middle-Neck_4-11,..\data\processed\wet\Middle-Neck_4-11_v0.wav,0.7700890312540819,0.27739709847556954,3.7133916020825786,0.7359353919374455,0.7700890312540819,0.46232849745928256,0.7140870226850174,0.7359353919374455
Middle-Neck_4-11,..\data\processed\wet\Middle-Neck_4-11_v1.wav,0.1382755276778086,0.5797068149007221,4.194643761933939,0.2044834611958235,0.1382755276778086,0.9661780248345369,0.8210319470964309,0.2044834611958235
Middle-Neck_4-11,..\data\processed\wet\Middle-Neck_4-11_v2.wav,0.18616503574607024,0.07539668734774964,1.1227035314386327,0.7481617990286962,0.18616503574607024,0.12566114557958274,0.13837856254191838,0.7481617990286962
Middle-Neck_4-11,..\data\processed\wet\Middle-Neck_4-11_v3.wav,0.46965425695162355,0.4697605036439203,3.858147024575924,0.6046127135052216,0.46965425695162355,0.7829341727398672,0.7462548943502054,0.6046127135052216
Middle-Neck_4-11,..\data\processed\wet\Middle-Neck_4-11_v4.wav,0.6863666065786795,0.011013434627485075,1.902999410622599,0.6378221792594102,0.6863666065786795,0.01835572437914179,0.31177764680502196,0.6378221792594102
Middle-Neck_4-12,..\data\processed\wet\Middle-Neck_4-12_v0.wav,0.0093449534862442,0.019786166209556044,4.333495921116724,0.6840248616920718,0.0093449534862442,0.03297694368259341,0.8518879824703832,0.6840248616920718
Middle-Neck_4-12,..\data\processed\wet\Middle-Neck_4-12_v1.wav,0.26536973312034395,0.4127777040712254,4.066055011126685,0.30679428311010126,0.26536973312034395,0.687962840118709,0.7924566691392633,0.30679428311010126
Middle-Neck_4-12,..\data\processed\wet\Middle-Neck_4-12_v2.wav,0.03603737749918745,0.5596674748126407,2.0533092723303374,0.10648176328470638,0.03603737749918745,0.9327791246877345,0.34517983829563054,0.10648176328470638
Middle-Neck_4-12,..\data\processed\wet\Middle-Neck_4-12_v3.wav,0.4918568713931474,0.46108067739848024,1.4974129157790161,0.26949005013336336,0.4918568713931474,0.7684677956641338,0.22164731461755915,0.26949005013336336
Middle-Neck_4-12,..\data\processed\wet\Middle-Neck_4-12_v4.wav,0.24271498679858317,0.5950038316990068,1.3883168017874414,0.575520216966124,0.24271498679858317,0.9916730528316781,0.19740373373054254,0.575520216966124
Middle-Neck_4-13,..\data\processed\wet\Middle-Neck_4-13_v0.wav,0.9252646416569643,0.08813794132666754,4.868843890404651,0.9474772343956246,0.9252646416569643,0.14689656887777924,0.9708541978677003,0.9474772343956246
Middle-Neck_4-13,..\data\processed\wet\Middle-Neck_4-13_v1.wav,0.8845719870582626,0.12873391279800134,3.353247752049425,0.7608914729612402,0.8845719870582626,0.21455652133000225,0.6340550560109833,0.7608914729612402
Middle-Neck_4-13,..\data\processed\wet\Middle-Neck_4-13_v2.wav,0.9860279281964297,0.10825429324882226,3.947116547836834,0.33880116992711296,0.9860279281964297,0.18042382208137042,0.7660258995192964,0.33880116992711296
Middle-Neck_4-13,..\data\processed\wet\Middle-Neck_4-13_v3.wav,0.17562646556800232,0.25282616472831293,4.072261604668774,0.46484980370405216,0.17562646556800232,0.4213769412138549,0.7938359121486164,0.46484980370405216
Middle-Neck_4-13,..\data\processed\wet\Middle-Neck_4-13_v4.wav,0.5375231002030485,0.5970956461200727,2.295991848008417,0.6154007547092398,0.5375231002030485,0.9951594102001212,0.399109299557426,0.6154007547092398
Middle-Neck_4-14,..\data\processed\wet\Middle-Neck_4-14_v0.wav,0.36524420161537186,0.23567138779722296,3.6303833905043366,0.9378869760948835,0.36524420161537186,0.39278564632870494,0.6956407534454081,0.9378869760948835
Middle-Neck_4-14,..\data\processed\wet\Middle-Neck_4-14_v1.wav,0.5423589504923214,0.4610399573692679,0.9014295146763371,0.21115803743192696,0.5423589504923214,0.7683999289487798,0.08920655881696381,0.21115803743192696
Middle-Neck_4-14,..\data\processed\wet\Middle-Neck_4-14_v2.wav,0.5021316409195324,0.012007034177264874,1.6378474044315146,0.5174012898249661,0.5021316409195324,0.02001172362877479,0.2528549787625588,0.5174012898249661
Middle-Neck_4-14,..\data\processed\wet\Middle-Neck_4-14_v3.wav,0.014961198256300712,0.15872777173562502,2.8131386876414126,0.5731492479812457,0.014961198256300712,0.2645462862260417,0.5140308194758695,0.5731492479812457
Middle-Neck_4-14,..\data\processed\wet\Middle-Neck_4-14_v4.wav,0.9257516930553055,0.3872073739503647,2.366311111384972,0.9303511771330678,0.9257516930553055,0.6453456232506078,0.41473580252999376,0.9303511771330678
Middle-Neck_4-15,..\data\processed\wet\Middle-Neck_4-15_v0.wav,0.7848829833877943,0.12000535266764856,1.088790626069689,0.675811635742733,0.7848829833877943,0.2000089211127476,0.13084236134881977,0.675811635742733
Middle-Neck_4-15,..\data\processed\wet\Middle-Neck_4-15_v1.wav,0.5598831655769838,0.4738041682756534,3.824622725354089,0.625211533857515,0.5598831655769838,0.7896736137927557,0.7388050500786865,0.625211533857515
Middle-Neck_4-15,..\data\processed\wet\Middle-Neck_4-15_v2.wav,0.9863821716288922,0.3201538380662452,1.0089759042577393,0.8282735648159884,0.9863821716288922,0.5335897301104087,0.11310575650171985,0.8282735648159884
Middle-Neck_4-15,..\data\processed\wet\Middle-Neck_4-15_v3.wav,0.251853362345709,0.46638128888635094,4.806981932000231,0.6967955139643413,0.251853362345709,0.7773021481439183,0.9571070960000514,0.6967955139643413
Middle-Neck_4-15,..\data\processed\wet\Middle-Neck_4-15_v4.wav,0.5960301609498011,0.27623170540502434,2.1398443969793144,0.35300475097183626,0.5960301609498011,0.4603861756750406,0.3644098659954032,0.35300475097183626
Middle-Neck_4-16,..\data\processed\wet\Middle-Neck_4-16_v0.wav,0.6363727057095906,0.4507638701626475,3.5533268126798645,0.19841010119356273,0.6363727057095906,0.7512731169377459,0.6785170694844144,0.19841010119356273
Middle-Neck_4-16,..\data\processed\wet\Middle-Neck_4-16_v1.wav,0.4939871801434912,0.4749840433098378,2.640668351850753,0.5366232797354938,0.4939871801434912,0.791640072183063,0.47570407818905625,0.5366232797354938
Middle-Neck_4-16,..\data\processed\wet\Middle-Neck_4-16_v2.wav,0.7711360481708222,0.3967591837590549,2.3420521439707667,0.895412711194219,0.7711360481708222,0.6612653062650915,0.4093449208823926,0.895412711194219
Middle-Neck_4-16,..\data\processed\wet\Middle-Neck_4-16_v3.wav,0.1625670686634786,0.5973098691541948,1.0348366031430674,0.014949971104238902,0.1625670686634786,0.9955164485903247,0.11885257847623719,0.014949971104238902
Middle-Neck_4-16,..\data\processed\wet\Middle-Neck_4-16_v4.wav,0.8900189011487647,0.14697210501957364,3.783648323510244,0.8110153749320693,0.8900189011487647,0.24495350836595609,0.7296996274467209,0.8110153749320693
Middle-Neck_4-17,..\data\processed\wet\Middle-Neck_4-17_v0.wav,0.8589863910321168,0.5949565413985,1.8231786951799958,0.7102433419272591,0.8589863910321168,0.9915942356641666,0.29403971003999907,0.7102433419272591
Middle-Neck_4-17,..\data\processed\wet\Middle-Neck_4-17_v1.wav,0.11539985828082822,0.24408557481410964,4.315872619906656,0.36765804605910835,0.11539985828082822,0.4068092913568494,0.8479716933125903,0.36765804605910835
Middle-Neck_4-17,..\data\processed\wet\Middle-Neck_4-17_v2.wav,0.5910953805356141,0.3022640662347804,3.406781890004203,0.9728943893876949,0.5910953805356141,0.5037734437246341,0.6459515311120451,0.9728943893876949
Middle-Neck_4-17,..\data\processed\wet\Middle-Neck_4-17_v3.wav,0.05573552650140212,0.3443769105009778,4.383629506626281,0.4813827117484275,0.05573552650140212,0.5739615175016297,0.8630287792502848,0.4813827117484275
Middle-Neck_4-17,..\data\processed\wet\Middle-Neck_4-17_v4.wav,0.07852718594157282,0.3363236114500625,1.994332508707192,0.1549417853379359,0.07852718594157282,0.5605393524167709,0.33207389082382044,0.1549417853379359
Middle-Neck_4-18,..\data\processed\wet\Middle-Neck_4-18_v0.wav,0.849034513283473,0.31295970779467297,4.6997438557058,0.8060165046030691,0.849034513283473,0.5215995129911216,0.9332764123790667,0.8060165046030691
Middle-Neck_4-18,..\data\processed\wet\Middle-Neck_4-18_v1.wav,0.6929717937736674,0.00301530201918716,2.4252055548721247,0.1974862816520323,0.6929717937736674,0.005025503365311934,0.42782345663824994,0.1974862816520323
Middle-Neck_4-18,..\data\processed\wet\Middle-Neck_4-18_v2.wav,0.9107979110488678,0.10475039080581616,1.7872702324667848,0.5168367677344992,0.9107979110488678,0.17458398467636027,0.2860600516592855,0.5168367677344992
Middle-Neck_4-18,..\data\processed\wet\Middle-Neck_4-18_v3.wav,0.26336361899807925,0.12591880636747269,3.195946962962386,0.08892952275502386,0.26336361899807925,0.20986467727912114,0.5990993251027524,0.08892952275502386
Middle-Neck_4-18,..\data\processed\wet\Middle-Neck_4-18_v4.wav,0.05816775872092472,0.22334717711164284,3.7429900452853806,0.554806758273948,0.05816775872092472,0.3722452951860714,0.7206644545078623,0.554806758273948
Middle-Neck_4-19,..\data\processed\wet\Middle-Neck_4-19_v0.wav,0.42287646846677884,0.33945093853474945,2.144531680939731,0.9361463354321129,0.42287646846677884,0.5657515642245824,0.36545148465327354,0.9361463354321129
Middle-Neck_4-19,..\data\processed\wet\Middle-Neck_4-19_v1.wav,0.05490489091077433,0.4040348874179011,4.510771991724877,0.8038847087352534,0.05490489091077433,0.6733914790298352,0.8912826648277505,0.8038847087352534
Middle-Neck_4-19,..\data\processed\wet\Middle-Neck_4-19_v2.wav,0.18404103482144674,0.177555809388173,3.7267157241819713,0.08427055918076554,0.18404103482144674,0.29592634898028836,0.7170479387071047,0.08427055918076554
Middle-Neck_4-19,..\data\processed\wet\Middle-Neck_4-19_v3.wav,0.811861699832584,0.4313441667628742,3.7832299215590415,0.10024137026759139,0.811861699832584,0.7189069446047903,0.7296066492353426,0.10024137026759139
Middle-Neck_4-19,..\data\processed\wet\Middle-Neck_4-19_v4.wav,0.7177605448162309,0.40789087513198197,4.239151208698328,0.0415959562564695,0.7177605448162309,0.67981812521997,0.8309224908218505,0.0415959562564695
Middle-Neck_4-2,..\data\processed\wet\Middle-Neck_4-2_v0.wav,0.023110668467792195,0.22380425992713643,1.169547277321188,0.5583844775702219,0.023110668467792195,0.37300709987856073,0.14878828384915288,0.5583844775702219
Middle-Neck_4-2,..\data\processed\wet\Middle-Neck_4-2_v1.wav,0.9173489015067489,0.23488783820040943,4.302276697726718,0.00024087451786647396,0.9173489015067489,0.39147973033401573,0.844950377272604,0.00024087451786647396
Middle-Neck_4-2,..\data\processed\wet\Middle-Neck_4-2_v2.wav,0.1685146434591842,0.01825412379245137,1.9766623123178089,0.9081895956965028,0.1685146434591842,0.030423539654085615,0.32814718051506864,0.9081895956965028
Middle-Neck_4-2,..\data\processed\wet\Middle-Neck_4-2_v3.wav,0.09695212359898775,0.3638458660462802,2.5317317260374987,0.9384682123658125,0.09695212359898775,0.6064097767438004,0.4514959391194442,0.9384682123658125
Middle-Neck_4-2,..\data\processed\wet\Middle-Neck_4-2_v4.wav,0.12251914253709384,0.12721671030133735,0.6329388587517197,0.43393524963137375,0.12251914253709384,0.21202785050222894,0.029541968611493274,0.43393524963137375
Middle-Neck_4-20,..\data\processed\wet\Middle-Neck_4-20_v0.wav,0.2778328995646543,0.5219435603341925,3.222233659389898,0.6140907379757017,0.2778328995646543,0.8699059338903209,0.6049408131977551,0.6140907379757017
Middle-Neck_4-20,..\data\processed\wet\Middle-Neck_4-20_v1.wav,0.5319106968813024,0.0551102023375206,2.5025840767640988,0.9995051897085165,0.5319106968813024,0.091850337229201,0.4450186837253553,0.9995051897085165
Middle-Neck_4-20,..\data\processed\wet\Middle-Neck_4-20_v2.wav,0.8352292908460148,0.5360754325002696,4.204518616609247,0.10304169343098268,0.8352292908460148,0.893459054167116,0.8232263592464995,0.10304169343098268
Middle-Neck_4-20,..\data\processed\wet\Middle-Neck_4-20_v3.wav,0.22744825406479963,0.001872990813845776,1.8657955619515016,0.10860740234649258,0.22744825406479963,0.003121651356409627,0.30351012487811146,0.10860740234649258
Middle-Neck_4-20,..\data\processed\wet\Middle-Neck_4-20_v4.wav,0.472793345301583,0.40627649314434117,4.435273827671347,0.7492171650908982,0.472793345301583,0.6771274885739019,0.8745052950380772,0.7492171650908982
Middle-Neck_4-21,..\data\processed\wet\Middle-Neck_4-21_v0.wav,0.9385855957785052,0.03233897423627328,0.5548092593744365,0.6613381138362127,0.9385855957785052,0.0538982903937888,0.01217983541654144,0.6613381138362127
Middle-Neck_4-21,..\data\processed\wet\Middle-Neck_4-21_v1.wav,0.2893524102222462,0.15210060966346386,1.9889918946220742,0.26979605789236416,0.2893524102222462,0.25350101610577314,0.33088708769379427,0.26979605789236416
Middle-Neck_4-21,..\data\processed\wet\Middle-Neck_4-21_v2.wav,0.5114364063015873,0.2640890683344795,2.8059284811949534,0.6727136115004362,0.5114364063015873,0.4401484472241325,0.5124285513766563,0.6727136115004362
Middle-Neck_4-21,..\data\processed\wet\Middle-Neck_4-21_v3.wav,0.3871305089711483,0.15078461228529408,1.2479024156393546,0.3494741195326255,0.3871305089711483,0.2513076871421568,0.16620053680874547,0.3494741195326255
Middle-Neck_4-21,..\data\processed\wet\Middle-Neck_4-21_v4.wav,0.741806475246172,0.4540229460668817,3.501074240078946,0.2340281753068746,0.741806475246172,0.7567049101114696,0.6669053866842103,0.2340281753068746
Middle-Neck_4-22,..\data\processed\wet\Middle-Neck_4-22_v0.wav,0.5880862458546977,0.3424137969461088,2.679197891493765,0.5499789863838642,0.5880862458546977,0.570689661576848,0.48426619810972554,0.5499789863838642
Middle-Neck_4-22,..\data\processed\wet\Middle-Neck_4-22_v1.wav,0.49179063262366807,0.3392738196444649,3.7197767957950796,0.10962819440343974,0.49179063262366807,0.5654563660741082,0.7155059546211288,0.10962819440343974
Middle-Neck_4-22,..\data\processed\wet\Middle-Neck_4-22_v2.wav,0.7496257521490237,0.08153169007655652,0.7998259928466862,0.9760796862214676,0.7496257521490237,0.1358861501275942,0.06662799841037471,0.9760796862214676
Middle-Neck_4-22,..\data\processed\wet\Middle-Neck_4-22_v3.wav,0.9569917688704415,0.03626192696433843,2.49464048663733,0.18624493829977473,0.9569917688704415,0.06043654494056405,0.4432534414749622,0.18624493829977473
Middle-Neck_4-22,..\data\processed\wet\Middle-Neck_4-22_v4.wav,0.4853448971344181,0.49810634579975244,4.777752986343006,0.6342526534515374,0.4853448971344181,0.8301772429995874,0.9506117747428902,0.6342526534515374
Middle-Neck_4-3,..\data\processed\wet\Middle-Neck_4-3_v0.wav,0.35390566721181704,0.36199533938675904,1.9040058774880264,0.9098236408320604,0.35390566721181704,0.6033255656445984,0.31200130610845034,0.9098236408320604
Middle-Neck_4-3,..\data\processed\wet\Middle-Neck_4-3_v1.wav,0.870400463105837,0.33493905016779657,1.9615951192116223,0.29338967558297835,0.870400463105837,0.558231750279661,0.32479891538036054,0.29338967558297835
Middle-Neck_4-3,..\data\processed\wet\Middle-Neck_4-3_v2.wav,0.03341799470505946,0.4894925106151771,2.526724458675536,0.3251329284002644,0.03341799470505946,0.8158208510252952,0.45038321303900797,0.3251329284002644
Middle-Neck_4-3,..\data\processed\wet\Middle-Neck_4-3_v3.wav,0.4711103549977539,0.49124279427279116,1.0607639346838453,0.8576559882418273,0.4711103549977539,0.818737990454652,0.12461420770752119,0.8576559882418273
Middle-Neck_4-3,..\data\processed\wet\Middle-Neck_4-3_v4.wav,0.897508835108354,0.5680247490203328,2.288695965901825,0.21714040403767187,0.897508835108354,0.9467079150338881,0.3974879924226278,0.21714040403767187
Middle-Neck_4-4,..\data\processed\wet\Middle-Neck_4-4_v0.wav,0.3736408184666985,0.19974725773884197,1.2926926062628703,0.6072666701014879,0.3736408184666985,0.3329120962314033,0.17615391250286005,0.6072666701014879
Middle-Neck_4-4,..\data\processed\wet\Middle-Neck_4-4_v1.wav,0.4766241605086289,0.5194205953944022,0.6444931121692621,0.6438679275551263,0.4766241605086289,0.8657009923240038,0.03210958048205824,0.6438679275551263
Middle-Neck_4-4,..\data\processed\wet\Middle-Neck_4-4_v2.wav,0.7629488785115611,0.4556919415129842,4.487332851929863,0.7290337428294941,0.7629488785115611,0.759486569188307,0.8860739670955251,0.7290337428294941
Middle-Neck_4-4,..\data\processed\wet\Middle-Neck_4-4_v3.wav,0.9278100616476963,0.19959395989253487,2.764442375381944,0.014079663282890675,0.9278100616476963,0.33265659982089146,0.5032094167515431,0.014079663282890675
Middle-Neck_4-4,..\data\processed\wet\Middle-Neck_4-4_v4.wav,0.006957587303291213,0.14407597227091193,0.9536323871258836,0.2602113679357536,0.006957587303291213,0.2401266204515199,0.10080719713908524,0.2602113679357536
Middle-Neck_4-5,..\data\processed\wet\Middle-Neck_4-5_v0.wav,0.1770432945283974,0.017112014903188942,4.591868658827222,0.008223131388891525,0.1770432945283974,0.02852002483864824,0.9093041464060493,0.008223131388891525
Middle-Neck_4-5,..\data\processed\wet\Middle-Neck_4-5_v1.wav,0.7360821443370854,0.09128873215170992,4.6050332989982,0.8927959395898858,0.7360821443370854,0.15214788691951653,0.9122296219996,0.8927959395898858
Middle-Neck_4-5,..\data\processed\wet\Middle-Neck_4-5_v2.wav,0.6539011463692573,0.4033404898803631,0.5240261388635985,0.984871566113602,0.6539011463692573,0.6722341498006051,0.0053391419696885555,0.984871566113602
Middle-Neck_4-5,..\data\processed\wet\Middle-Neck_4-5_v3.wav,0.8778326035758144,0.5370637354380552,3.466600416728924,0.34478692865453653,0.8778326035758144,0.895106225730092,0.6592445370508719,0.34478692865453653
Middle-Neck_4-5,..\data\processed\wet\Middle-Neck_4-5_v4.wav,0.8936486490904808,0.1749101568907154,3.0322019450399127,0.0997309723438824,0.8936486490904808,0.29151692815119234,0.5627115433422029,0.0997309723438824
Middle-Neck_4-6,..\data\processed\wet\Middle-Neck_4-6_v0.wav,0.9219556301327502,0.084462274662728,1.5120356257868326,0.558134158128215,0.9219556301327502,0.14077045777121333,0.22489680573040724,0.558134158128215
Middle-Neck_4-6,..\data\processed\wet\Middle-Neck_4-6_v1.wav,0.7640930002129815,0.37161078356177935,1.5446026076007027,0.0009430425274903342,0.7640930002129815,0.619351305936299,0.23213391280015616,0.0009430425274903342
Middle-Neck_4-6,..\data\processed\wet\Middle-Neck_4-6_v2.wav,0.7571505803074392,0.5911243955466562,4.144609041377407,0.46020661815661534,0.7571505803074392,0.9852073259110937,0.8099131203060905,0.46020661815661534
Middle-Neck_4-6,..\data\processed\wet\Middle-Neck_4-6_v3.wav,0.9037672613991066,0.24590860387101,2.862203379095604,0.47712976739568325,0.9037672613991066,0.40984767311835,0.5249340842434675,0.47712976739568325
Middle-Neck_4-6,..\data\processed\wet\Middle-Neck_4-6_v4.wav,0.44762387266552495,0.4651144615763434,2.870460082712714,0.31671712202521607,0.44762387266552495,0.7751907692939057,0.526768907269492,0.31671712202521607
Middle-Neck_4-7,..\data\processed\wet\Middle-Neck_4-7_v0.wav,0.2581581676584783,0.02264839018046003,3.1243782284737067,0.2299614154010342,0.2581581676584783,0.037747316967433386,0.583195161883046,0.2299614154010342
Middle-Neck_4-7,..\data\processed\wet\Middle-Neck_4-7_v1.wav,0.1481339220163831,0.39229797829660656,3.56544166019697,0.752154892257666,0.1481339220163831,0.6538299638276777,0.6812092578215488,0.752154892257666
Middle-Neck_4-7,..\data\processed\wet\Middle-Neck_4-7_v2.wav,0.5035768963385915,0.5364327631223319,4.713542390292025,0.8073709397924894,0.5035768963385915,0.8940546052038866,0.9363427533982277,0.8073709397924894
Middle-Neck_4-7,..\data\processed\wet\Middle-Neck_4-7_v3.wav,0.6355934820081872,0.1822325721547132,4.923252147290995,0.27413616719193834,0.6355934820081872,0.30372095359118867,0.9829449216202212,0.27413616719193834
Middle-Neck_4-7,..\data\processed\wet\Middle-Neck_4-7_v4.wav,0.20265692199043106,0.26529246827194963,0.7557825682057481,0.9784944646717908,0.20265692199043106,0.44215411378658276,0.05684057071238846,0.9784944646717908
Middle-Neck_4-8,..\data\processed\wet\Middle-Neck_4-8_v0.wav,0.5884335564164248,0.33417125499850514,3.4510832595487395,0.49702364777720665,0.5884335564164248,0.5569520916641753,0.6557962798997199,0.49702364777720665
Middle-Neck_4-8,..\data\processed\wet\Middle-Neck_4-8_v1.wav,0.03206351709454158,0.367386773304238,3.722782446303938,0.41674906062405315,0.03206351709454158,0.6123112888403968,0.7161738769564306,0.41674906062405315
Middle-Neck_4-8,..\data\processed\wet\Middle-Neck_4-8_v2.wav,0.7572955720711929,0.13620077960305235,1.4957446597978281,0.16141698768757395,0.7572955720711929,0.2270012993384206,0.22127659106618403,0.16141698768757395
Middle-Neck_4-8,..\data\processed\wet\Middle-Neck_4-8_v3.wav,0.37199475978916186,0.5082072212334501,4.225604279670789,0.3828242079635038,0.37199475978916186,0.8470120353890835,0.8279120621490643,0.3828242079635038
Middle-Neck_4-8,..\data\processed\wet\Middle-Neck_4-8_v4.wav,0.5891187359802366,0.43248978988494935,1.5854304858261035,0.16814108589474708,0.5891187359802366,0.7208163164749156,0.24120677462802298,0.16814108589474708
Middle-Neck_4-9,..\data\processed\wet\Middle-Neck_4-9_v0.wav,0.972095993212311,0.3705343879257711,4.916370748251487,0.3377559871322291,0.972095993212311,0.6175573132096185,0.9814157218336638,0.3377559871322291
Middle-Neck_4-9,..\data\processed\wet\Middle-Neck_4-9_v1.wav,0.7030316999741315,0.13356218192474262,1.6754007707326082,0.511902121269624,0.7030316999741315,0.22260363654123771,0.26120017127391293,0.511902121269624
Middle-Neck_4-9,..\data\processed\wet\Middle-Neck_4-9_v2.wav,0.3196181255080712,0.10057293830435067,1.6829631589519671,0.03574839446586464,0.3196181255080712,0.16762156384058446,0.262880701989326,0.03574839446586464
Middle-Neck_4-9,..\data\processed\wet\Middle-Neck_4-9_v3.wav,0.7044236214774866,0.29526999425151695,0.9240937988203652,0.1716939931284912,0.7044236214774866,0.4921166570858616,0.09424306640452561,0.1716939931284912
Middle-Neck_4-9,..\data\processed\wet\Middle-Neck_4-9_v4.wav,0.10253453811264401,0.3675556849655259,0.9239466362562221,0.7542823330352161,0.10253453811264401,0.6125928082758765,0.0942103636124938,0.7542823330352161
Middle-Neck_5-0,..\data\processed\wet\Middle-Neck_5-0_v0.wav,0.020510919320391174,0.14962547279753527,4.508000041513582,0.718531318122246,0.020510919320391174,0.24937578799589213,0.8906666758919071,0.718531318122246
Middle-Neck_5-0,..\data\processed\wet\Middle-Neck_5-0_v1.wav,0.07296833292568772,0.49267566269110785,2.7186580469309214,0.8467830271688292,0.07296833292568772,0.8211261044851798,0.49303512154020473,0.8467830271688292
Middle-Neck_5-0,..\data\processed\wet\Middle-Neck_5-0_v2.wav,0.6007397744503934,0.4090998192197152,4.9707570217806865,0.23233554592401817,0.6007397744503934,0.6818330320328587,0.9935015603957081,0.23233554592401817
Middle-Neck_5-0,..\data\processed\wet\Middle-Neck_5-0_v3.wav,0.6239455747613883,0.276192834034439,0.6775337881521115,0.014470641502865034,0.6239455747613883,0.46032139005739836,0.03945195292269145,0.014470641502865034
Middle-Neck_5-0,..\data\processed\wet\Middle-Neck_5-0_v4.wav,0.11922857781785867,0.3894550443231289,3.052233895610265,0.5534295611637274,0.11922857781785867,0.6490917405385481,0.5671630879133922,0.5534295611637274
Middle-Neck_5-1,..\data\processed\wet\Middle-Neck_5-1_v0.wav,0.031856762528260085,0.28158179781600423,4.660802680291378,0.3975918693106466,0.031856762528260085,0.46930299636000705,0.9246228178425285,0.3975918693106466
Middle-Neck_5-1,..\data\processed\wet\Middle-Neck_5-1_v1.wav,0.6249224697884563,0.4678912053738861,4.0276637561384945,0.5192800823952713,0.6249224697884563,0.7798186756231436,0.7839252791418877,0.5192800823952713
Middle-Neck_5-1,..\data\processed\wet\Middle-Neck_5-1_v2.wav,0.8579519454023363,0.23482685601824815,4.499119466531592,0.2402271663955453,0.8579519454023363,0.39137809336374696,0.8886932147847983,0.2402271663955453
Middle-Neck_5-1,..\data\processed\wet\Middle-Neck_5-1_v3.wav,0.28021640699057104,0.031872374519400656,4.080118264440273,0.4170552362327056,0.28021640699057104,0.0531206241990011,0.7955818365422829,0.4170552362327056
Middle-Neck_5-1,..\data\processed\wet\Middle-Neck_5-1_v4.wav,0.22911661391139904,0.13907416656994778,4.5562997355315495,0.8339166004610369,0.22911661391139904,0.23179027761657964,0.9013999412292333,0.8339166004610369
Middle-Neck_5-10,..\data\processed\wet\Middle-Neck_5-10_v0.wav,0.5535308853571833,0.36966648024943266,2.6344650674763095,0.39166654287880887,0.5535308853571833,0.6161108004157211,0.474325570550291,0.39166654287880887
Middle-Neck_5-10,..\data\processed\wet\Middle-Neck_5-10_v1.wav,0.9154768812183315,0.07536762211218125,2.3830105537230257,0.34456190798787534,0.9154768812183315,0.12561270352030207,0.41844678971622795,0.34456190798787534
Middle-Neck_5-10,..\data\processed\wet\Middle-Neck_5-10_v2.wav,0.49815072025114837,0.27457912472710505,2.8350028924298663,0.1399189772269941,0.49815072025114837,0.4576318745451751,0.5188895316510814,0.1399189772269941
Middle-Neck_5-10,..\data\processed\wet\Middle-Neck_5-10_v3.wav,0.5131415015132771,0.1454512883323265,1.3294910704468608,0.06483421878619122,0.5131415015132771,0.24241881388721087,0.18433134898819128,0.06483421878619122
Middle-Neck_5-10,..\data\processed\wet\Middle-Neck_5-10_v4.wav,0.7626525587561409,0.256465152513936,3.319896574902913,0.7275933433047433,0.7626525587561409,0.42744192085655996,0.6266436833117583,0.7275933433047433
Middle-Neck_5-11,..\data\processed\wet\Middle-Neck_5-11_v0.wav,0.6793166653135535,0.28230043145380934,2.2455433802827844,0.3759599096406637,0.6793166653135535,0.4705007190896823,0.3878985289517299,0.3759599096406637
Middle-Neck_5-11,..\data\processed\wet\Middle-Neck_5-11_v1.wav,0.6400487969300563,0.296876612965124,4.321095115948298,0.8747019843267121,0.6400487969300563,0.4947943549418734,0.8491322479885106,0.8747019843267121
Middle-Neck_5-11,..\data\processed\wet\Middle-Neck_5-11_v2.wav,0.17056037800651846,0.08174019092743538,3.336804167161998,0.3012257480622794,0.17056037800651846,0.13623365154572564,0.6304009260359995,0.3012257480622794
Middle-Neck_5-11,..\data\processed\wet\Middle-Neck_5-11_v3.wav,0.01857071876509886,0.5331856016177731,1.521053452597137,0.9292806516858091,0.01857071876509886,0.8886426693629551,0.22690076724380825,0.9292806516858091
Middle-Neck_5-11,..\data\processed\wet\Middle-Neck_5-11_v4.wav,0.7174344508782536,0.45759209394689054,1.4065767310692219,0.23419442561681292,0.7174344508782536,0.7626534899114843,0.20146149579316042,0.23419442561681292
Middle-Neck_5-12,..\data\processed\wet\Middle-Neck_5-12_v0.wav,0.5212677538240658,0.10325991158991729,1.8744426170736452,0.32146247794780447,0.5212677538240658,0.17209985264986216,0.3054316926830323,0.32146247794780447
Middle-Neck_5-12,..\data\processed\wet\Middle-Neck_5-12_v1.wav,0.1596299332527641,0.12310970003709644,4.048483289037154,0.16719585454726837,0.1596299332527641,0.20518283339516075,0.7885518420082565,0.16719585454726837
Middle-Neck_5-12,..\data\processed\wet\Middle-Neck_5-12_v2.wav,0.028457391843922486,0.37761296557736307,4.891924037266024,0.3312138146231214,0.028457391843922486,0.6293549426289384,0.9759831193924499,0.3312138146231214
Middle-Neck_5-12,..\data\processed\wet\Middle-Neck_5-12_v3.wav,0.1186557031962523,0.34223239522051846,4.578593949930408,0.7840617798284788,0.1186557031962523,0.5703873253675308,0.9063542110956462,0.7840617798284788
Middle-Neck_5-12,..\data\processed\wet\Middle-Neck_5-12_v4.wav,0.622515868412716,0.18903389796455963,2.93846077974299,0.09124484130425536,0.622515868412716,0.3150564966075994,0.54188017327622,0.09124484130425536
Middle-Neck_5-13,..\data\processed\wet\Middle-Neck_5-13_v0.wav,0.67894542428067,0.4350576113385905,4.842642303094634,0.26039735874507164,0.67894542428067,0.7250960188976509,0.9650316229099187,0.26039735874507164
Middle-Neck_5-13,..\data\processed\wet\Middle-Neck_5-13_v1.wav,0.018456419043022643,0.32736507865629033,3.680557269785665,0.790407475882988,0.018456419043022643,0.5456084644271506,0.7067905043968145,0.790407475882988
Middle-Neck_5-13,..\data\processed\wet\Middle-Neck_5-13_v2.wav,0.1937389330248106,0.15705172142221419,2.8066591637028333,0.33060080997000185,0.1937389330248106,0.26175286903702366,0.5125909252672963,0.33060080997000185
Middle-Neck_5-13,..\data\processed\wet\Middle-Neck_5-13_v3.wav,0.860511486587445,0.2842560922432322,4.098103898459014,0.5806197604823538,0.860511486587445,0.4737601537387203,0.7995786441020031,0.5806197604823538
Middle-Neck_5-13,..\data\processed\wet\Middle-Neck_5-13_v4.wav,0.773090141617112,0.1996037919181943,4.2413747986864,0.2745723155510216,0.773090141617112,0.33267298653032384,0.8314166219303112,0.2745723155510216
Middle-Neck_5-14,..\data\processed\wet\Middle-Neck_5-14_v0.wav,0.5460988080032908,0.12840426790432452,2.63986934731787,0.31817520950870315,0.5460988080032908,0.21400711317387422,0.47552652162619335,0.31817520950870315
Middle-Neck_5-14,..\data\processed\wet\Middle-Neck_5-14_v1.wav,0.26670343063721424,0.5801910108168225,1.2203334746902879,0.7873258374573953,0.26670343063721424,0.9669850180280375,0.16007410548673062,0.7873258374573953
Middle-Neck_5-14,..\data\processed\wet\Middle-Neck_5-14_v2.wav,0.9841649594832149,0.011940890244046697,3.6456233631894275,0.2529118055562871,0.9841649594832149,0.01990148374007783,0.699027414042095,0.2529118055562871
Middle-Neck_5-14,..\data\processed\wet\Middle-Neck_5-14_v3.wav,0.040487824328304445,0.24173374737397846,4.708480145768938,0.011765094366997686,0.040487824328304445,0.4028895789566308,0.9352178101708751,0.011765094366997686
Middle-Neck_5-14,..\data\processed\wet\Middle-Neck_5-14_v4.wav,0.5878856919297817,0.30083788715719456,4.4302287396697135,0.08400171452062566,0.5878856919297817,0.5013964785953243,0.8733841643710475,0.08400171452062566
Middle-Neck_5-15,..\data\processed\wet\Middle-Neck_5-15_v0.wav,0.6815260298866503,0.40806581905996636,3.5108600758802746,0.942334494935037,0.6815260298866503,0.6801096984332773,0.6690800168622832,0.942334494935037
Middle-Neck_5-15,..\data\processed\wet\Middle-Neck_5-15_v1.wav,0.8230875290068804,0.025183635746103605,2.619872828170309,0.3979530562013335,0.8230875290068804,0.04197272624350601,0.47108285070451317,0.3979530562013335
Middle-Neck_5-15,..\data\processed\wet\Middle-Neck_5-15_v2.wav,0.31014722109080206,0.27080203509245837,2.2288738321668986,0.43233389987866533,0.31014722109080206,0.4513367251540973,0.38419418492597746,0.43233389987866533
Middle-Neck_5-15,..\data\processed\wet\Middle-Neck_5-15_v3.wav,0.9792618656086425,0.05317978484974845,4.650038914274284,0.4802367134710267,0.9792618656086425,0.08863297474958076,0.9222308698387298,0.4802367134710267
Middle-Neck_5-15,..\data\processed\wet\Middle-Neck_5-15_v4.wav,0.6237422454995412,0.4981097799706163,2.12208363117165,0.4304219080879669,0.6237422454995412,0.8301829666176939,0.36046302914925554,0.4304219080879669
Middle-Neck_5-16,..\data\processed\wet\Middle-Neck_5-16_v0.wav,0.40951848027871396,0.2248386135214559,4.664881947411027,0.8289298911930121,0.40951848027871396,0.37473102253575985,0.9255293216468949,0.8289298911930121
Middle-Neck_5-16,..\data\processed\wet\Middle-Neck_5-16_v1.wav,0.1089999898629761,0.06487401148625761,2.4254128168384606,0.09865737673280905,0.1089999898629761,0.10812335247709602,0.42786951485299124,0.09865737673280905
Middle-Neck_5-16,..\data\processed\wet\Middle-Neck_5-16_v2.wav,0.6190930952711197,0.08621496435704035,2.850679687850605,0.007219947003717753,0.6190930952711197,0.1436916072617339,0.5223732639668011,0.007219947003717753
Middle-Neck_5-16,..\data\processed\wet\Middle-Neck_5-16_v3.wav,0.3165963484126467,0.40631443420359326,2.678175231025318,0.9782694859989881,0.3165963484126467,0.6771907236726554,0.48403894022784844,0.9782694859989881
Middle-Neck_5-16,..\data\processed\wet\Middle-Neck_5-16_v4.wav,0.8741037960662108,0.2154424674258907,0.7046894366252356,0.8456263001150188,0.8741037960662108,0.3590707790431512,0.045486541472274586,0.8456263001150188
Middle-Neck_5-17,..\data\processed\wet\Middle-Neck_5-17_v0.wav,0.9112343103146714,0.49237643605142206,1.0757747341389419,0.9979151344122877,0.9112343103146714,0.8206273934190368,0.12794994091976486,0.9979151344122877
Middle-Neck_5-17,..\data\processed\wet\Middle-Neck_5-17_v1.wav,0.25858422155277383,0.43452294768502203,4.586156943510747,0.23568711433070944,0.25858422155277383,0.7242049128083701,0.9080348763357216,0.23568711433070944
Middle-Neck_5-17,..\data\processed\wet\Middle-Neck_5-17_v2.wav,0.9082585546770661,0.18568894751692017,4.893859500728253,0.2812600203804746,0.9082585546770661,0.30948157919486696,0.9764132223840561,0.2812600203804746
Middle-Neck_5-17,..\data\processed\wet\Middle-Neck_5-17_v3.wav,0.9534358247578352,0.032126790535604945,3.6917240525141586,0.5321111338370037,0.9534358247578352,0.05354465089267491,0.709272011669813,0.5321111338370037
Middle-Neck_5-17,..\data\processed\wet\Middle-Neck_5-17_v4.wav,0.47787707712273064,0.13409658855350398,3.675181053994214,0.1908094914463071,0.47787707712273064,0.22349431425584,0.705595789776492,0.1908094914463071
Middle-Neck_5-18,..\data\processed\wet\Middle-Neck_5-18_v0.wav,0.5528417959847682,0.15194721782415047,4.8002962090161025,0.028631193835652824,0.5528417959847682,0.2532453630402508,0.9556213797813561,0.028631193835652824
Middle-Neck_5-18,..\data\processed\wet\Middle-Neck_5-18_v1.wav,0.19972828011123656,0.14538636383246864,2.363305215955174,0.23273024187005353,0.19972828011123656,0.24231060638744775,0.4140678257678165,0.23273024187005353
Middle-Neck_5-18,..\data\processed\wet\Middle-Neck_5-18_v2.wav,0.49134909026878526,0.5234793139551234,3.7042853963412687,0.579961980535111,0.49134909026878526,0.872465523258539,0.7120634214091708,0.579961980535111
Middle-Neck_5-18,..\data\processed\wet\Middle-Neck_5-18_v3.wav,0.08900317798267965,0.41639526503356533,1.2488642793992293,0.786367385961698,0.08900317798267965,0.6939921083892756,0.16641428431093985,0.786367385961698
Middle-Neck_5-18,..\data\processed\wet\Middle-Neck_5-18_v4.wav,0.2500567585101532,0.2502292369925405,2.077115910430676,0.8588139146748568,0.2500567585101532,0.4170487283209009,0.35047020231792797,0.8588139146748568
Middle-Neck_5-19,..\data\processed\wet\Middle-Neck_5-19_v0.wav,0.12654445871340814,0.3393869294308732,1.13927724249378,0.7047958361321867,0.12654445871340814,0.5656448823847886,0.14206160944306223,0.7047958361321867
Middle-Neck_5-19,..\data\processed\wet\Middle-Neck_5-19_v1.wav,0.9050781277944812,0.26076459232035204,2.6964151711923914,0.9274228364827622,0.9050781277944812,0.4346076538672534,0.4880922602649759,0.9274228364827622
Middle-Neck_5-19,..\data\processed\wet\Middle-Neck_5-19_v2.wav,0.5209913886493571,0.29255906282973654,3.1024809621693685,0.6892297363629519,0.5209913886493571,0.48759843804956093,0.5783291027043042,0.6892297363629519
Middle-Neck_5-19,..\data\processed\wet\Middle-Neck_5-19_v3.wav,0.10688337508703138,0.4926663166449096,2.4597726235396666,0.07234850989748554,0.10688337508703138,0.821110527741516,0.43550502745325925,0.07234850989748554
Middle-Neck_5-19,..\data\processed\wet\Middle-Neck_5-19_v4.wav,0.7861826691982131,0.22616998301176325,0.9516537279277427,0.6337790395432505,0.7861826691982131,0.3769499716862721,0.10036749509505394,0.6337790395432505
Middle-Neck_5-2,..\data\processed\wet\Middle-Neck_5-2_v0.wav,0.8801313534336417,0.5326521056483918,4.809485636640379,0.867705459766688,0.8801313534336417,0.8877535094139865,0.9576634748089732,0.867705459766688
Middle-Neck_5-2,..\data\processed\wet\Middle-Neck_5-2_v1.wav,0.002140919345475223,0.22814469984803412,4.183441609574764,0.3662530059984742,0.002140919345475223,0.38024116641339023,0.8185425799055032,0.3662530059984742
Middle-Neck_5-2,..\data\processed\wet\Middle-Neck_5-2_v2.wav,0.6015485063797061,0.3637901684247192,2.1426138681747036,0.9044739272812876,0.6015485063797061,0.606316947374532,0.365025304038823,0.9044739272812876
Middle-Neck_5-2,..\data\processed\wet\Middle-Neck_5-2_v3.wav,0.5032283453861176,0.27887052356250047,4.988811855478532,0.49350036407261666,0.5032283453861176,0.4647842059375008,0.9975137456618959,0.49350036407261666
Middle-Neck_5-2,..\data\processed\wet\Middle-Neck_5-2_v4.wav,0.17839825192858105,0.3078416537180628,4.1630753098396855,0.7768603268982814,0.17839825192858105,0.513069422863438,0.8140167355199301,0.7768603268982814
Middle-Neck_5-20,..\data\processed\wet\Middle-Neck_5-20_v0.wav,0.788581765108471,0.42481427039874703,1.643980230800097,0.8620840858402314,0.788581765108471,0.7080237839979118,0.2542178290666882,0.8620840858402314
Middle-Neck_5-20,..\data\processed\wet\Middle-Neck_5-20_v1.wav,0.8934434653762651,0.11649161797112943,1.0870503644812726,0.975604968589112,0.8934434653762651,0.19415269661854906,0.13045563655139392,0.975604968589112
Middle-Neck_5-20,..\data\processed\wet\Middle-Neck_5-20_v2.wav,0.8683239636503679,0.535941688325968,4.4886937308097785,0.5416868240337284,0.8683239636503679,0.8932361472099467,0.8863763846243953,0.5416868240337284
Middle-Neck_5-20,..\data\processed\wet\Middle-Neck_5-20_v3.wav,0.6464017366657997,0.327217711280185,0.7304285713564809,0.7455030853527727,0.6464017366657997,0.5453628521336417,0.051206349190329084,0.7455030853527727
Middle-Neck_5-20,..\data\processed\wet\Middle-Neck_5-20_v4.wav,0.5053320333358803,0.38862544487413786,2.761879122389909,0.49181132232245595,0.5053320333358803,0.6477090747902298,0.5026398049755353,0.49181132232245595
Middle-Neck_5-21,..\data\processed\wet\Middle-Neck_5-21_v0.wav,0.17178910947776682,0.16722822908468937,1.2148371137478011,0.19566629562534243,0.17178910947776682,0.27871371514114895,0.1588526919439558,0.19566629562534243
Middle-Neck_5-21,..\data\processed\wet\Middle-Neck_5-21_v1.wav,0.9729773804203049,0.09186806746331906,1.7117169093734343,0.590589657738585,0.9729773804203049,0.15311344577219843,0.26927042430520765,0.590589657738585
Middle-Neck_5-21,..\data\processed\wet\Middle-Neck_5-21_v2.wav,0.6101785762366418,0.09238447784629744,4.071728416033455,0.785202867912825,0.6101785762366418,0.15397412974382907,0.7937174257852122,0.785202867912825
Middle-Neck_5-21,..\data\processed\wet\Middle-Neck_5-21_v3.wav,0.2373177042038911,0.17319978160527627,4.720945394567736,0.8256714459794781,0.2373177042038911,0.28866630267546045,0.937987865459497,0.8256714459794781
Middle-Neck_5-21,..\data\processed\wet\Middle-Neck_5-21_v4.wav,0.6977970330625238,0.049339932906360316,2.382188364061591,0.559301872076827,0.6977970330625238,0.08223322151060053,0.4182640809025757,0.559301872076827
Middle-Neck_5-22,..\data\processed\wet\Middle-Neck_5-22_v0.wav,0.18741128798377693,0.2689359492649347,3.2046164486991047,0.3273766801153992,0.18741128798377693,0.4482265821082245,0.60102587748869,0.3273766801153992
Middle-Neck_5-22,..\data\processed\wet\Middle-Neck_5-22_v1.wav,0.7809448189504872,0.5042697489832833,1.9562426124533183,0.8386571544924571,0.7809448189504872,0.8404495816388055,0.32360946943407076,0.8386571544924571
Middle-Neck_5-22,..\data\processed\wet\Middle-Neck_5-22_v2.wav,0.10357656610301502,0.5026374591735938,1.1873769425042746,0.08292715250972604,0.10357656610301502,0.8377290986226564,0.1527504316676166,0.08292715250972604
Middle-Neck_5-22,..\data\processed\wet\Middle-Neck_5-22_v3.wav,0.6417754044410112,0.2831624194531766,4.585507701857748,0.3631891960908492,0.6417754044410112,0.4719373657552944,0.9078906004128329,0.3631891960908492
Middle-Neck_5-22,..\data\processed\wet\Middle-Neck_5-22_v4.wav,0.2871522634376287,0.300440943686519,2.551757835958976,0.34442804621718826,0.2871522634376287,0.5007349061441984,0.45594618576866136,0.34442804621718826
Middle-Neck_5-3,..\data\processed\wet\Middle-Neck_5-3_v0.wav,0.6937412986983286,0.45573710034834497,4.338427860635615,0.9728566047103429,0.6937412986983286,0.7595618339139083,0.8529839690301366,0.9728566047103429
Middle-Neck_5-3,..\data\processed\wet\Middle-Neck_5-3_v1.wav,0.26665619213250447,0.4296560894939769,2.2741620597308536,0.6770819719511081,0.26665619213250447,0.7160934824899615,0.39425823549574524,0.6770819719511081
Middle-Neck_5-3,..\data\processed\wet\Middle-Neck_5-3_v2.wav,0.47598169034922033,0.596263861660759,3.7800596110583746,0.9524913004343245,0.47598169034922033,0.9937731027679316,0.7289021357907499,0.9524913004343245
Middle-Neck_5-3,..\data\processed\wet\Middle-Neck_5-3_v3.wav,0.8349695494811857,0.5417406066980226,4.164886387466037,0.4591591303759114,0.8349695494811857,0.9029010111633711,0.8144191972146749,0.4591591303759114
Middle-Neck_5-3,..\data\processed\wet\Middle-Neck_5-3_v4.wav,0.2517884533468844,0.22219210527031333,0.5910630468797771,0.5239931674646672,0.2517884533468844,0.3703201754505222,0.02023623263995046,0.5239931674646672
Middle-Neck_5-4,..\data\processed\wet\Middle-Neck_5-4_v0.wav,0.5050578002704087,0.3151502788982929,4.883140512374287,0.9114540034548393,0.5050578002704087,0.5252504648304882,0.9740312249720637,0.9114540034548393
Middle-Neck_5-4,..\data\processed\wet\Middle-Neck_5-4_v1.wav,0.161712778330108,0.2213295129335335,2.4078028075846785,0.36053291785164776,0.161712778330108,0.3688825215558892,0.42395617946326186,0.36053291785164776
Middle-Neck_5-4,..\data\processed\wet\Middle-Neck_5-4_v2.wav,0.7984959636039131,0.31442260192055216,3.0744491763723127,0.8530135589879255,0.7984959636039131,0.5240376698675869,0.572099816971625,0.8530135589879255
Middle-Neck_5-4,..\data\processed\wet\Middle-Neck_5-4_v3.wav,0.8059281534153586,0.07932691369217981,3.712615628376354,0.43543612890203554,0.8059281534153586,0.1322115228202997,0.7139145840836343,0.43543612890203554
Middle-Neck_5-4,..\data\processed\wet\Middle-Neck_5-4_v4.wav,0.29464890306250047,0.030011292541311806,2.6926230215545295,0.3554366807245314,0.29464890306250047,0.050018820902186345,0.48724956034545097,0.3554366807245314
Middle-Neck_5-5,..\data\processed\wet\Middle-Neck_5-5_v0.wav,0.2515130396764008,0.4168030377581745,3.9626842429201417,0.2447895190294248,0.2515130396764008,0.6946717295969576,0.769485387315587,0.2447895190294248
Middle-Neck_5-5,..\data\processed\wet\Middle-Neck_5-5_v1.wav,0.049447436679347256,0.509251620339141,0.5448188354193649,0.937112493921472,0.049447436679347256,0.848752700565235,0.009959741204303318,0.937112493921472
Middle-Neck_5-5,..\data\processed\wet\Middle-Neck_5-5_v2.wav,0.6276198739827059,0.19310798112079217,1.609150593095313,0.009005664264475244,0.6276198739827059,0.3218466352013203,0.2464779095767362,0.009005664264475244
Middle-Neck_5-5,..\data\processed\wet\Middle-Neck_5-5_v3.wav,0.23547141701087715,0.08263698091028467,3.2547479932541554,0.1665455885938013,0.23547141701087715,0.1377283015171411,0.6121662207231456,0.1665455885938013
Middle-Neck_5-5,..\data\processed\wet\Middle-Neck_5-5_v4.wav,0.5286298375366193,0.35406985340668246,1.8411876425611153,0.035064949018718705,0.5286298375366193,0.5901164223444708,0.2980416983469145,0.035064949018718705
Middle-Neck_5-6,..\data\processed\wet\Middle-Neck_5-6_v0.wav,0.0372538806141961,0.01580839931635056,3.826061002114458,0.31800970481429813,0.0372538806141961,0.026347332193917602,0.7391246671365462,0.31800970481429813
Middle-Neck_5-6,..\data\processed\wet\Middle-Neck_5-6_v1.wav,0.7963001859676636,0.2590396943057095,2.5384914537348373,0.5128826025095737,0.7963001859676636,0.43173282384284917,0.45299810082996383,0.5128826025095737
Middle-Neck_5-6,..\data\processed\wet\Middle-Neck_5-6_v2.wav,0.7130314563751039,0.16410171949782423,1.047143072900871,0.5560573351914615,0.7130314563751039,0.27350286582970706,0.1215873495335269,0.5560573351914615
Middle-Neck_5-6,..\data\processed\wet\Middle-Neck_5-6_v3.wav,0.32697762324273927,0.26549478820082245,3.411260187517874,0.4941257411412706,0.32697762324273927,0.44249131366803746,0.6469467083373054,0.4941257411412706
Middle-Neck_5-6,..\data\processed\wet\Middle-Neck_5-6_v4.wav,0.6202788171008429,0.3265200012681767,3.829083673712446,0.70593661771162,0.6202788171008429,0.5442000021136278,0.7397963719360992,0.70593661771162
Middle-Neck_5-7,..\data\processed\wet\Middle-Neck_5-7_v0.wav,0.5341898918086192,0.40734181251582413,4.431018210226757,0.4322712877881686,0.5341898918086192,0.6789030208597069,0.8735596022726126,0.4322712877881686
Middle-Neck_5-7,..\data\processed\wet\Middle-Neck_5-7_v1.wav,0.41276307274879365,0.4585473725114281,3.121492266688973,0.07100678022258855,0.41276307274879365,0.7642456208523801,0.582553837041994,0.07100678022258855
Middle-Neck_5-7,..\data\processed\wet\Middle-Neck_5-7_v2.wav,0.8921120156910813,0.01846986134258408,3.867783602943844,0.7587941427043129,0.8921120156910813,0.030783102237640133,0.7483963562097431,0.7587941427043129
Middle-Neck_5-7,..\data\processed\wet\Middle-Neck_5-7_v3.wav,0.9531110852819304,0.032480645041392454,3.185855873530209,0.42784057062705294,0.9531110852819304,0.05413440840232076,0.596856860784491,0.42784057062705294
Middle-Neck_5-7,..\data\processed\wet\Middle-Neck_5-7_v4.wav,0.330632954859542,0.05419113617944382,3.0319435385208915,0.47904072567461364,0.330632954859542,0.09031856029907304,0.5626541196713092,0.47904072567461364
Middle-Neck_5-8,..\data\processed\wet\Middle-Neck_5-8_v0.wav,0.10455445815102427,0.36749370425825,3.820789041138223,0.7672783010536482,0.10455445815102427,0.6124895070970834,0.7379531202529385,0.7672783010536482
Middle-Neck_5-8,..\data\processed\wet\Middle-Neck_5-8_v1.wav,0.9053731882624274,0.24568244513326631,4.7888274587996165,0.8654294050826861,0.9053731882624274,0.4094707418887772,0.953072768622137,0.8654294050826861
Middle-Neck_5-8,..\data\processed\wet\Middle-Neck_5-8_v2.wav,0.29650157102393904,0.09556982240967508,2.4592522825760605,0.4018987079559666,0.29650157102393904,0.15928303734945848,0.4353893961280135,0.4018987079559666
Middle-Neck_5-8,..\data\processed\wet\Middle-Neck_5-8_v3.wav,0.5757193053312043,0.3500317393966488,3.8749414297098888,0.5098899482056102,0.5757193053312043,0.583386232327748,0.7499869843799752,0.5098899482056102
Middle-Neck_5-8,..\data\processed\wet\Middle-Neck_5-8_v4.wav,0.10482264094076554,0.5149748013318637,1.8939406243333419,0.971297460306592,0.10482264094076554,0.8582913355531062,0.30976458318518707,0.971297460306592
Middle-Neck_5-9,..\data\processed\wet\Middle-Neck_5-9_v0.wav,0.11786010867977015,0.5749507033395019,0.9095531309713264,0.23103613794705946,0.11786010867977015,0.9582511722325032,0.09101180688251698,0.23103613794705946
Middle-Neck_5-9,..\data\processed\wet\Middle-Neck_5-9_v1.wav,0.04657994208654159,0.42306788798339695,4.326344314573063,0.4340710818159804,0.04657994208654159,0.7051131466389949,0.8502987365717919,0.4340710818159804
Middle-Neck_5-9,..\data\processed\wet\Middle-Neck_5-9_v2.wav,0.9285220750424297,0.35417944305335974,3.3350321095093545,0.8454192017007699,0.9285220750424297,0.5902990717555996,0.6300071354465232,0.8454192017007699
Middle-Neck_5-9,..\data\processed\wet\Middle-Neck_5-9_v3.wav,0.2968002050518389,0.21255943279657546,4.576783636375899,0.9009634960387638,0.2968002050518389,0.3542657213276258,0.9059519191946444,0.9009634960387638
Middle-Neck_5-9,..\data\processed\wet\Middle-Neck_5-9_v4.wav,0.9764827762008709,0.5411029898650026,1.073174162150124,0.8237242861369873,0.9764827762008709,0.901838316441671,0.1273720360333609,0.8237242861369873
Middle-Neck_6-0,..\data\processed\wet\Middle-Neck_6-0_v0.wav,0.40983847810959406,0.5944808135675627,2.625264339479605,0.5538360825022206,0.40983847810959406,0.9908013559459378,0.47228096432880107,0.5538360825022206
Middle-Neck_6-0,..\data\processed\wet\Middle-Neck_6-0_v1.wav,0.5297749152567985,0.19304221791496667,0.8375994000181317,0.8956512304019185,0.5297749152567985,0.3217370298582778,0.07502208889291816,0.8956512304019185
Middle-Neck_6-0,..\data\processed\wet\Middle-Neck_6-0_v2.wav,0.8026758125262868,0.08371606833580156,3.995457221075328,0.62584666605061,0.8026758125262868,0.13952678055966927,0.7767682713500729,0.62584666605061
Middle-Neck_6-0,..\data\processed\wet\Middle-Neck_6-0_v3.wav,0.4091437879176223,0.15241268945733763,4.368779525760046,0.700188259294053,0.4091437879176223,0.2540211490955627,0.8597287835022325,0.700188259294053
Middle-Neck_6-0,..\data\processed\wet\Middle-Neck_6-0_v4.wav,0.5477399094691369,0.36574112033907846,0.9097978193698144,0.4739197609111919,0.5477399094691369,0.6095685338984641,0.09106618208218098,0.4739197609111919
Middle-Neck_6-1,..\data\processed\wet\Middle-Neck_6-1_v0.wav,0.193700292785702,0.12503020740529522,3.4758678302909,0.9112561518342881,0.193700292785702,0.20838367900882537,0.6613039622868667,0.9112561518342881
Middle-Neck_6-1,..\data\processed\wet\Middle-Neck_6-1_v1.wav,0.40375661047834654,0.12464956380731422,3.419361217564944,0.8711870463503177,0.40375661047834654,0.20774927301219037,0.6487469372366542,0.8711870463503177
Middle-Neck_6-1,..\data\processed\wet\Middle-Neck_6-1_v2.wav,0.7483188011224908,0.5212543383219522,2.914496019548597,0.7518762443691909,0.7483188011224908,0.868757230536587,0.5365546710107993,0.7518762443691909
Middle-Neck_6-1,..\data\processed\wet\Middle-Neck_6-1_v3.wav,0.14006455935893647,0.20896476921791488,2.252971240166851,0.5112957462460346,0.14006455935893647,0.3482746153631915,0.38954916448152244,0.5112957462460346
Middle-Neck_6-1,..\data\processed\wet\Middle-Neck_6-1_v4.wav,0.9290763602568237,0.5245779361333045,1.1053647153013304,0.1727896518824632,0.9290763602568237,0.8742965602221742,0.13452549228918453,0.1727896518824632
Middle-Neck_6-10,..\data\processed\wet\Middle-Neck_6-10_v0.wav,0.35764054958891134,0.17444631953440434,3.2664692892031804,0.9027760477645449,0.35764054958891134,0.2907438658906739,0.6147709531562623,0.9027760477645449
Middle-Neck_6-10,..\data\processed\wet\Middle-Neck_6-10_v1.wav,0.9622915416725868,0.3921617715211359,4.27171640630489,0.5252022002307971,0.9622915416725868,0.6536029525352265,0.8381592014010866,0.5252022002307971
Middle-Neck_6-10,..\data\processed\wet\Middle-Neck_6-10_v2.wav,0.20832694686003972,0.31481304725608644,2.99787170646943,0.7424575642135566,0.20832694686003972,0.5246884120934774,0.5550826014376511,0.7424575642135566
Middle-Neck_6-10,..\data\processed\wet\Middle-Neck_6-10_v3.wav,0.2198829897073491,0.22098622925203903,2.1381236114655486,0.9594395957411649,0.2198829897073491,0.3683103820867317,0.36402746921456636,0.9594395957411649
Middle-Neck_6-10,..\data\processed\wet\Middle-Neck_6-10_v4.wav,0.44394496032671893,0.45305638037888785,3.8786512161849758,0.2655441848032414,0.44394496032671893,0.7550939672981465,0.750811381374439,0.2655441848032414
Middle-Neck_6-11,..\data\processed\wet\Middle-Neck_6-11_v0.wav,0.5718696893717321,0.5365817359911889,2.6383897375562726,0.9451175073425461,0.5718696893717321,0.8943028933186481,0.47519771945694944,0.9451175073425461
Middle-Neck_6-11,..\data\processed\wet\Middle-Neck_6-11_v1.wav,0.2144582293241616,0.04449546346441844,4.511542429151372,0.8476811979622166,0.2144582293241616,0.07415910577403073,0.8914538731447492,0.8476811979622166
Middle-Neck_6-11,..\data\processed\wet\Middle-Neck_6-11_v2.wav,0.9925898759338447,0.4076360928674556,4.715095670002173,0.8269490250841108,0.9925898759338447,0.6793934881124261,0.9366879266671495,0.8269490250841108
Middle-Neck_6-11,..\data\processed\wet\Middle-Neck_6-11_v3.wav,0.8444263331200869,0.34148494227256093,2.2206406906251988,0.9345580725432818,0.8444263331200869,0.5691415704542683,0.38236459791671085,0.9345580725432818
Middle-Neck_6-11,..\data\processed\wet\Middle-Neck_6-11_v4.wav,0.43211717561589447,0.3232916203498014,2.507514382063345,0.5648183139601971,0.43211717561589447,0.5388193672496691,0.4461143071251878,0.5648183139601971
Middle-Neck_6-12,..\data\processed\wet\Middle-Neck_6-12_v0.wav,0.4705050789923272,0.028780535147685526,4.469216837034644,0.4443938189157698,0.4705050789923272,0.04796755857947588,0.8820481860076986,0.4443938189157698
Middle-Neck_6-12,..\data\processed\wet\Middle-Neck_6-12_v1.wav,0.5889436485073487,0.08351268165479221,0.5152453159218762,0.24529009364364296,0.5889436485073487,0.13918780275798703,0.0033878479826391483,0.24529009364364296
Middle-Neck_6-12,..\data\processed\wet\Middle-Neck_6-12_v2.wav,0.7045860321333502,0.05951671806772715,4.589993481739105,0.21502256935618458,0.7045860321333502,0.0991945301128786,0.9088874403864678,0.21502256935618458
Middle-Neck_6-12,..\data\processed\wet\Middle-Neck_6-12_v3.wav,0.2045936142917758,0.10890477697289731,0.5629177083711414,0.7718054684782346,0.2045936142917758,0.18150796162149552,0.013981712971364758,0.7718054684782346
Middle-Neck_6-12,..\data\processed\wet\Middle-Neck_6-12_v4.wav,0.8750345312452585,0.3684976215697193,1.3468999175593803,0.28527799694087974,0.8750345312452585,0.6141627026161989,0.1881999816798623,0.28527799694087974
Middle-Neck_6-13,..\data\processed\wet\Middle-Neck_6-13_v0.wav,0.4759266973649633,0.5726075709739805,1.6130811731798427,0.731645903919888,0.4759266973649633,0.9543459516233009,0.2473513718177428,0.731645903919888
Middle-Neck_6-13,..\data\processed\wet\Middle-Neck_6-13_v1.wav,0.4394482232929203,0.17870840901601306,2.551621716599512,0.07120671754123253,0.4394482232929203,0.2978473483600218,0.4559159370221138,0.07120671754123253
Middle-Neck_6-13,..\data\processed\wet\Middle-Neck_6-13_v2.wav,0.7986873709303625,0.14598115678978027,3.764354554368367,0.06834837144819472,0.7986873709303625,0.24330192798296713,0.7254121231929704,0.06834837144819472
Middle-Neck_6-13,..\data\processed\wet\Middle-Neck_6-13_v3.wav,0.9550985561656861,0.11580899124341916,4.472339342931862,0.8094732096154345,0.9550985561656861,0.1930149854056986,0.8827420762070806,0.8094732096154345
Middle-Neck_6-13,..\data\processed\wet\Middle-Neck_6-13_v4.wav,0.967859924081416,0.28673439656744976,3.773287822306782,0.37071065703778405,0.967859924081416,0.4778906609457496,0.7273972938459515,0.37071065703778405
Middle-Neck_6-14,..\data\processed\wet\Middle-Neck_6-14_v0.wav,0.18436823801969382,0.2658455597600693,1.245870569248047,0.9820446227863839,0.18436823801969382,0.4430759329334488,0.16574901538845488,0.9820446227863839
Middle-Neck_6-14,..\data\processed\wet\Middle-Neck_6-14_v1.wav,0.09624649114071637,0.3535270340715722,3.3190873486432517,0.5380795428740542,0.09624649114071637,0.5892117234526204,0.6264638552540559,0.5380795428740542
Middle-Neck_6-14,..\data\processed\wet\Middle-Neck_6-14_v2.wav,0.6621858857118336,0.06970846500713457,2.99758335892381,0.28721257112736154,0.6621858857118336,0.11618077501189095,0.5550185242052911,0.28721257112736154
Middle-Neck_6-14,..\data\processed\wet\Middle-Neck_6-14_v3.wav,0.9401760633010566,0.4572429920638354,4.876315169718842,0.037556069740189546,0.9401760633010566,0.7620716534397257,0.9725144821597426,0.037556069740189546
Middle-Neck_6-14,..\data\processed\wet\Middle-Neck_6-14_v4.wav,0.2851331751807087,0.1172535519830094,0.5501956429032373,0.24232573024632142,0.2851331751807087,0.195422586638349,0.011154587311830512,0.24232573024632142
Middle-Neck_6-15,..\data\processed\wet\Middle-Neck_6-15_v0.wav,0.6787759835204289,0.13865335328074113,2.7905155046717818,0.8878181149649986,0.6787759835204289,0.23108892213456855,0.5090034454826182,0.8878181149649986
Middle-Neck_6-15,..\data\processed\wet\Middle-Neck_6-15_v1.wav,0.6937579203490752,0.23677744194361916,2.1761102251044875,0.45573581400848473,0.6937579203490752,0.39462906990603197,0.3724689389121083,0.45573581400848473
Middle-Neck_6-15,..\data\processed\wet\Middle-Neck_6-15_v2.wav,0.17704144105990638,0.38040046044959286,2.1386876859707247,0.8523653492620437,0.17704144105990638,0.6340007674159881,0.3641528191046055,0.8523653492620437
Middle-Neck_6-15,..\data\processed\wet\Middle-Neck_6-15_v3.wav,0.7565526600578163,0.36630789845529604,2.1389100019228224,0.2099318316734844,0.7565526600578163,0.61051316409216,0.36420222264951607,0.2099318316734844
Middle-Neck_6-15,..\data\processed\wet\Middle-Neck_6-15_v4.wav,0.7761518641056229,0.2918454593946519,1.5113751717981088,0.19517461504000622,0.7761518641056229,0.48640909899108653,0.2247500381773575,0.19517461504000622
Middle-Neck_6-16,..\data\processed\wet\Middle-Neck_6-16_v0.wav,0.16540090450135903,0.46629671772335696,1.5304423338514026,0.5266422635251975,0.16540090450135903,0.777161196205595,0.2289871853003117,0.5266422635251975
Middle-Neck_6-16,..\data\processed\wet\Middle-Neck_6-16_v1.wav,0.45154636097305645,0.34776653953697034,4.447197051670374,0.8677473900817306,0.45154636097305645,0.5796108992282839,0.8771549003711941,0.8677473900817306
Middle-Neck_6-16,..\data\processed\wet\Middle-Neck_6-16_v2.wav,0.45107607182485965,0.009219750440833984,2.4189971257143643,0.6061935374241404,0.45107607182485965,0.015366250734723308,0.4264438057143032,0.6061935374241404
Middle-Neck_6-16,..\data\processed\wet\Middle-Neck_6-16_v3.wav,0.5577647590980618,0.3908016634801233,1.1933407961288758,0.6465350987807326,0.5577647590980618,0.6513361058002055,0.1540757324730835,0.6465350987807326
Middle-Neck_6-16,..\data\processed\wet\Middle-Neck_6-16_v4.wav,0.18265161874377223,0.4503143884180494,2.02589425968206,0.7098954333814536,0.18265161874377223,0.750523980696749,0.33908761326268,0.7098954333814536
Middle-Neck_6-17,..\data\processed\wet\Middle-Neck_6-17_v0.wav,0.04786559890610709,0.244716015354548,3.6726553501849972,0.22687051633149413,0.04786559890610709,0.4078600255909134,0.7050345222633327,0.22687051633149413
Middle-Neck_6-17,..\data\processed\wet\Middle-Neck_6-17_v1.wav,0.7952870447972226,0.3784678398629592,3.1440279746740925,0.3535488542043371,0.7952870447972226,0.630779733104932,0.5875617721497983,0.3535488542043371
Middle-Neck_6-17,..\data\processed\wet\Middle-Neck_6-17_v2.wav,0.4824514703811176,0.35840958058671185,2.626079512617007,0.6983133239405601,0.4824514703811176,0.5973493009778531,0.4724621139148904,0.6983133239405601
Middle-Neck_6-17,..\data\processed\wet\Middle-Neck_6-17_v3.wav,0.43369693310695956,0.12136390904521821,1.4627020226047125,0.005803768842941093,0.43369693310695956,0.20227318174203035,0.21393378280104722,0.005803768842941093
Middle-Neck_6-17,..\data\processed\wet\Middle-Neck_6-17_v4.wav,0.30095771555867246,0.4493505842871118,4.073732189769243,0.20246754209575002,0.30095771555867246,0.7489176404785196,0.7941627088376095,0.20246754209575002
Middle-Neck_6-18,..\data\processed\wet\Middle-Neck_6-18_v0.wav,0.9590439968714077,0.30144167608807604,4.626404370583262,0.7067652818616311,0.9590439968714077,0.5024027934801267,0.9169787490185026,0.7067652818616311
Middle-Neck_6-18,..\data\processed\wet\Middle-Neck_6-18_v1.wav,0.7224334230224131,0.05102617278364267,1.489960071036188,0.008814833294472635,0.7224334230224131,0.08504362130607113,0.21999112689693068,0.008814833294472635
Middle-Neck_6-18,..\data\processed\wet\Middle-Neck_6-18_v2.wav,0.7161276404767375,0.206662973057106,4.039936322343561,0.3389362199370263,0.7161276404767375,0.34443828842851,0.7866525160763468,0.3389362199370263
Middle-Neck_6-18,..\data\processed\wet\Middle-Neck_6-18_v3.wav,0.8193337522988611,0.0784189522489878,1.2801792054087868,0.3408765395839365,0.8193337522988611,0.130698253748313,0.1733731567575082,0.3408765395839365
Middle-Neck_6-18,..\data\processed\wet\Middle-Neck_6-18_v4.wav,0.4084873888822733,0.209221686505787,3.9364116463544896,0.0969513926267147,0.4084873888822733,0.3487028108429784,0.7636470325232199,0.0969513926267147
Middle-Neck_6-19,..\data\processed\wet\Middle-Neck_6-19_v0.wav,0.35121701963848806,0.5023439997092756,0.800586847679774,0.9423435076713574,0.35121701963848806,0.8372399995154594,0.06679707726217199,0.9423435076713574
Middle-Neck_6-19,..\data\processed\wet\Middle-Neck_6-19_v1.wav,0.9863168422720129,0.05314090429504805,1.8107263501508164,0.37240066603535615,0.9863168422720129,0.08856817382508009,0.29127252225573697,0.37240066603535615
Middle-Neck_6-19,..\data\processed\wet\Middle-Neck_6-19_v2.wav,0.7763913686527261,0.3575560872700403,3.3996456522165532,0.757509822818506,0.7763913686527261,0.5959268121167338,0.6443657004925674,0.757509822818506
Middle-Neck_6-19,..\data\processed\wet\Middle-Neck_6-19_v3.wav,0.11797899943702572,0.4999256741461574,3.6752891188106482,0.5773417251963703,0.11797899943702572,0.8332094569102624,0.705619804180144,0.5773417251963703
Middle-Neck_6-19,..\data\processed\wet\Middle-Neck_6-19_v4.wav,0.8897353347830567,0.4201838123302843,1.4076498318396142,0.42974538107566673,0.8897353347830567,0.7003063538838071,0.20169996263102538,0.42974538107566673
Middle-Neck_6-2,..\data\processed\wet\Middle-Neck_6-2_v0.wav,0.4940428669357333,0.03313057605024339,4.7958688101202505,0.12857726079687848,0.4940428669357333,0.055217626750405646,0.9546375133600556,0.12857726079687848
Middle-Neck_6-2,..\data\processed\wet\Middle-Neck_6-2_v1.wav,0.6974612672267269,0.3037386216545281,0.6153451244799016,0.9247474758643617,0.6974612672267269,0.5062310360908802,0.025632249884422587,0.9247474758643617
Middle-Neck_6-2,..\data\processed\wet\Middle-Neck_6-2_v2.wav,0.8518368088189332,0.3145547567423013,1.5302405126275036,0.12162289068009424,0.8518368088189332,0.5242579279038355,0.22894233613944526,0.12162289068009424
Middle-Neck_6-2,..\data\processed\wet\Middle-Neck_6-2_v3.wav,0.3633924794321266,0.15325696862765428,2.7801104045283442,0.966409296123429,0.3633924794321266,0.2554282810460905,0.5066912010062987,0.966409296123429
Middle-Neck_6-2,..\data\processed\wet\Middle-Neck_6-2_v4.wav,0.5749534932296414,0.5339586335340587,3.4289547687309976,0.47524652658720046,0.5749534932296414,0.8899310558900979,0.6508788374957772,0.47524652658720046
Middle-Neck_6-20,..\data\processed\wet\Middle-Neck_6-20_v0.wav,0.8546075627333712,0.2828208661037985,4.408826767296624,0.2915767695757653,0.8546075627333712,0.47136811017299746,0.8686281705103609,0.2915767695757653
Middle-Neck_6-20,..\data\processed\wet\Middle-Neck_6-20_v1.wav,0.12881307376298812,0.513188678617763,3.1433682370670004,0.8890923982489601,0.12881307376298812,0.8553144643629383,0.5874151637926668,0.8890923982489601
Middle-Neck_6-20,..\data\processed\wet\Middle-Neck_6-20_v2.wav,0.9378272069923832,0.0321770342228695,2.7543618583649074,0.37496454907452925,0.9378272069923832,0.05362839037144917,0.5009693018588683,0.37496454907452925
Middle-Neck_6-20,..\data\processed\wet\Middle-Neck_6-20_v3.wav,0.6258583970701171,0.4761547183213941,1.7626559718846604,0.5567983843731716,0.6258583970701171,0.7935911972023235,0.28059021597436895,0.5567983843731716
Middle-Neck_6-20,..\data\processed\wet\Middle-Neck_6-20_v4.wav,0.7087285799048996,0.0806586497014404,4.163301076780701,0.6061095998529731,0.7087285799048996,0.13443108283573402,0.8140669059512669,0.6061095998529731
Middle-Neck_6-21,..\data\processed\wet\Middle-Neck_6-21_v0.wav,0.9495374371136518,0.20371735147841596,0.9866567405173939,0.5065012010369253,0.9495374371136518,0.3395289191306933,0.10814594233719865,0.5065012010369253
Middle-Neck_6-21,..\data\processed\wet\Middle-Neck_6-21_v1.wav,0.08581077170943885,0.581715913994404,0.6740823121573619,0.753503901107308,0.08581077170943885,0.9695265233240068,0.03868495825719154,0.753503901107308
Middle-Neck_6-21,..\data\processed\wet\Middle-Neck_6-21_v2.wav,0.525102398142244,0.2211723914989732,0.796289740288946,0.6221669241736077,0.525102398142244,0.3686206524982887,0.06584216450865465,0.6221669241736077
Middle-Neck_6-21,..\data\processed\wet\Middle-Neck_6-21_v3.wav,0.5852203293909553,0.16852996384055985,4.5959976563464044,0.3041100073428369,0.5852203293909553,0.28088327306759975,0.9102217014103121,0.3041100073428369
Middle-Neck_6-21,..\data\processed\wet\Middle-Neck_6-21_v4.wav,0.44972541059210613,0.3262574735511934,0.9510434517932874,0.9321617192136323,0.44972541059210613,0.5437624559186557,0.1002318781762861,0.9321617192136323
Middle-Neck_6-22,..\data\processed\wet\Middle-Neck_6-22_v0.wav,0.3745361524510411,0.048467528324606164,2.2428102815389845,0.6002025470925807,0.3745361524510411,0.08077921387434361,0.3872911736753299,0.6002025470925807
Middle-Neck_6-22,..\data\processed\wet\Middle-Neck_6-22_v1.wav,0.5136526718213296,0.4167251844223644,0.7496777393055978,0.2845406102720561,0.5136526718213296,0.694541974037274,0.055483942067910616,0.2845406102720561
Middle-Neck_6-22,..\data\processed\wet\Middle-Neck_6-22_v2.wav,0.8192305768401023,0.047936212674816514,4.3496867961318095,0.09189609207710625,0.8192305768401023,0.07989368779136086,0.8554859546959577,0.09189609207710625
Middle-Neck_6-22,..\data\processed\wet\Middle-Neck_6-22_v3.wav,0.8344542148916962,0.216473040647236,3.254940784657471,0.15288711564799817,0.8344542148916962,0.3607884010787267,0.6122090632572158,0.15288711564799817
Middle-Neck_6-22,..\data\processed\wet\Middle-Neck_6-22_v4.wav,0.06616872172518085,0.12956292241208103,1.07534218058913,0.3124058976796318,0.06616872172518085,0.21593820402013505,0.12785381790869554,0.3124058976796318
Middle-Neck_6-3,..\data\processed\wet\Middle-Neck_6-3_v0.wav,0.5143832465110202,0.3532556781390057,4.054406483208843,0.6562398932483586,0.5143832465110202,0.5887594635650095,0.7898681073797429,0.6562398932483586
Middle-Neck_6-3,..\data\processed\wet\Middle-Neck_6-3_v1.wav,0.608758325129553,0.24706921649146477,2.6321379573206243,0.4145208293901811,0.608758325129553,0.41178202748577464,0.47380843496013875,0.4145208293901811
Middle-Neck_6-3,..\data\processed\wet\Middle-Neck_6-3_v2.wav,0.8421660300613831,0.1380002715290399,0.5257441919388408,0.6513198972262393,0.8421660300613831,0.23000045254839985,0.0057209315419646245,0.6513198972262393
Middle-Neck_6-3,..\data\processed\wet\Middle-Neck_6-3_v3.wav,0.2024621836388314,0.5340690817858855,4.365708483679953,0.07672737192820589,0.2024621836388314,0.8901151363098092,0.8590463297066562,0.07672737192820589
Middle-Neck_6-3,..\data\processed\wet\Middle-Neck_6-3_v4.wav,0.10638840541407735,0.29710295534799974,3.241501982462096,0.27490833748224075,0.10638840541407735,0.49517159224666624,0.6092226627693547,0.27490833748224075
Middle-Neck_6-4,..\data\processed\wet\Middle-Neck_6-4_v0.wav,0.7167977166993706,0.3569496125513229,1.961708493868496,0.025371488042315593,0.7167977166993706,0.5949160209188715,0.3248241097485547,0.025371488042315593
Middle-Neck_6-4,..\data\processed\wet\Middle-Neck_6-4_v1.wav,0.7501502812985177,0.1288521994950496,4.255131845581827,0.4202902600542552,0.7501502812985177,0.2147536658250827,0.8344737434626283,0.4202902600542552
Middle-Neck_6-4,..\data\processed\wet\Middle-Neck_6-4_v2.wav,0.5770774426317654,0.5237692382454011,4.38630350413979,0.37151957524357326,0.5770774426317654,0.8729487304090019,0.8636230009199534,0.37151957524357326
Middle-Neck_6-4,..\data\processed\wet\Middle-Neck_6-4_v3.wav,0.20888889271484312,0.4650876466371568,2.4488609162095902,0.1920419935590041,0.20888889271484312,0.7751460777285947,0.4330802036021312,0.1920419935590041
Middle-Neck_6-4,..\data\processed\wet\Middle-Neck_6-4_v4.wav,0.9044253423171502,0.11886251654465242,0.6161322568605399,0.020279973767419968,0.9044253423171502,0.19810419424108738,0.025807168191231078,0.020279973767419968
Middle-Neck_6-5,..\data\processed\wet\Middle-Neck_6-5_v0.wav,0.6223153564542643,0.3970050364305182,1.8996876727564276,0.3200109892470634,0.6223153564542643,0.6616750607175304,0.3110417050569839,0.3200109892470634
Middle-Neck_6-5,..\data\processed\wet\Middle-Neck_6-5_v1.wav,0.33949391505994275,0.40809512805532716,0.7616020596207287,0.9291163526913256,0.33949391505994275,0.6801585467588787,0.0581337910268286,0.9291163526913256
Middle-Neck_6-5,..\data\processed\wet\Middle-Neck_6-5_v2.wav,0.22252104417744645,0.5998039231452553,1.2718521220423415,0.7715464573123775,0.22252104417744645,0.9996732052420922,0.171522693787187,0.7715464573123775
Middle-Neck_6-5,..\data\processed\wet\Middle-Neck_6-5_v3.wav,0.22341254492962503,0.048508080985952384,4.43719995957792,0.8587512591908919,0.22341254492962503,0.08084680164325397,0.8749333243506489,0.8587512591908919
Middle-Neck_6-5,..\data\processed\wet\Middle-Neck_6-5_v4.wav,0.40357039244960136,0.4214376855242561,3.006796697077627,0.8529561136737488,0.40357039244960136,0.7023961425404268,0.5570659326839171,0.8529561136737488
Middle-Neck_6-6,..\data\processed\wet\Middle-Neck_6-6_v0.wav,0.3150559693186544,0.3142034399993911,2.684175670420477,0.35390582625685874,0.3150559693186544,0.5236723999989852,0.48537237120455046,0.35390582625685874
Middle-Neck_6-6,..\data\processed\wet\Middle-Neck_6-6_v1.wav,0.8914550645563722,0.09952675479752128,1.1727888778431326,0.5769095353227514,0.8914550645563722,0.16587792466253548,0.14950863952069612,0.5769095353227514
Middle-Neck_6-6,..\data\processed\wet\Middle-Neck_6-6_v2.wav,0.657494229984942,0.11677155259473909,2.2582284901458083,0.9465638429787437,0.657494229984942,0.19461925432456517,0.39071744225462407,0.9465638429787437
Middle-Neck_6-6,..\data\processed\wet\Middle-Neck_6-6_v3.wav,0.246617422690674,0.4010164212704364,3.8306722716391586,0.44812869946515954,0.246617422690674,0.6683607021173941,0.7401493936975908,0.44812869946515954
Middle-Neck_6-6,..\data\processed\wet\Middle-Neck_6-6_v4.wav,0.937525986759583,0.4419940411312743,2.5606606093740405,0.569335201776094,0.937525986759583,0.7366567352187905,0.4579245798608979,0.569335201776094
Middle-Neck_6-7,..\data\processed\wet\Middle-Neck_6-7_v0.wav,0.6926134434251007,0.3553141082575309,4.454139127217342,0.35688866228040117,0.6926134434251007,0.5921901804292182,0.878697583826076,0.35688866228040117
Middle-Neck_6-7,..\data\processed\wet\Middle-Neck_6-7_v1.wav,0.29988574005580493,0.12830333369715857,0.6700233562906781,0.043013964380055336,0.29988574005580493,0.2138388894952643,0.037782968064595135,0.043013964380055336
Middle-Neck_6-7,..\data\processed\wet\Middle-Neck_6-7_v2.wav,0.8700551931092828,0.4070358878435444,3.4723958694641874,0.614642818934886,0.8700551931092828,0.6783931464059073,0.6605324154364861,0.614642818934886
Middle-Neck_6-7,..\data\processed\wet\Middle-Neck_6-7_v3.wav,0.8492191446941049,0.28816015539937645,4.416848728512352,0.35944502618223917,0.8492191446941049,0.48026692566562745,0.8704108285583003,0.35944502618223917
Middle-Neck_6-7,..\data\processed\wet\Middle-Neck_6-7_v4.wav,0.9267075043390905,0.41919418804874403,1.6572971121099227,0.5640849216886251,0.9267075043390905,0.6986569800812401,0.25717713602442727,0.5640849216886251
Middle-Neck_6-8,..\data\processed\wet\Middle-Neck_6-8_v0.wav,0.5330305614882556,0.08273929303820038,3.1605930758777636,0.31478562371695795,0.5330305614882556,0.13789882173033396,0.5912429057506141,0.31478562371695795
Middle-Neck_6-8,..\data\processed\wet\Middle-Neck_6-8_v1.wav,0.05234876680960243,0.5691936946239389,3.386706660789295,0.876918931870847,0.05234876680960243,0.9486561577065649,0.6414903690642878,0.876918931870847
Middle-Neck_6-8,..\data\processed\wet\Middle-Neck_6-8_v2.wav,0.6760560050132531,0.21419021528406776,2.8070963254796513,0.6757467603471771,0.6760560050132531,0.35698369214011294,0.5126880723288114,0.6757467603471771
Middle-Neck_6-8,..\data\processed\wet\Middle-Neck_6-8_v3.wav,0.9602523252014376,0.15220167547301788,4.437396763808529,0.9240778052942694,0.9602523252014376,0.2536694591216965,0.8749770586241176,0.9240778052942694
Middle-Neck_6-8,..\data\processed\wet\Middle-Neck_6-8_v4.wav,0.6704155146589565,0.5587599764408027,2.290453643648158,0.9530161760404428,0.6704155146589565,0.9312666274013378,0.3978785874773685,0.9530161760404428
Middle-Neck_6-9,..\data\processed\wet\Middle-Neck_6-9_v0.wav,0.7027828771659749,0.02520346045128714,4.580927743185738,0.48447280903319256,0.7027828771659749,0.0420057674188119,0.9068728318190529,0.48447280903319256
Middle-Neck_6-9,..\data\processed\wet\Middle-Neck_6-9_v1.wav,0.46032698477783285,0.33987996358778055,1.1722304604705256,0.46916604856739863,0.46032698477783285,0.5664666059796343,0.14938454677122792,0.46916604856739863
Middle-Neck_6-9,..\data\processed\wet\Middle-Neck_6-9_v2.wav,0.8311272167177457,0.009289475482509201,1.7281272214596708,0.00245458644384422,0.8311272167177457,0.015482459137515336,0.2729171603243713,0.00245458644384422
Middle-Neck_6-9,..\data\processed\wet\Middle-Neck_6-9_v3.wav,0.41571130914984833,0.4369893062962408,4.0944732310158285,0.9451897611270066,0.41571130914984833,0.7283155104937347,0.7987718291146285,0.9451897611270066
Middle-Neck_6-9,..\data\processed\wet\Middle-Neck_6-9_v4.wav,0.6085046129707865,0.15277611999173726,4.658665771115145,0.7753157538803761,0.6085046129707865,0.25462686665289547,0.924147949136699,0.7753157538803761
Neck_1-0,..\data\processed\wet\Neck_1-0_v0.wav,0.5744284830031445,0.41738412943136155,4.659423597533431,0.7123940284729217,0.5744284830031445,0.695640215718936,0.9243163550074291,0.7123940284729217
Neck_1-0,..\data\processed\wet\Neck_1-0_v1.wav,0.368374507584734,0.427816921373458,0.6812517323092454,0.38641556183058123,0.368374507584734,0.7130282022890967,0.04027816273538787,0.38641556183058123
Neck_1-0,..\data\processed\wet\Neck_1-0_v2.wav,0.4063230318455793,0.1001029406525008,0.6038846624829658,0.13338123663774282,0.4063230318455793,0.16683823442083467,0.023085480551770177,0.13338123663774282
Neck_1-0,..\data\processed\wet\Neck_1-0_v3.wav,0.6546214957970551,0.4813732898182125,4.946915717271383,0.3463635031084943,0.6546214957970551,0.8022888163636875,0.988203492726974,0.3463635031084943
Neck_1-0,..\data\processed\wet\Neck_1-0_v4.wav,0.5993792222611017,0.5622869800890732,1.2516880160216868,0.7176455863427427,0.5993792222611017,0.937144966815122,0.16704178133815262,0.7176455863427427
Neck_1-1,..\data\processed\wet\Neck_1-1_v0.wav,0.7549787331491632,0.053385321521603024,4.375622233323792,0.8131050471108439,0.7549787331491632,0.08897553586933837,0.8612493851830649,0.8131050471108439
Neck_1-1,..\data\processed\wet\Neck_1-1_v1.wav,0.033403006577434446,0.054650648928030884,0.7210710225133354,0.3347435317993622,0.033403006577434446,0.09108441488005148,0.04912689389185232,0.3347435317993622
Neck_1-1,..\data\processed\wet\Neck_1-1_v2.wav,0.5092889906799262,0.31940863677277725,1.704500418962492,0.9115968865602742,0.5092889906799262,0.5323477279546288,0.26766675976944265,0.9115968865602742
Neck_1-1,..\data\processed\wet\Neck_1-1_v3.wav,0.3682627898719132,0.0273300935792115,1.8510220019362387,0.5311094225441555,0.3682627898719132,0.0455501559653525,0.30022711154138637,0.5311094225441555
Neck_1-1,..\data\processed\wet\Neck_1-1_v4.wav,0.40822182258823203,0.1643055114595555,1.0909546239394283,0.8191645000962298,0.40822182258823203,0.27384251909925916,0.13132324976431742,0.8191645000962298
Neck_1-10,..\data\processed\wet\Neck_1-10_v0.wav,0.9961452421241919,0.19772528011432924,2.2172946987947175,0.618037524676957,0.9961452421241919,0.32954213352388206,0.3816210441766039,0.618037524676957
Neck_1-10,..\data\processed\wet\Neck_1-10_v1.wav,0.7184414747355413,0.23521772088215476,4.572182826418168,0.5600039892289184,0.7184414747355413,0.39202953480359126,0.9049295169818152,0.5600039892289184
Neck_1-10,..\data\processed\wet\Neck_1-10_v2.wav,0.450390076405931,0.38800365189594305,4.7876173171212795,0.7945522944217055,0.450390076405931,0.6466727531599051,0.9528038482491732,0.7945522944217055
Neck_1-10,..\data\processed\wet\Neck_1-10_v3.wav,0.04001313053512434,0.19938594644397578,2.6174510822805024,0.31451757220910526,0.04001313053512434,0.33230991073995964,0.47054468495122276,0.31451757220910526
Neck_1-10,..\data\processed\wet\Neck_1-10_v4.wav,0.7001875608304565,0.4957614899175486,3.791052928333722,0.9893332868282753,0.7001875608304565,0.826269149862581,0.7313450951852716,0.9893332868282753
Neck_1-11,..\data\processed\wet\Neck_1-11_v0.wav,0.2725476478930291,0.5249936970146528,3.9498019932851878,0.3621787575581461,0.2725476478930291,0.8749894950244214,0.7666226651744862,0.3621787575581461
Neck_1-11,..\data\processed\wet\Neck_1-11_v1.wav,0.7341245436569687,0.06244557385094818,4.052000670532486,0.5323306025871026,0.7341245436569687,0.10407595641824696,0.7893334823405525,0.5323306025871026
Neck_1-11,..\data\processed\wet\Neck_1-11_v2.wav,0.29229017270925317,0.3934663810705081,3.3872899942148407,0.2094862227195997,0.29229017270925317,0.6557773017841801,0.641619998714409,0.2094862227195997
Neck_1-11,..\data\processed\wet\Neck_1-11_v3.wav,0.030397414811526136,0.2601735521410043,3.0628034120498953,0.8766052783705984,0.030397414811526136,0.4336225869016738,0.5695118693444212,0.8766052783705984
Neck_1-11,..\data\processed\wet\Neck_1-11_v4.wav,0.9282167956475944,0.31728313089405985,3.892115676958452,0.43930327232799693,0.9282167956475944,0.5288052181567664,0.7538034837685449,0.43930327232799693
Neck_1-12,..\data\processed\wet\Neck_1-12_v0.wav,0.746082156572893,0.12288091496350015,2.1697913066158914,0.6342279988136148,0.746082156572893,0.20480152493916692,0.3710647348035314,0.6342279988136148
Neck_1-12,..\data\processed\wet\Neck_1-12_v1.wav,0.01815796560707883,0.4334767862033724,4.259909755706751,0.39914166109395144,0.01815796560707883,0.722461310338954,0.8355355012681669,0.39914166109395144
Neck_1-12,..\data\processed\wet\Neck_1-12_v2.wav,0.4479424171771643,0.5107693273299185,3.99044585896715,0.288149489033375,0.4479424171771643,0.8512822122165309,0.7756546353260334,0.288149489033375
Neck_1-12,..\data\processed\wet\Neck_1-12_v3.wav,0.32397610656153897,0.407326939434358,3.0343914160167254,0.16222957109649694,0.32397610656153897,0.6788782323905966,0.5631980924481612,0.16222957109649694
Neck_1-12,..\data\processed\wet\Neck_1-12_v4.wav,0.3099299092291664,0.5399899661271924,3.5967849652501855,0.9859743176855195,0.3099299092291664,0.8999832768786541,0.6881744367222634,0.9859743176855195
Neck_1-13,..\data\processed\wet\Neck_1-13_v0.wav,0.7670125299807694,0.5651846592861541,1.4728485824171393,0.7714848748169257,0.7670125299807694,0.9419744321435902,0.2161885738704754,0.7714848748169257
Neck_1-13,..\data\processed\wet\Neck_1-13_v1.wav,0.02021752014779743,0.40245601302692036,2.611770251541086,0.34676007192006864,0.02021752014779743,0.6707600217115339,0.46928227812024137,0.34676007192006864
Neck_1-13,..\data\processed\wet\Neck_1-13_v2.wav,0.8624043522930891,0.5125606155945184,0.6003576720438961,0.609505122449431,0.8624043522930891,0.8542676926575307,0.022301704898643582,0.609505122449431
Neck_1-13,..\data\processed\wet\Neck_1-13_v3.wav,0.3678322243209564,0.2493966009002695,4.244183326484492,0.3098397715276783,0.3678322243209564,0.41566100150044916,0.8320407392187761,0.3098397715276783
Neck_1-13,..\data\processed\wet\Neck_1-13_v4.wav,0.9430488106376201,0.10778029582328445,3.4822509051568,0.6721050670137647,0.9430488106376201,0.17963382637214076,0.6627224233681778,0.6721050670137647
Neck_1-14,..\data\processed\wet\Neck_1-14_v0.wav,0.2521951614279182,0.1948503653803212,4.2565932166097316,0.7618052549549524,0.2521951614279182,0.324750608967202,0.8347984925799403,0.7618052549549524
Neck_1-14,..\data\processed\wet\Neck_1-14_v1.wav,0.32909588031475956,0.32037392816096033,0.7775613331389295,0.20874588239862923,0.32909588031475956,0.5339565469349339,0.06168029625309544,0.20874588239862923
Neck_1-14,..\data\processed\wet\Neck_1-14_v2.wav,0.4858205588603991,0.051584241167526954,4.294995597013719,0.7180062101076479,0.4858205588603991,0.0859737352792116,0.8433323548919375,0.7180062101076479
Neck_1-14,..\data\processed\wet\Neck_1-14_v3.wav,0.9436336706484948,0.4160801435784163,4.731806175179835,0.554512555690965,0.9436336706484948,0.6934669059640272,0.9404013722621856,0.554512555690965
Neck_1-14,..\data\processed\wet\Neck_1-14_v4.wav,0.6002186110619694,0.5861826327757566,3.3895811608891715,0.0307865688607466,0.6002186110619694,0.976971054626261,0.6421291468642604,0.0307865688607466
Neck_1-15,..\data\processed\wet\Neck_1-15_v0.wav,0.7238027766305233,0.5432812152824493,4.08011112407447,0.5838332726254226,0.7238027766305233,0.9054686921374155,0.7955802497943267,0.5838332726254226
Neck_1-15,..\data\processed\wet\Neck_1-15_v1.wav,0.6713035130935163,0.594115073551003,0.9079793982920225,0.6672448286332395,0.6713035130935163,0.9901917892516717,0.09066208850933832,0.6672448286332395
Neck_1-15,..\data\processed\wet\Neck_1-15_v2.wav,0.2833976945705938,0.384054237951702,3.2343060914777246,0.15345683210816208,0.2833976945705938,0.6400903965861701,0.6076235758839388,0.15345683210816208
Neck_1-15,..\data\processed\wet\Neck_1-15_v3.wav,0.20674664574023915,0.3729777468259281,1.0770347628669836,0.26518087513032285,0.20674664574023915,0.6216295780432135,0.12822994730377413,0.26518087513032285
Neck_1-15,..\data\processed\wet\Neck_1-15_v4.wav,0.8352455477380024,0.19625490360098316,2.696270703213483,0.9411403351458403,0.8352455477380024,0.3270915060016386,0.4880601562696629,0.9411403351458403
Neck_1-16,..\data\processed\wet\Neck_1-16_v0.wav,0.2271490888369463,0.2337756104148062,3.2290599899459553,0.7553389295039722,0.2271490888369463,0.3896260173580104,0.6064577755435456,0.7553389295039722
Neck_1-16,..\data\processed\wet\Neck_1-16_v1.wav,0.9016533867127051,0.5492837925441091,3.9948803346768034,0.22833083659331044,0.9016533867127051,0.9154729875735151,0.776640074372623,0.22833083659331044
Neck_1-16,..\data\processed\wet\Neck_1-16_v2.wav,0.024809330042565803,0.23026435821337427,1.136969829445205,0.7103876474382981,0.024809330042565803,0.3837739303556238,0.14154885098782335,0.7103876474382981
Neck_1-16,..\data\processed\wet\Neck_1-16_v3.wav,0.6611305868257168,0.026382984972872902,4.26467200608928,0.24874326629118226,0.6611305868257168,0.04397164162145484,0.8365937791309511,0.24874326629118226
Neck_1-16,..\data\processed\wet\Neck_1-16_v4.wav,0.4322270754910422,0.40076024127344545,2.43238454083514,0.4412878027999434,0.4322270754910422,0.6679337354557424,0.4294187868522534,0.4412878027999434
Neck_1-17,..\data\processed\wet\Neck_1-17_v0.wav,0.06562799533574037,0.24086612955600228,3.941815519489926,0.9151763371865977,0.06562799533574037,0.4014435492600038,0.7648478932199835,0.9151763371865977
Neck_1-17,..\data\processed\wet\Neck_1-17_v1.wav,0.41349713706337177,0.2541514961274473,3.6618219784564343,0.9427720011052766,0.41349713706337177,0.42358582687907886,0.7026271063236521,0.9427720011052766
Neck_1-17,..\data\processed\wet\Neck_1-17_v2.wav,0.2670609402393602,0.2640865239227621,4.081879595985355,0.6096935693740385,0.2670609402393602,0.44014420653793684,0.7959732435523011,0.6096935693740385
Neck_1-17,..\data\processed\wet\Neck_1-17_v3.wav,0.11058634396395473,0.37663964133735944,1.340358280687971,0.5102159340784042,0.11058634396395473,0.6277327355622657,0.1867462845973269,0.5102159340784042
Neck_1-17,..\data\processed\wet\Neck_1-17_v4.wav,0.5291032676604385,0.5257220173349909,2.5812242330559716,0.2794424222358942,0.5291032676604385,0.8762033622249848,0.46249427401243814,0.2794424222358942
Neck_1-18,..\data\processed\wet\Neck_1-18_v0.wav,0.23096634821603157,0.5245511260106016,1.2695488448820278,0.42586856088314373,0.23096634821603157,0.874251876684336,0.1710108544182284,0.42586856088314373
Neck_1-18,..\data\processed\wet\Neck_1-18_v1.wav,0.187173114926947,0.4639824240686252,2.6346768798857854,0.35114369055681205,0.187173114926947,0.7733040401143754,0.474372639974619,0.35114369055681205
Neck_1-18,..\data\processed\wet\Neck_1-18_v2.wav,0.3610996406264668,0.5113285240337876,2.9919827943249713,0.7178678511312636,0.3610996406264668,0.8522142067229793,0.5537739542944381,0.7178678511312636
Neck_1-18,..\data\processed\wet\Neck_1-18_v3.wav,0.8970385162506845,0.5410450056243852,1.9782907445203841,0.9524512631463853,0.8970385162506845,0.901741676040642,0.32850905433786315,0.9524512631463853
Neck_1-18,..\data\processed\wet\Neck_1-18_v4.wav,0.024875882014605444,0.2261013366096994,4.531094858789787,0.2746368798169829,0.024875882014605444,0.37683556101616567,0.8957988575088416,0.2746368798169829
Neck_1-19,..\data\processed\wet\Neck_1-19_v0.wav,0.27308145032131836,0.1815733710491332,3.25541023181115,0.4383327756143538,0.27308145032131836,0.3026222850818887,0.6123133848469222,0.4383327756143538
Neck_1-19,..\data\processed\wet\Neck_1-19_v1.wav,0.7267348363533426,0.5369463855387995,3.533897187242873,0.2044667201975755,0.7267348363533426,0.8949106425646658,0.6741993749428606,0.2044667201975755
Neck_1-19,..\data\processed\wet\Neck_1-19_v2.wav,0.9326819023605022,0.1586957240084871,1.1745243289767116,0.0899672788609609,0.9326819023605022,0.2644928733474785,0.14989429532815812,0.0899672788609609
Neck_1-19,..\data\processed\wet\Neck_1-19_v3.wav,0.5633837406661656,0.06825747748839107,1.1244914785068385,0.30003048059549664,0.5633837406661656,0.11376246248065179,0.13877588411263078,0.30003048059549664
Neck_1-19,..\data\processed\wet\Neck_1-19_v4.wav,0.28165300968446383,0.3625437061992854,4.175353757627066,0.7613496562028924,0.28165300968446383,0.6042395103321423,0.8167452794726814,0.7613496562028924
Neck_1-2,..\data\processed\wet\Neck_1-2_v0.wav,0.26248445471647674,0.14718629879158796,4.846061885481355,0.008236241591960125,0.26248445471647674,0.24531049798597993,0.9657915301069677,0.008236241591960125
Neck_1-2,..\data\processed\wet\Neck_1-2_v1.wav,0.8797205330602158,0.11983711147344298,4.762779453903955,0.3423072848275197,0.8797205330602158,0.19972851912240497,0.9472843230897678,0.3423072848275197
Neck_1-2,..\data\processed\wet\Neck_1-2_v2.wav,0.4403517738932523,0.42427236836662857,3.1445107316296714,0.3179393297068228,0.4403517738932523,0.707120613944381,0.5876690514732603,0.3179393297068228
Neck_1-2,..\data\processed\wet\Neck_1-2_v3.wav,0.5538309158678235,0.4384241306177317,0.6905072565612145,0.011199305255704117,0.5538309158678235,0.7307068843628862,0.04233494590249211,0.011199305255704117
Neck_1-2,..\data\processed\wet\Neck_1-2_v4.wav,0.4580669390728913,0.07910197068210852,3.489549311591215,0.21405245622743418,0.4580669390728913,0.1318366178035142,0.6643442914647144,0.21405245622743418
Neck_1-20,..\data\processed\wet\Neck_1-20_v0.wav,0.43285110679567096,0.11860256212456137,2.9681761358710603,0.1160534593845689,0.43285110679567096,0.19767093687426895,0.5484835857491245,0.1160534593845689
Neck_1-20,..\data\processed\wet\Neck_1-20_v1.wav,0.02310685278748026,0.03067898286401831,4.794162986818895,0.14228621861093582,0.02310685278748026,0.051131638106697186,0.95425844151531,0.14228621861093582
Neck_1-20,..\data\processed\wet\Neck_1-20_v2.wav,0.7084782531368352,0.04075572253369575,0.9867215850583198,0.5088762514093347,0.7084782531368352,0.06792620422282625,0.10816035223518217,0.5088762514093347
Neck_1-20,..\data\processed\wet\Neck_1-20_v3.wav,0.46487093015434366,0.5709481856639217,4.751759538593318,0.7796086425424651,0.46487093015434366,0.9515803094398695,0.9448354530207373,0.7796086425424651
Neck_1-20,..\data\processed\wet\Neck_1-20_v4.wav,0.6021018301273497,0.2729761904358066,2.1028034044778945,0.9470875469755554,0.6021018301273497,0.45496031739301107,0.356178534328421,0.9470875469755554
Neck_1-21,..\data\processed\wet\Neck_1-21_v0.wav,0.6029088114246856,0.34744351661159667,1.5435550479601168,0.04669781788511307,0.6029088114246856,0.5790725276859945,0.23190112176891484,0.04669781788511307
Neck_1-21,..\data\processed\wet\Neck_1-21_v1.wav,0.9451885797595444,0.18824115530679233,2.491650604960064,0.11463994358570684,0.9451885797595444,0.3137352588446539,0.4425890233244587,0.11463994358570684
Neck_1-21,..\data\processed\wet\Neck_1-21_v2.wav,0.836924329909292,0.016579099713558376,4.252958429445934,0.1402850127879668,0.836924329909292,0.027631832855930627,0.8339907620990965,0.1402850127879668
Neck_1-21,..\data\processed\wet\Neck_1-21_v3.wav,0.8865641126311521,0.43786358240169443,1.2410161812828728,0.5658179928594681,0.8865641126311521,0.7297726373361574,0.16467026250730507,0.5658179928594681
Neck_1-21,..\data\processed\wet\Neck_1-21_v4.wav,0.31265631435521946,0.10693985934695006,4.366319897349988,0.4035227665072294,0.31265631435521946,0.17823309891158345,0.8591821994111084,0.4035227665072294
Neck_1-22,..\data\processed\wet\Neck_1-22_v0.wav,0.3985437143653825,0.101932004883972,2.223795542386004,0.8716168463288502,0.3985437143653825,0.16988667480662,0.3830656760857787,0.8716168463288502
Neck_1-22,..\data\processed\wet\Neck_1-22_v1.wav,0.3631287104896359,0.5709621374998728,4.758390046437744,0.14489865930734602,0.3631287104896359,0.9516035624997881,0.9463088992083875,0.14489865930734602
Neck_1-22,..\data\processed\wet\Neck_1-22_v2.wav,0.17731125352264487,0.5176044421991335,2.2674241351612365,0.004373982283009337,0.17731125352264487,0.8626740703318891,0.3927609189247192,0.004373982283009337
Neck_1-22,..\data\processed\wet\Neck_1-22_v3.wav,0.273871819705371,0.35857739591733595,4.096696846819857,0.13338861709325955,0.273871819705371,0.59762899319556,0.7992659659599681,0.13338861709325955
Neck_1-22,..\data\processed\wet\Neck_1-22_v4.wav,0.11054136441673534,0.5532555921433989,3.880167655201622,0.5897796007780784,0.11054136441673534,0.9220926535723316,0.7511483678225827,0.5897796007780784
Neck_1-3,..\data\processed\wet\Neck_1-3_v0.wav,0.769186789995928,0.25731261678398304,3.9130508628910694,0.37180299127453575,0.769186789995928,0.4288543613066384,0.7584557473091266,0.37180299127453575
Neck_1-3,..\data\processed\wet\Neck_1-3_v1.wav,0.24409457249260236,0.43740805277578115,2.3885253147077075,0.9813771043261948,0.24409457249260236,0.7290134212929686,0.4196722921572683,0.9813771043261948
Neck_1-3,..\data\processed\wet\Neck_1-3_v2.wav,0.349485182308101,0.5530364523186395,4.698331468551857,0.24185294706474614,0.349485182308101,0.9217274205310659,0.9329625485670794,0.24185294706474614
Neck_1-3,..\data\processed\wet\Neck_1-3_v3.wav,0.7982211815880134,0.25984470308673907,4.628861272536566,0.4501242726352388,0.7982211815880134,0.43307450514456514,0.9175247272303481,0.4501242726352388
Neck_1-3,..\data\processed\wet\Neck_1-3_v4.wav,0.7443037173373661,0.2801804454982787,1.5251034007078528,0.1993501289446863,0.7443037173373661,0.46696740916379786,0.22780075571285618,0.1993501289446863
Neck_1-4,..\data\processed\wet\Neck_1-4_v0.wav,0.42543119425634557,0.4532967942085289,3.222821683313451,0.6886292899005433,0.42543119425634557,0.7554946570142149,0.6050714851807668,0.6886292899005433
Neck_1-4,..\data\processed\wet\Neck_1-4_v1.wav,0.28232635073194245,0.2888612075745633,0.6997786923619715,0.8175324159581207,0.28232635073194245,0.4814353459576055,0.04439526496932701,0.8175324159581207
Neck_1-4,..\data\processed\wet\Neck_1-4_v2.wav,0.9898921622398746,0.2441274375748025,0.5493364390919451,0.16979263955094737,0.9898921622398746,0.4068790626246709,0.01096365313154335,0.16979263955094737
Neck_1-4,..\data\processed\wet\Neck_1-4_v3.wav,0.6525268777504188,0.3672475909223155,4.045391238134948,0.25388401096106816,0.6525268777504188,0.6120793182038592,0.7878647195855439,0.25388401096106816
Neck_1-4,..\data\processed\wet\Neck_1-4_v4.wav,0.763631915547134,0.4127904129142019,1.9526652397122948,0.545488148056962,0.763631915547134,0.6879840215236698,0.3228144977138433,0.545488148056962
Neck_1-5,..\data\processed\wet\Neck_1-5_v0.wav,0.14727380849832672,0.27153870206134956,4.465388028000384,0.4211913798253908,0.14727380849832672,0.45256450343558263,0.881197339555641,0.4211913798253908
Neck_1-5,..\data\processed\wet\Neck_1-5_v1.wav,0.839566706475422,0.3541520191558166,1.3634452089606055,0.5811062446978964,0.839566706475422,0.5902533652596944,0.19187671310235677,0.5811062446978964
Neck_1-5,..\data\processed\wet\Neck_1-5_v2.wav,0.5059833291570635,0.2391848011178304,1.0383369778223166,0.4167086638472298,0.5059833291570635,0.398641335196384,0.11963043951607036,0.4167086638472298
Neck_1-5,..\data\processed\wet\Neck_1-5_v3.wav,0.07276237623962711,0.05926143083925075,2.371624398197222,0.3053814819684637,0.07276237623962711,0.09876905139875125,0.415916532932716,0.3053814819684637
Neck_1-5,..\data\processed\wet\Neck_1-5_v4.wav,0.9255443258622235,0.2254234832281623,3.910361549324451,0.5302475263662427,0.9255443258622235,0.37570580538027054,0.7578581220721001,0.5302475263662427
Neck_1-6,..\data\processed\wet\Neck_1-6_v0.wav,0.7040856686423355,0.1560695898092395,4.738572377772481,0.530088496914424,0.7040856686423355,0.2601159830153992,0.9419049728383292,0.530088496914424
Neck_1-6,..\data\processed\wet\Neck_1-6_v1.wav,0.8313240712852497,0.2190274160856681,0.9509510707273604,0.6737116477208488,0.8313240712852497,0.3650456934761135,0.10021134905052453,0.6737116477208488
Neck_1-6,..\data\processed\wet\Neck_1-6_v2.wav,0.007759648337424485,0.285175785939305,1.3676085619990666,0.6273755044353622,0.007759648337424485,0.47529297656550834,0.19280190266645925,0.6273755044353622
Neck_1-6,..\data\processed\wet\Neck_1-6_v3.wav,0.9794198731378522,0.27864174379238754,4.1787421543655,0.507784186951121,0.9794198731378522,0.4644029063206459,0.8174982565256665,0.507784186951121
Neck_1-6,..\data\processed\wet\Neck_1-6_v4.wav,0.4958400311040241,0.5582540959072667,4.504846409360066,0.7858004651879744,0.4958400311040241,0.9304234931787779,0.8899658687466814,0.7858004651879744
Neck_1-7,..\data\processed\wet\Neck_1-7_v0.wav,0.2962557533167841,0.3270050494343643,1.5075375498755825,0.44391669804653977,0.2962557533167841,0.5450084157239405,0.223897233305685,0.44391669804653977
Neck_1-7,..\data\processed\wet\Neck_1-7_v1.wav,0.4842130657597906,0.49898402410159853,4.532127643962469,0.41462006239647786,0.4842130657597906,0.8316400401693309,0.8960283653249932,0.41462006239647786
Neck_1-7,..\data\processed\wet\Neck_1-7_v2.wav,0.017704445073237207,0.5170643038736128,1.284254053256123,0.6218819638903935,0.017704445073237207,0.8617738397893547,0.1742786785013607,0.6218819638903935
Neck_1-7,..\data\processed\wet\Neck_1-7_v3.wav,0.024970900434131194,0.23970388515633856,4.936821359519074,0.1006936011038031,0.024970900434131194,0.39950647526056426,0.9859603021153498,0.1006936011038031
Neck_1-7,..\data\processed\wet\Neck_1-7_v4.wav,0.4236931519996423,0.1842899701139713,4.57289655524719,0.8693401079073552,0.4236931519996423,0.30714995018995217,0.9050881233882644,0.8693401079073552
Neck_1-8,..\data\processed\wet\Neck_1-8_v0.wav,0.23769876030622883,0.0487126722302587,3.3221227732750287,0.33636871188370976,0.23769876030622883,0.08118778705043117,0.6271383940611175,0.33636871188370976
Neck_1-8,..\data\processed\wet\Neck_1-8_v1.wav,0.6720843906060631,0.019271853640688685,1.1002965582987023,0.6863722327726434,0.6720843906060631,0.032119756067814476,0.13339923517748942,0.6863722327726434
Neck_1-8,..\data\processed\wet\Neck_1-8_v2.wav,0.21237065530249777,0.514552605457441,0.7636589946956094,0.21548198278557462,0.21237065530249777,0.8575876757624017,0.05859088771013542,0.21548198278557462
Neck_1-8,..\data\processed\wet\Neck_1-8_v3.wav,0.9985602484850686,0.25984566155207556,3.663345485950896,0.18266304885701368,0.9985602484850686,0.43307610258679263,0.7029656635446435,0.18266304885701368
Neck_1-8,..\data\processed\wet\Neck_1-8_v4.wav,0.6098687349855377,0.43566364102165106,1.9151448613992974,0.8288971119758778,0.6098687349855377,0.7261060683694185,0.31447663586651053,0.8288971119758778
Neck_1-9,..\data\processed\wet\Neck_1-9_v0.wav,0.6034175784722833,0.2334738057690181,3.0093907700442135,0.5767608474359243,0.6034175784722833,0.3891230096150302,0.5576423933431586,0.5767608474359243
Neck_1-9,..\data\processed\wet\Neck_1-9_v1.wav,0.16553529269386602,0.24163942192017968,2.045437646087719,0.40090272257912607,0.16553529269386602,0.40273236986696614,0.3434305880194931,0.40090272257912607
Neck_1-9,..\data\processed\wet\Neck_1-9_v2.wav,0.7611105884852579,0.2895230444800036,4.731422689576689,0.2936764133584362,0.7611105884852579,0.4825384074666727,0.9403161532392643,0.2936764133584362
Neck_1-9,..\data\processed\wet\Neck_1-9_v3.wav,0.415703578284929,0.47217408628742485,2.957110669943376,0.5470281464244477,0.415703578284929,0.7869568104790414,0.5460245933207503,0.5470281464244477
Neck_1-9,..\data\processed\wet\Neck_1-9_v4.wav,0.053340163005183516,0.23915979763107348,1.7183017958977962,0.9993351228311154,0.053340163005183516,0.3985996627184558,0.2707337324217325,0.9993351228311154
Neck_2-0,..\data\processed\wet\Neck_2-0_v0.wav,0.30835507063231027,0.5306979208763181,3.5430518076821484,0.34091640919209043,0.30835507063231027,0.8844965347938635,0.6762337350404775,0.34091640919209043
Neck_2-0,..\data\processed\wet\Neck_2-0_v1.wav,0.5435343783741237,0.5043215279695162,4.475157341139104,0.16039387500614521,0.5435343783741237,0.8405358799491938,0.883368298030912,0.16039387500614521
Neck_2-0,..\data\processed\wet\Neck_2-0_v2.wav,0.3395731412081696,0.201133908128143,0.6892015823417511,0.5982377598518965,0.3395731412081696,0.33522318021357167,0.04204479607594469,0.5982377598518965
Neck_2-0,..\data\processed\wet\Neck_2-0_v3.wav,0.854820052992188,0.22894463269531065,3.8301617524287965,0.6277004136007399,0.854820052992188,0.3815743878255178,0.740035944984177,0.6277004136007399
Neck_2-0,..\data\processed\wet\Neck_2-0_v4.wav,0.3756487354930008,0.08463587969537824,3.691957337491853,0.8545651689412405,0.3756487354930008,0.14105979949229708,0.7093238527759673,0.8545651689412405
Neck_2-1,..\data\processed\wet\Neck_2-1_v0.wav,0.6858544924014919,0.01072709042089084,1.4730480247594606,0.06947998488353191,0.6858544924014919,0.017878484034818065,0.21623289439099125,0.06947998488353191
Neck_2-1,..\data\processed\wet\Neck_2-1_v1.wav,0.5703860995762268,0.4538866073042474,0.9976063418089675,0.8383378205933852,0.5703860995762268,0.7564776788404124,0.11057918706865943,0.8383378205933852
Neck_2-1,..\data\processed\wet\Neck_2-1_v2.wav,0.5555089783954832,0.4139814072850349,4.871308318738908,0.08368098824769732,0.5555089783954832,0.6899690121417249,0.9714018486086462,0.08368098824769732
Neck_2-1,..\data\processed\wet\Neck_2-1_v3.wav,0.9012240229777893,0.07566161759244558,2.26831462986507,0.8514386963311144,0.9012240229777893,0.1261026959874093,0.39295880663668226,0.8514386963311144
Neck_2-1,..\data\processed\wet\Neck_2-1_v4.wav,0.9062542367378682,0.3038230041270872,3.173470872239413,0.7081473345985572,0.9062542367378682,0.5063716735451453,0.5941046382754251,0.7081473345985572
Neck_2-10,..\data\processed\wet\Neck_2-10_v0.wav,0.8327586684527142,0.07290670172259969,4.145311887031524,0.48127615051161676,0.8327586684527142,0.12151116953766616,0.8100693082292276,0.48127615051161676
Neck_2-10,..\data\processed\wet\Neck_2-10_v1.wav,0.450623425108169,0.25433985119819896,2.7914521336071916,0.9450505533946035,0.450623425108169,0.4238997519969983,0.5092115852460426,0.9450505533946035
Neck_2-10,..\data\processed\wet\Neck_2-10_v2.wav,0.5482037727921516,0.5719065229578835,1.3113055877703825,0.7241359788326331,0.5482037727921516,0.9531775382631391,0.18029013061564056,0.7241359788326331
Neck_2-10,..\data\processed\wet\Neck_2-10_v3.wav,0.8122395386087472,0.40747729880091715,3.231150261019432,0.5648127810861823,0.8122395386087472,0.6791288313348619,0.6069222802265404,0.5648127810861823
Neck_2-10,..\data\processed\wet\Neck_2-10_v4.wav,0.860930482578696,0.4929879582987,1.0502992453126978,0.8485876570308781,0.860930482578696,0.8216465971645001,0.12228872118059951,0.8485876570308781
Neck_2-11,..\data\processed\wet\Neck_2-11_v0.wav,0.4140686194404425,0.15221809799748645,4.413958556062667,0.43202479963374163,0.4140686194404425,0.2536968299958108,0.869768568013926,0.43202479963374163
Neck_2-11,..\data\processed\wet\Neck_2-11_v1.wav,0.8083646901768167,0.1580421671735067,0.5176819463999801,0.4954591929029444,0.8083646901768167,0.2634036119558445,0.003929321422217802,0.4954591929029444
Neck_2-11,..\data\processed\wet\Neck_2-11_v2.wav,0.10022825664288426,0.4526255733149458,1.7423381123123467,0.4436456466034787,0.10022825664288426,0.7543759555249097,0.27607513606941037,0.4436456466034787
Neck_2-11,..\data\processed\wet\Neck_2-11_v3.wav,0.08703356509155424,0.1719955490683516,4.016706094663574,0.15158791190231946,0.08703356509155424,0.28665924844725266,0.781490243258572,0.15158791190231946
Neck_2-11,..\data\processed\wet\Neck_2-11_v4.wav,0.6471595611269574,0.5504555116827007,3.5592654189097415,0.8110216892922268,0.6471595611269574,0.9174258528045012,0.6798367597577203,0.8110216892922268
Neck_2-12,..\data\processed\wet\Neck_2-12_v0.wav,0.1089716293039158,0.15043909560123267,4.52542483508266,0.7151056136180892,0.1089716293039158,0.25073182600205446,0.8945388522405912,0.7151056136180892
Neck_2-12,..\data\processed\wet\Neck_2-12_v1.wav,0.6395538263773112,0.39826004167302,2.3639024943708953,0.04455663161765322,0.6395538263773112,0.6637667361217,0.4142005543046434,0.04455663161765322
Neck_2-12,..\data\processed\wet\Neck_2-12_v2.wav,0.784441542070729,0.4072279417292123,2.6276200885072614,0.8997596153682574,0.784441542070729,0.6787132362153538,0.47280446411272475,0.8997596153682574
Neck_2-12,..\data\processed\wet\Neck_2-12_v3.wav,0.33615966498509886,0.17659304653874155,4.427583462857493,0.7969876547589855,0.33615966498509886,0.2943217442312359,0.8727963250794429,0.7969876547589855
Neck_2-12,..\data\processed\wet\Neck_2-12_v4.wav,0.5149798106483447,0.07844084367470998,1.467821621592736,0.6562279904088066,0.5149798106483447,0.13073473945784997,0.21507147146505246,0.6562279904088066
Neck_2-13,..\data\processed\wet\Neck_2-13_v0.wav,0.38504123784041167,0.5018839149995827,4.774797541994919,0.8056369252749183,0.38504123784041167,0.8364731916659712,0.9499550093322041,0.8056369252749183
Neck_2-13,..\data\processed\wet\Neck_2-13_v1.wav,0.37754542299555716,0.4732118575388544,2.081487530618076,0.1671000877656339,0.37754542299555716,0.7886864292314241,0.3514416734706835,0.1671000877656339
Neck_2-13,..\data\processed\wet\Neck_2-13_v2.wav,0.033393204865857395,0.23143002765661203,4.566016866637768,0.2389865877556765,0.033393204865857395,0.38571671276102004,0.9035593036972818,0.2389865877556765
Neck_2-13,..\data\processed\wet\Neck_2-13_v3.wav,0.206513164929784,0.5818924711446242,0.6125185078276645,0.7857821503937543,0.206513164929784,0.9698207852410403,0.025004112850592106,0.7857821503937543
Neck_2-13,..\data\processed\wet\Neck_2-13_v4.wav,0.32136995574087035,0.022492774121795598,4.630111430943126,0.1396423302095836,0.32136995574087035,0.037487956869659333,0.9178025402095835,0.1396423302095836
Neck_2-14,..\data\processed\wet\Neck_2-14_v0.wav,0.5517792837256954,0.16443252445772866,0.7933676098311097,0.04992248566337909,0.5517792837256954,0.2740542074295478,0.06519280218469103,0.04992248566337909
Neck_2-14,..\data\processed\wet\Neck_2-14_v1.wav,0.11555669883633879,0.042820208333628026,3.922511519839653,0.48556620228342917,0.11555669883633879,0.07136701388938005,0.7605581155199229,0.48556620228342917
Neck_2-14,..\data\processed\wet\Neck_2-14_v2.wav,0.3428920913489797,0.2510213460792043,4.680260310076805,0.9107518127381472,0.3428920913489797,0.41836891013200717,0.9289467355726233,0.9107518127381472
Neck_2-14,..\data\processed\wet\Neck_2-14_v3.wav,0.7156764801225769,0.5308094264530127,1.9384161241443114,0.38110932600828284,0.7156764801225769,0.8846823774216878,0.3196480275876248,0.38110932600828284
Neck_2-14,..\data\processed\wet\Neck_2-14_v4.wav,0.613712181854228,0.37417556837835847,2.6676492710555344,0.40065784843795327,0.613712181854228,0.6236259472972642,0.48169983801234095,0.40065784843795327
Neck_2-15,..\data\processed\wet\Neck_2-15_v0.wav,0.9861803116086951,0.4926741756706346,2.4574108904962033,0.7272924772395685,0.9861803116086951,0.8211236261177244,0.4349801978880452,0.7272924772395685
Neck_2-15,..\data\processed\wet\Neck_2-15_v1.wav,0.2695616932524595,0.06010159574239793,2.085939614987333,0.4029728001233942,0.2695616932524595,0.10016932623732988,0.35243102555274064,0.4029728001233942
Neck_2-15,..\data\processed\wet\Neck_2-15_v2.wav,0.0165371245606708,0.4888752009815376,2.116370310751317,0.580418165780147,0.0165371245606708,0.814792001635896,0.35919340238918157,0.580418165780147
Neck_2-15,..\data\processed\wet\Neck_2-15_v3.wav,0.07396318727095597,0.10499809725035038,4.50362176397402,0.6086875278828008,0.07396318727095597,0.17499682875058398,0.88969372532756,0.6086875278828008
Neck_2-15,..\data\processed\wet\Neck_2-15_v4.wav,0.9502840501704856,0.5992500206347902,2.173370518998925,0.2988030640832746,0.9502840501704856,0.9987500343913169,0.37186011533309443,0.2988030640832746
Neck_2-16,..\data\processed\wet\Neck_2-16_v0.wav,0.8583560551590967,0.5991668562224725,3.3333855540460577,0.7951407225115223,0.8583560551590967,0.9986114270374541,0.6296412342324573,0.7951407225115223
Neck_2-16,..\data\processed\wet\Neck_2-16_v1.wav,0.7817458588152745,0.21320382493172818,3.0842167111568926,0.8330569412642136,0.7817458588152745,0.35533970821954697,0.5742703802570872,0.8330569412642136
Neck_2-16,..\data\processed\wet\Neck_2-16_v2.wav,0.6881138762610555,0.012698288389222956,2.015175510038901,0.14447569659460535,0.6881138762610555,0.02116381398203826,0.33670566889753356,0.14447569659460535
Neck_2-16,..\data\processed\wet\Neck_2-16_v3.wav,0.2329722120780391,0.5432936864947954,0.6660198000984567,0.21980071196192374,0.2329722120780391,0.9054894774913257,0.036893288910768166,0.21980071196192374
Neck_2-16,..\data\processed\wet\Neck_2-16_v4.wav,0.30956935223823145,0.3701304431798369,2.9034576053863947,0.2182694828533861,0.30956935223823145,0.6168840719663948,0.5341016900858655,0.2182694828533861
Neck_2-17,..\data\processed\wet\Neck_2-17_v0.wav,0.16424106722315446,0.14207882075767128,2.7613833201574502,0.27117778571120343,0.16424106722315446,0.2367980345961188,0.5025296267016556,0.27117778571120343
Neck_2-17,..\data\processed\wet\Neck_2-17_v1.wav,0.9476025016077222,0.2783191328573085,0.7645820744508668,0.7292664058366334,0.9476025016077222,0.46386522142884756,0.058796016544637064,0.7292664058366334
Neck_2-17,..\data\processed\wet\Neck_2-17_v2.wav,0.3288452882089896,0.39209335923494854,1.758174667354544,0.5707437417333199,0.3288452882089896,0.6534889320582475,0.279594370523232,0.5707437417333199
Neck_2-17,..\data\processed\wet\Neck_2-17_v3.wav,0.7721525048074647,0.5568052450647324,1.6750721499488468,0.33485695099898116,0.7721525048074647,0.9280087417745541,0.26112714443307705,0.33485695099898116
Neck_2-17,..\data\processed\wet\Neck_2-17_v4.wav,0.4642664202859397,0.5563049026415933,4.556240855647957,0.08987828010063803,0.4642664202859397,0.9271748377359889,0.9013868568106571,0.08987828010063803
Neck_2-18,..\data\processed\wet\Neck_2-18_v0.wav,0.13192982575381085,0.29730550639838293,0.9797867276244057,0.34558087334869747,0.13192982575381085,0.49550917733063826,0.10661927280542348,0.34558087334869747
Neck_2-18,..\data\processed\wet\Neck_2-18_v1.wav,0.14838537821747766,0.38162421307913147,4.772729442826228,0.9967337702943815,0.14838537821747766,0.6360403551318858,0.9494954317391618,0.9967337702943815
Neck_2-18,..\data\processed\wet\Neck_2-18_v2.wav,0.3752411324969148,0.35940758226876734,4.353204440858366,0.11746207279638399,0.3752411324969148,0.5990126371146123,0.8562676535240813,0.11746207279638399
Neck_2-18,..\data\processed\wet\Neck_2-18_v3.wav,0.689564411051965,0.24530619703504095,1.4276577212607384,0.402753618747442,0.689564411051965,0.40884366172506825,0.20614616028016408,0.402753618747442
Neck_2-18,..\data\processed\wet\Neck_2-18_v4.wav,0.07596028696491686,0.4172442891535834,1.6373420093680389,0.311405645044878,0.07596028696491686,0.6954071485893057,0.2527426687484531,0.311405645044878
Neck_2-19,..\data\processed\wet\Neck_2-19_v0.wav,0.12108129824146274,0.518795468333935,2.7204992567723236,0.5721468777864003,0.12108129824146274,0.8646591138898917,0.4934442792827386,0.5721468777864003
Neck_2-19,..\data\processed\wet\Neck_2-19_v1.wav,0.5694326830948546,0.24629586872480502,1.3663846194716276,0.7451327484983999,0.5694326830948546,0.41049311454134174,0.19252991543813947,0.7451327484983999
Neck_2-19,..\data\processed\wet\Neck_2-19_v2.wav,0.12705626535767434,0.062324274167286295,3.6956526691842653,0.20883702045198382,0.12705626535767434,0.1038737902788105,0.7101450375965034,0.20883702045198382
Neck_2-19,..\data\processed\wet\Neck_2-19_v3.wav,0.30677275135283233,0.28513648020104415,2.5220809252829577,0.7085791250649992,0.30677275135283233,0.4752274670017403,0.44935131672954615,0.7085791250649992
Neck_2-19,..\data\processed\wet\Neck_2-19_v4.wav,0.623431793443361,0.3866376973691194,3.713244487949558,0.29261272742346534,0.623431793443361,0.6443961622818657,0.7140543306554573,0.29261272742346534
Neck_2-2,..\data\processed\wet\Neck_2-2_v0.wav,0.32233331180047364,0.26279864873733244,1.8835797786508675,0.9849378689708634,0.32233331180047364,0.43799774789555407,0.3074621730335261,0.9849378689708634
Neck_2-2,..\data\processed\wet\Neck_2-2_v1.wav,0.8140519264214297,0.09879281295361775,0.5251737014684128,0.04278326824726786,0.8140519264214297,0.16465468825602958,0.005594155881869511,0.04278326824726786
Neck_2-2,..\data\processed\wet\Neck_2-2_v2.wav,0.24406345104292526,0.06857477150211393,2.9000215170165746,0.8579952227273586,0.24406345104292526,0.11429128583685655,0.5333381148925721,0.8579952227273586
Neck_2-2,..\data\processed\wet\Neck_2-2_v3.wav,0.7367502209132274,0.12936543784931423,2.2968466521160362,0.5078942095312776,0.7367502209132274,0.21560906308219038,0.3992992560257858,0.5078942095312776
Neck_2-2,..\data\processed\wet\Neck_2-2_v4.wav,0.8102058495033355,0.5034729618636988,4.593732403584992,0.5092452505028752,0.8102058495033355,0.8391216031061648,0.9097183119077761,0.5092452505028752
Neck_2-20,..\data\processed\wet\Neck_2-20_v0.wav,0.694274746435863,0.0670802227403623,3.0438003197929193,0.24869180947113512,0.694274746435863,0.11180037123393716,0.5652889599539821,0.24869180947113512
Neck_2-20,..\data\processed\wet\Neck_2-20_v1.wav,0.4317168850266111,0.38043030498403163,1.656436720342015,0.05218505779676108,0.4317168850266111,0.6340505083067194,0.2569859378537811,0.05218505779676108
Neck_2-20,..\data\processed\wet\Neck_2-20_v2.wav,0.010233856408757513,0.013295721326712927,0.5375738188119634,0.11035505655787547,0.010233856408757513,0.022159535544521547,0.00834973751376965,0.11035505655787547
Neck_2-20,..\data\processed\wet\Neck_2-20_v3.wav,0.23948871457012988,0.1327329085093795,4.940584673809536,0.3060061052089432,0.23948871457012988,0.22122151418229916,0.9867965941798968,0.3060061052089432
Neck_2-20,..\data\processed\wet\Neck_2-20_v4.wav,0.1274207833593991,0.3273375265006548,4.360808549288787,0.6780603767876752,0.1274207833593991,0.545562544167758,0.8579574553975083,0.6780603767876752
Neck_2-21,..\data\processed\wet\Neck_2-21_v0.wav,0.2960820891354503,0.33696969587487297,3.716851883901841,0.7281044923677423,0.2960820891354503,0.561616159791455,0.7148559742004091,0.7281044923677423
Neck_2-21,..\data\processed\wet\Neck_2-21_v1.wav,0.6665384552976888,0.5224862548653708,4.41547456254847,0.5789365594070033,0.6665384552976888,0.8708104247756181,0.8701054583441044,0.5789365594070033
Neck_2-21,..\data\processed\wet\Neck_2-21_v2.wav,0.4298563691112123,0.3849421773390599,4.181954006167084,0.005652104841184724,0.4298563691112123,0.6415702955650998,0.8182120013704631,0.005652104841184724
Neck_2-21,..\data\processed\wet\Neck_2-21_v3.wav,0.9919970090148511,0.10973626339751953,2.616120435469893,0.8720297348428667,0.9919970090148511,0.18289377232919923,0.47024898565997625,0.8720297348428667
Neck_2-21,..\data\processed\wet\Neck_2-21_v4.wav,0.22504039904419937,0.2860771343402299,1.0966198108153062,0.3950763253881926,0.22504039904419937,0.4767952239003832,0.13258218018117918,0.3950763253881926
Neck_2-22,..\data\processed\wet\Neck_2-22_v0.wav,0.17713545479300252,0.2181766492626942,2.180588975567249,0.9931707895983327,0.17713545479300252,0.363627748771157,0.373464216792722,0.9931707895983327
Neck_2-22,..\data\processed\wet\Neck_2-22_v1.wav,0.9948130293037722,0.06887176719636745,3.7668595069775628,0.051745479669101146,0.9948130293037722,0.11478627866061242,0.7259687793283472,0.051745479669101146
Neck_2-22,..\data\processed\wet\Neck_2-22_v2.wav,0.030192015337188627,0.06320033654697858,4.844685456535703,0.9408635478946974,0.030192015337188627,0.10533389424496431,0.965485657007934,0.9408635478946974
Neck_2-22,..\data\processed\wet\Neck_2-22_v3.wav,0.19392782028068045,0.09700340133222692,1.5824078893217615,0.5155469940751422,0.19392782028068045,0.16167233555371152,0.240535086515947,0.5155469940751422
Neck_2-22,..\data\processed\wet\Neck_2-22_v4.wav,0.5697046320354099,0.1329560582636684,3.9048025464047535,0.30955316940265076,0.5697046320354099,0.22159343043944735,0.7566227880899452,0.30955316940265076
Neck_2-3,..\data\processed\wet\Neck_2-3_v0.wav,0.9221313255294104,0.39403362387403834,2.4635803743662525,0.7899120017028454,0.9221313255294104,0.6567227064567306,0.4363511943036117,0.7899120017028454
Neck_2-3,..\data\processed\wet\Neck_2-3_v1.wav,0.8179146260466648,0.17428896336536617,2.0287154472623796,0.9359551537286034,0.8179146260466648,0.29048160560894365,0.33971454383608435,0.9359551537286034
Neck_2-3,..\data\processed\wet\Neck_2-3_v2.wav,0.16474103836327192,0.02529025017776052,2.5432489517429713,0.8012099002436289,0.16474103836327192,0.0421504169629342,0.4540553226095492,0.8012099002436289
Neck_2-3,..\data\processed\wet\Neck_2-3_v3.wav,0.7716681063107458,0.5517183773476995,2.899402989660681,0.10006467156653331,0.7716681063107458,0.9195306289128324,0.5332006643690402,0.10006467156653331
Neck_2-3,..\data\processed\wet\Neck_2-3_v4.wav,0.5886889743360161,0.4670373686119269,0.9199765412142188,0.17265740109758976,0.5886889743360161,0.7783956143532116,0.0933281202698264,0.17265740109758976
Neck_2-4,..\data\processed\wet\Neck_2-4_v0.wav,0.012290661155670901,0.3561915476680862,4.49030476375657,0.6706633160020995,0.012290661155670901,0.5936525794468104,0.8867343919459044,0.6706633160020995
Neck_2-4,..\data\processed\wet\Neck_2-4_v1.wav,0.982040087590982,0.03782019149985694,4.563504883181733,0.8140682873866807,0.982040087590982,0.06303365249976156,0.9030010851514962,0.8140682873866807
Neck_2-4,..\data\processed\wet\Neck_2-4_v2.wav,0.31424152049950493,0.584115931102351,1.7957198667713676,0.8893047238282185,0.31424152049950493,0.9735265518372518,0.28793774817141504,0.8893047238282185
Neck_2-4,..\data\processed\wet\Neck_2-4_v3.wav,0.8807485770741894,0.4545945699617835,3.0356171321578334,0.12000274961688806,0.8807485770741894,0.7576576166029725,0.5634704738128519,0.12000274961688806
Neck_2-4,..\data\processed\wet\Neck_2-4_v4.wav,0.5319717344964983,0.21407775339296073,4.064976649199083,0.7581292064968449,0.5319717344964983,0.35679625565493456,0.7922170331553517,0.7581292064968449
Neck_2-5,..\data\processed\wet\Neck_2-5_v0.wav,0.9106125073726052,0.008898097459024723,4.140964475703708,0.9384620531246688,0.9106125073726052,0.014830162431707873,0.8091032168230462,0.9384620531246688
Neck_2-5,..\data\processed\wet\Neck_2-5_v1.wav,0.7893004491081501,0.07811667592222002,0.8657559717839949,0.02084523980770081,0.7893004491081501,0.1301944598703667,0.08127910484088775,0.02084523980770081
Neck_2-5,..\data\processed\wet\Neck_2-5_v2.wav,0.628745225828071,0.37780359111593237,4.941111713981956,0.39804317410409573,0.628745225828071,0.6296726518598873,0.9869137142182124,0.39804317410409573
Neck_2-5,..\data\processed\wet\Neck_2-5_v3.wav,0.33190628489749674,0.37465495631063545,4.215239026284173,0.9367739495230019,0.33190628489749674,0.6244249271843925,0.825608672507594,0.9367739495230019
Neck_2-5,..\data\processed\wet\Neck_2-5_v4.wav,0.8031241661790386,0.25600438836948286,3.3571140589042887,0.856299326716117,0.8031241661790386,0.4266739806158048,0.6349142353120641,0.856299326716117
Neck_2-6,..\data\processed\wet\Neck_2-6_v0.wav,0.49060968831173946,0.13001198622323562,1.2637554788654284,0.0001577445780567288,0.49060968831173946,0.2166866437053927,0.16972343974787296,0.0001577445780567288
Neck_2-6,..\data\processed\wet\Neck_2-6_v1.wav,0.7182379949812843,0.0666583253075943,1.5972759486317318,0.29787633152279336,0.7182379949812843,0.1110972088459905,0.24383909969594042,0.29787633152279336
Neck_2-6,..\data\processed\wet\Neck_2-6_v2.wav,0.5603798601367683,0.23877436637746152,3.536032964104228,0.05563865932870271,0.5603798601367683,0.39795727729576924,0.6746739920231618,0.05563865932870271
Neck_2-6,..\data\processed\wet\Neck_2-6_v3.wav,0.12393919426443945,0.29952690211996,2.016341545310734,0.2958133627513597,0.12393919426443945,0.4992115035332667,0.3369647878468298,0.2958133627513597
Neck_2-6,..\data\processed\wet\Neck_2-6_v4.wav,0.06702807903752273,0.5374315048488009,3.613183637562728,0.12161815681964938,0.06702807903752273,0.8957191747480014,0.6918185861250508,0.12161815681964938
Neck_2-7,..\data\processed\wet\Neck_2-7_v0.wav,0.06504595773714061,0.5849235200587458,3.565276476977772,0.4174560710937415,0.06504595773714061,0.974872533431243,0.6811725504395049,0.4174560710937415
Neck_2-7,..\data\processed\wet\Neck_2-7_v1.wav,0.7017310407557849,0.45379907188809543,4.009829910749507,0.47787730565305764,0.7017310407557849,0.7563317864801591,0.7799622023887793,0.47787730565305764
Neck_2-7,..\data\processed\wet\Neck_2-7_v2.wav,0.429882758124848,0.006616850561340204,4.669507018138271,0.6033078783889431,0.429882758124848,0.01102808426890034,0.9265571151418379,0.6033078783889431
Neck_2-7,..\data\processed\wet\Neck_2-7_v3.wav,0.2031539371899681,0.551762051652862,4.617193557966334,0.9891841643660959,0.2031539371899681,0.9196034194214366,0.9149319017702964,0.9891841643660959
Neck_2-7,..\data\processed\wet\Neck_2-7_v4.wav,0.8740565631389788,0.5986706326920388,1.6010878465547267,0.8422495851992341,0.8740565631389788,0.9977843878200647,0.24468618812327259,0.8422495851992341
Neck_2-8,..\data\processed\wet\Neck_2-8_v0.wav,0.8230283087957645,0.13856421553244025,0.9429689705044585,0.9794205136775996,0.8230283087957645,0.23094035922073375,0.09843754900099078,0.9794205136775996
Neck_2-8,..\data\processed\wet\Neck_2-8_v1.wav,0.29602455152061036,0.5225350742806836,0.5185721960357175,0.021024807219602204,0.29602455152061036,0.870891790467806,0.004127154674603882,0.021024807219602204
Neck_2-8,..\data\processed\wet\Neck_2-8_v2.wav,0.4658713086963684,0.14322881036103813,3.604285775461839,0.5655643255679543,0.4658713086963684,0.23871468393506357,0.6898412834359643,0.5655643255679543
Neck_2-8,..\data\processed\wet\Neck_2-8_v3.wav,0.07748579745049144,0.09757697778943024,2.2462217152628643,0.18560406395543316,0.07748579745049144,0.16262829631571707,0.3880492700584143,0.18560406395543316
Neck_2-8,..\data\processed\wet\Neck_2-8_v4.wav,0.7922223472439286,0.24964214133196802,0.9204434007912468,0.48434290227212484,0.7922223472439286,0.41607023555328004,0.09343186684249928,0.48434290227212484
Neck_2-9,..\data\processed\wet\Neck_2-9_v0.wav,0.09083818106141417,0.07736238325189031,1.5782442441269238,0.8595277052474898,0.09083818106141417,0.12893730541981718,0.2396098320282053,0.8595277052474898
Neck_2-9,..\data\processed\wet\Neck_2-9_v1.wav,0.9246125323329719,0.49575463759924143,2.0033474783803125,0.27244644110883165,0.9246125323329719,0.8262577293320691,0.33407721741784724,0.27244644110883165
Neck_2-9,..\data\processed\wet\Neck_2-9_v2.wav,0.5491556907902392,0.4331118963198674,4.9701775467207865,0.13157071187892622,0.5491556907902392,0.7218531605331123,0.9933727881601748,0.13157071187892622
Neck_2-9,..\data\processed\wet\Neck_2-9_v3.wav,0.049291999023804434,0.4166135333971626,4.245016025767574,0.8463487798664232,0.049291999023804434,0.694355888995271,0.8322257835039054,0.8463487798664232
Neck_2-9,..\data\processed\wet\Neck_2-9_v4.wav,0.6784635490771607,0.5724094824715122,2.7995214359506413,0.9138147983362125,0.6784635490771607,0.9540158041191871,0.5110047635445869,0.9138147983362125
Neck_3-0,..\data\processed\wet\Neck_3-0_v0.wav,0.967812136991523,0.5082944742018646,1.8939135346637928,0.19621565117029527,0.967812136991523,0.8471574570031076,0.3097585632586206,0.19621565117029527
Neck_3-0,..\data\processed\wet\Neck_3-0_v1.wav,0.5481200649818184,0.2718088502281131,4.449912539867299,0.10003167106715372,0.5481200649818184,0.45301475038018846,0.8777583421927331,0.10003167106715372
Neck_3-0,..\data\processed\wet\Neck_3-0_v2.wav,0.2577400613115186,0.4510793667112251,0.9274399023979045,0.3207644140217002,0.2577400613115186,0.7517989445187085,0.09498664497731212,0.3207644140217002
Neck_3-0,..\data\processed\wet\Neck_3-0_v3.wav,0.38715539405398314,0.373556277937614,1.2115969057371405,0.8606044903497095,0.38715539405398314,0.62259379656269,0.15813264571936456,0.8606044903497095
Neck_3-0,..\data\processed\wet\Neck_3-0_v4.wav,0.44754223546627425,0.5502130271283339,2.605414611352692,0.27504025894073336,0.44754223546627425,0.9170217118805565,0.4678699136339316,0.27504025894073336
Neck_3-1,..\data\processed\wet\Neck_3-1_v0.wav,0.14182882868767488,0.0022470568267708877,2.8947086824317605,0.10715669692692342,0.14182882868767488,0.003745094711284813,0.5321574849848356,0.10715669692692342
Neck_3-1,..\data\processed\wet\Neck_3-1_v1.wav,0.3917277636311782,0.353563056742252,1.7405865360621513,0.17522429236611525,0.3917277636311782,0.5892717612370867,0.2756858969027003,0.17522429236611525
Neck_3-1,..\data\processed\wet\Neck_3-1_v2.wav,0.7747216226093416,0.5680747033689724,0.951981880378847,0.15559032438500786,0.7747216226093416,0.9467911722816207,0.100440417861966,0.15559032438500786
Neck_3-1,..\data\processed\wet\Neck_3-1_v3.wav,0.9600126572527187,0.022670533087347764,4.899345514477125,0.004644483084988771,0.9600126572527187,0.03778422181224628,0.9776323365504722,0.004644483084988771
Neck_3-1,..\data\processed\wet\Neck_3-1_v4.wav,0.8736686556513313,0.1843951085926497,4.723649861797835,0.31694528863558546,0.8736686556513313,0.3073251809877495,0.9385888581772966,0.31694528863558546
Neck_3-10,..\data\processed\wet\Neck_3-10_v0.wav,0.654306321534056,0.04801954185956198,1.5904841515418255,0.7736793464792507,0.654306321534056,0.08003256976593665,0.242329811453739,0.7736793464792507
Neck_3-10,..\data\processed\wet\Neck_3-10_v1.wav,0.5286858536788197,0.5567814370722268,2.4293813375360944,0.8698123658139231,0.5286858536788197,0.9279690617870447,0.42875140834135433,0.8698123658139231
Neck_3-10,..\data\processed\wet\Neck_3-10_v2.wav,0.4489554374782375,0.5875489672211911,4.819254716294946,0.3291367055560803,0.4489554374782375,0.9792482787019852,0.9598343813988769,0.3291367055560803
Neck_3-10,..\data\processed\wet\Neck_3-10_v3.wav,0.8859236704168032,0.5085668245293895,1.4480617879740327,0.6242904007832697,0.8859236704168032,0.8476113742156492,0.21068039732756283,0.6242904007832697
Neck_3-10,..\data\processed\wet\Neck_3-10_v4.wav,0.07268231558981486,0.5020264323500769,1.2854564757657343,0.07081470138576451,0.07268231558981486,0.8367107205834616,0.1745458835034965,0.07081470138576451
Neck_3-11,..\data\processed\wet\Neck_3-11_v0.wav,0.4002190955388112,0.34615328315978605,4.34712631351897,0.9742425255217365,0.4002190955388112,0.5769221385996435,0.8549169585597711,0.9742425255217365
Neck_3-11,..\data\processed\wet\Neck_3-11_v1.wav,0.43949251256986366,0.036268153791162126,3.871020105616418,0.5651732562239374,0.43949251256986366,0.06044692298527021,0.7491155790258707,0.5651732562239374
Neck_3-11,..\data\processed\wet\Neck_3-11_v2.wav,0.44789134484446314,0.1855613272753138,2.7607933752959104,0.33867960445703094,0.44789134484446314,0.30926887879218967,0.5023985278435357,0.33867960445703094
Neck_3-11,..\data\processed\wet\Neck_3-11_v3.wav,0.7570118677473603,0.32633621789558465,4.445814983693504,0.5435439146494421,0.7570118677473603,0.5438936964926411,0.876847774154112,0.5435439146494421
Neck_3-11,..\data\processed\wet\Neck_3-11_v4.wav,0.23826241333993003,0.5106551293392867,3.0074857021851975,0.20684103814356125,0.23826241333993003,0.8510918822321445,0.5572190449300439,0.20684103814356125
Neck_3-12,..\data\processed\wet\Neck_3-12_v0.wav,0.6235078099562221,0.21463005896545653,4.299825255314296,0.4532997386465428,0.6235078099562221,0.35771676494242755,0.8444056122920658,0.4532997386465428
Neck_3-12,..\data\processed\wet\Neck_3-12_v1.wav,0.7264413581074167,0.05732172458174229,2.282109558360558,0.9832414364723987,0.7264413581074167,0.09553620763623716,0.39602434630234623,0.9832414364723987
Neck_3-12,..\data\processed\wet\Neck_3-12_v2.wav,0.8084602894771483,0.09596448142015719,1.7499382226476479,0.3298158088563611,0.8084602894771483,0.15994080236692865,0.2777640494772551,0.3298158088563611
Neck_3-12,..\data\processed\wet\Neck_3-12_v3.wav,0.6503655604954457,0.4541968556937933,3.872869739635594,0.5098740563064028,0.6503655604954457,0.7569947594896556,0.7495266088079098,0.5098740563064028
Neck_3-12,..\data\processed\wet\Neck_3-12_v4.wav,0.8108205378381512,0.262246849654485,1.0574625438300287,0.5644418416538133,0.8108205378381512,0.43707808275747506,0.12388056529556193,0.5644418416538133
Neck_3-13,..\data\processed\wet\Neck_3-13_v0.wav,0.9523013846011067,0.4757961908355068,3.104152914615091,0.6468056603490969,0.9523013846011067,0.7929936513925113,0.5787006476922424,0.6468056603490969
Neck_3-13,..\data\processed\wet\Neck_3-13_v1.wav,0.9305620270355727,0.2570056766609763,1.9912736252418681,0.977241565000449,0.9305620270355727,0.4283427944349605,0.33139413894263736,0.977241565000449
Neck_3-13,..\data\processed\wet\Neck_3-13_v2.wav,0.8634431335103334,0.19382615077116142,2.587012688124153,0.41507812900779906,0.8634431335103334,0.3230435846186024,0.46378059736092286,0.41507812900779906
Neck_3-13,..\data\processed\wet\Neck_3-13_v3.wav,0.14909567867143392,0.5746915942879555,2.3194059404889145,0.875329082637908,0.14909567867143392,0.9578193238132592,0.4043124312197588,0.875329082637908
Neck_3-13,..\data\processed\wet\Neck_3-13_v4.wav,0.18935622768066507,0.32872248638233187,0.6078262330592141,0.7642204838423086,0.18935622768066507,0.5478708106372198,0.023961385124269804,0.7642204838423086
Neck_3-14,..\data\processed\wet\Neck_3-14_v0.wav,0.5809138982462784,0.3753537500818516,0.7327439714959405,0.2110383302086154,0.5809138982462784,0.6255895834697527,0.051720882554653444,0.2110383302086154
Neck_3-14,..\data\processed\wet\Neck_3-14_v1.wav,0.07433087235358016,0.17334858948228707,3.3234755345696794,0.5661859843173752,0.07433087235358016,0.28891431580381177,0.627439007682151,0.5661859843173752
Neck_3-14,..\data\processed\wet\Neck_3-14_v2.wav,0.6121498216133903,0.32955076282673657,1.7286295805413672,0.24450749734442523,0.6121498216133903,0.5492512713778943,0.27302879567585936,0.24450749734442523
Neck_3-14,..\data\processed\wet\Neck_3-14_v3.wav,0.13705968353658127,0.5094425249420952,3.2741571134356002,0.18651101250405977,0.13705968353658127,0.849070874903492,0.6164793585412445,0.18651101250405977
Neck_3-14,..\data\processed\wet\Neck_3-14_v4.wav,0.17720937982123952,0.523821360915682,3.842288886934937,0.6593990799053714,0.17720937982123952,0.8730356015261367,0.7427308637633193,0.6593990799053714
Neck_3-15,..\data\processed\wet\Neck_3-15_v0.wav,0.4068641075392998,0.1571853385671105,4.907528434007707,0.7972395750228002,0.4068641075392998,0.26197556427851754,0.9794507631128239,0.7972395750228002
Neck_3-15,..\data\processed\wet\Neck_3-15_v1.wav,0.3017792231362765,0.5085388777670968,3.9151937687660667,0.29708054987799837,0.3017792231362765,0.8475647962784948,0.7589319486146815,0.29708054987799837
Neck_3-15,..\data\processed\wet\Neck_3-15_v2.wav,0.4265528542416397,0.11157206723461599,0.9997359997014921,0.7227620328396968,0.4265528542416397,0.18595344539102665,0.11105244437810935,0.7227620328396968
Neck_3-15,..\data\processed\wet\Neck_3-15_v3.wav,0.2675118573538666,0.49203561944775215,4.980239201814918,0.07661981392964867,0.2675118573538666,0.8200593657462536,0.9956087115144262,0.07661981392964867
Neck_3-15,..\data\processed\wet\Neck_3-15_v4.wav,0.47303512508370027,0.4812375355864818,4.050279034435551,0.7599971583309685,0.47303512508370027,0.8020625593108031,0.7889508965412335,0.7599971583309685
Neck_3-16,..\data\processed\wet\Neck_3-16_v0.wav,0.34899493530191095,0.27231195341103137,3.177357608036616,0.9739405835732572,0.34899493530191095,0.4538532556850523,0.5949683573414702,0.9739405835732572
Neck_3-16,..\data\processed\wet\Neck_3-16_v1.wav,0.3275472709384929,0.5538863326301147,1.7121061318122235,0.9890744654737046,0.3275472709384929,0.9231438877168578,0.2693569181804941,0.9890744654737046
Neck_3-16,..\data\processed\wet\Neck_3-16_v2.wav,0.6702636868275917,0.2781068882151306,3.260256926286222,0.2725311690402068,0.6702636868275917,0.463511480358551,0.6133904280636049,0.2725311690402068
Neck_3-16,..\data\processed\wet\Neck_3-16_v3.wav,0.2741738575114666,0.0681327263060963,1.0132263396742944,0.34767174146891133,0.2741738575114666,0.11355454384349385,0.11405029770539876,0.34767174146891133
Neck_3-16,..\data\processed\wet\Neck_3-16_v4.wav,0.7628554778963716,0.3647827005588975,0.9616305214895937,0.852236524975911,0.7628554778963716,0.6079711675981625,0.10258456033102083,0.852236524975911
Neck_3-17,..\data\processed\wet\Neck_3-17_v0.wav,0.6013676269900664,0.5765133460708678,3.515834603350434,0.175174863704181,0.6013676269900664,0.9608555767847797,0.6701854674112075,0.175174863704181
Neck_3-17,..\data\processed\wet\Neck_3-17_v1.wav,0.47378336230782225,0.3890985585283225,0.6271911547248996,0.014910264154807895,0.47378336230782225,0.6484975975472042,0.028264701049977692,0.014910264154807895
Neck_3-17,..\data\processed\wet\Neck_3-17_v2.wav,0.1294030005985679,0.15099866102728246,2.4329710558430397,0.4874404737597884,0.1294030005985679,0.25166443504547076,0.4295491235206755,0.4874404737597884
Neck_3-17,..\data\processed\wet\Neck_3-17_v3.wav,0.13802760893789678,0.4040349474694985,3.1826212776344067,0.2944640988411602,0.13802760893789678,0.6733915791158308,0.5961380616965348,0.2944640988411602
Neck_3-17,..\data\processed\wet\Neck_3-17_v4.wav,0.013659883435292008,0.046588749211974444,2.2626264897987776,0.15397435116568392,0.013659883435292008,0.07764791535329074,0.3916947755108395,0.15397435116568392
Neck_3-18,..\data\processed\wet\Neck_3-18_v0.wav,0.37681960614797083,0.37690956270621306,2.9625684254567757,0.23117588313739423,0.37681960614797083,0.6281826045103551,0.5472374278792835,0.23117588313739423
Neck_3-18,..\data\processed\wet\Neck_3-18_v1.wav,0.3438224912587524,0.3684187190691904,4.373847626195519,0.7532134387388773,0.3438224912587524,0.6140311984486506,0.8608550280434487,0.7532134387388773
Neck_3-18,..\data\processed\wet\Neck_3-18_v2.wav,0.5534000268334149,0.2173757989898917,2.142730748938124,0.8794173102643961,0.5534000268334149,0.3622929983164862,0.3650512775418054,0.8794173102643961
Neck_3-18,..\data\processed\wet\Neck_3-18_v3.wav,0.0392435760405464,0.5927895866521565,3.48968934883203,0.6811376990723905,0.0392435760405464,0.987982644420261,0.6643754108515623,0.6811376990723905
Neck_3-18,..\data\processed\wet\Neck_3-18_v4.wav,0.037997837304742155,0.3633175649347633,2.6815012704070114,0.10577890689406699,0.037997837304742155,0.6055292748912722,0.484778060090447,0.10577890689406699
Neck_3-19,..\data\processed\wet\Neck_3-19_v0.wav,0.2779220107693591,0.5341886737281907,2.9749478713967883,0.41341657517390873,0.2779220107693591,0.8903144562136511,0.5499884158659529,0.41341657517390873
Neck_3-19,..\data\processed\wet\Neck_3-19_v1.wav,0.07268215584081095,0.42847291644138336,3.6628287052821467,0.6140436069725635,0.07268215584081095,0.7141215274023056,0.7028508233960326,0.6140436069725635
Neck_3-19,..\data\processed\wet\Neck_3-19_v2.wav,0.5102626462206492,0.2602706413244236,3.1697199184459652,0.2333954517284067,0.5102626462206492,0.43378440220737274,0.5932710929879923,0.2333954517284067
Neck_3-19,..\data\processed\wet\Neck_3-19_v3.wav,0.9412590641776477,0.3532767175081377,1.9003659995946944,0.4496798508851573,0.9412590641776477,0.5887945291802296,0.31119244435437654,0.4496798508851573
Neck_3-19,..\data\processed\wet\Neck_3-19_v4.wav,0.8056847888768923,0.09696963643817846,1.8177603010711718,0.6795080227365554,0.8056847888768923,0.16161606073029744,0.2928356224602604,0.6795080227365554
Neck_3-2,..\data\processed\wet\Neck_3-2_v0.wav,0.3154892064822239,0.47550100911687954,1.0870406922981237,0.7626861704546085,0.3154892064822239,0.792501681861466,0.13045348717736083,0.7626861704546085
Neck_3-2,..\data\processed\wet\Neck_3-2_v1.wav,0.06835171485056624,0.00755556760049687,4.54200583474473,0.5813392169322986,0.06835171485056624,0.012592612667494785,0.8982235188321622,0.5813392169322986
Neck_3-2,..\data\processed\wet\Neck_3-2_v2.wav,0.3518268970868115,0.13955678217831025,3.2759860246736725,0.5090021835367382,0.3518268970868115,0.2325946369638504,0.6168857832608161,0.5090021835367382
Neck_3-2,..\data\processed\wet\Neck_3-2_v3.wav,0.9915977755299852,0.5899295919922475,3.3576105476372433,0.4428705061058905,0.9915977755299852,0.9832159866537459,0.6350245661416096,0.4428705061058905
Neck_3-2,..\data\processed\wet\Neck_3-2_v4.wav,0.4911409691346621,0.40948743974211715,0.9570854490592162,0.3283520738107182,0.4911409691346621,0.6824790662368619,0.10157454423538138,0.3283520738107182
Neck_3-20,..\data\processed\wet\Neck_3-20_v0.wav,0.07527224100360386,0.04401645571015173,1.3812765885240519,0.4852532545932269,0.07527224100360386,0.07336075951691956,0.19583924189423374,0.4852532545932269
Neck_3-20,..\data\processed\wet\Neck_3-20_v1.wav,0.7847743211627893,0.2912975346995235,2.0096447475239136,0.08235299033675814,0.7847743211627893,0.48549589116587255,0.3354766105608697,0.08235299033675814
Neck_3-20,..\data\processed\wet\Neck_3-20_v2.wav,0.5502955231831296,0.16276115188990606,3.2672038006271635,0.9771877391324183,0.5502955231831296,0.27126858648317675,0.6149341779171474,0.9771877391324183
Neck_3-20,..\data\processed\wet\Neck_3-20_v3.wav,0.11131432147755016,0.12727523923316394,2.628925421447186,0.9686138153459295,0.11131432147755016,0.21212539872193992,0.47309453809937474,0.9686138153459295
Neck_3-20,..\data\processed\wet\Neck_3-20_v4.wav,0.7718097762699956,0.538937515897698,2.001716818141068,0.9920384737785946,0.7718097762699956,0.89822919316283,0.33371484847579286,0.9920384737785946
Neck_3-21,..\data\processed\wet\Neck_3-21_v0.wav,0.1028328160641574,0.031783743627660496,4.350211821743127,0.9272648702069862,0.1028328160641574,0.05297290604610083,0.8556026270540281,0.9272648702069862
Neck_3-21,..\data\processed\wet\Neck_3-21_v1.wav,0.09058535754610175,0.06805645604750489,0.6492837099009822,0.1045075626427241,0.09058535754610175,0.11342742674584148,0.033174157755773814,0.1045075626427241
Neck_3-21,..\data\processed\wet\Neck_3-21_v2.wav,0.20941981680028088,0.5820459713460006,3.505371000078562,0.7785530255185421,0.20941981680028088,0.970076618910001,0.6678602222396804,0.7785530255185421
Neck_3-21,..\data\processed\wet\Neck_3-21_v3.wav,0.7761394036915221,0.3210442498675288,4.088700399708578,0.5958075323899696,0.7761394036915221,0.5350737497792146,0.7974889777130172,0.5958075323899696
Neck_3-21,..\data\processed\wet\Neck_3-21_v4.wav,0.3145460976033576,0.3366660652610404,2.9007886376053107,0.8234530537593207,0.3145460976033576,0.5611101087684007,0.5335085861345135,0.8234530537593207
Neck_3-22,..\data\processed\wet\Neck_3-22_v0.wav,0.981727217381659,0.2466255392525583,3.9352580529861183,0.09976300403813354,0.981727217381659,0.41104256542093054,0.7633906784413597,0.09976300403813354
Neck_3-22,..\data\processed\wet\Neck_3-22_v1.wav,0.7768313694482886,0.22285014719593926,0.67725573300359,0.3632461785621772,0.7768313694482886,0.3714169119932321,0.039390162889686664,0.3632461785621772
Neck_3-22,..\data\processed\wet\Neck_3-22_v2.wav,0.6106427509216448,0.07155010060887994,4.658155215936146,0.07767241327283858,0.6106427509216448,0.11925016768146657,0.9240344924302547,0.07767241327283858
Neck_3-22,..\data\processed\wet\Neck_3-22_v3.wav,0.9300067198331662,0.4242825107614119,1.9837047893639164,0.3907503477090932,0.9300067198331662,0.7071375179356865,0.3297121754142036,0.3907503477090932
Neck_3-22,..\data\processed\wet\Neck_3-22_v4.wav,0.7408093647327442,0.3608826605287244,3.5223931465472536,0.38916461651348,0.7408093647327442,0.6014711008812074,0.6716429214549452,0.38916461651348
Neck_3-3,..\data\processed\wet\Neck_3-3_v0.wav,0.487813481807599,0.593920490422736,1.4626529172487297,0.4178561865221314,0.487813481807599,0.9898674840378934,0.2139228704997177,0.4178561865221314
Neck_3-3,..\data\processed\wet\Neck_3-3_v1.wav,0.2918231875739673,0.4590669062639099,3.9380568154957434,0.2924454609973959,0.2918231875739673,0.7651115104398498,0.7640126256657207,0.2924454609973959
Neck_3-3,..\data\processed\wet\Neck_3-3_v2.wav,0.0813903166329829,0.006859606003322427,2.423527399591185,0.4103375943357709,0.0813903166329829,0.011432676672204045,0.42745053324248555,0.4103375943357709
Neck_3-3,..\data\processed\wet\Neck_3-3_v3.wav,0.9883898786398629,0.28188124541860776,1.6538826630893928,0.8912294410314674,0.9883898786398629,0.4698020756976796,0.25641836957542063,0.8912294410314674
Neck_3-3,..\data\processed\wet\Neck_3-3_v4.wav,0.4910679496535785,0.35950538112634667,0.930509196926957,0.38291640732977406,0.4910679496535785,0.5991756352105778,0.09566871042821266,0.38291640732977406
Neck_3-4,..\data\processed\wet\Neck_3-4_v0.wav,0.9442236744737867,0.35370323050525526,2.0502583481410777,0.6256671806315931,0.9442236744737867,0.5895053841754254,0.3445018551424617,0.6256671806315931
Neck_3-4,..\data\processed\wet\Neck_3-4_v1.wav,0.9104110895781161,0.16439436028355403,2.7730252331180347,0.9586906539117553,0.9104110895781161,0.27399060047259005,0.5051167184706744,0.9586906539117553
Neck_3-4,..\data\processed\wet\Neck_3-4_v2.wav,0.17239614329845265,0.4317983553580269,3.265164536913421,0.6796751311406348,0.17239614329845265,0.7196639255967116,0.6144810082029823,0.6796751311406348
Neck_3-4,..\data\processed\wet\Neck_3-4_v3.wav,0.35121963066756967,0.18832762409025897,3.578943517647667,0.21554328510454535,0.35121963066756967,0.31387937348376493,0.6842096705883705,0.21554328510454535
Neck_3-4,..\data\processed\wet\Neck_3-4_v4.wav,0.4196547448590051,0.1129047876317508,0.5373717850549838,0.9700573600380694,0.4196547448590051,0.188174646052918,0.008304841123329743,0.9700573600380694
Neck_3-5,..\data\processed\wet\Neck_3-5_v0.wav,0.43170297865641905,0.5816097686518952,1.1314558389552174,0.587366779457486,0.43170297865641905,0.9693496144198254,0.1403235197678261,0.587366779457486
Neck_3-5,..\data\processed\wet\Neck_3-5_v1.wav,0.2009740327912396,0.4740444761779648,4.0266634494243885,0.1126071490393118,0.2009740327912396,0.7900741269632747,0.7837029887609752,0.1126071490393118
Neck_3-5,..\data\processed\wet\Neck_3-5_v2.wav,0.9120644528763892,0.11677778832193476,3.2583980371521215,0.985633620087704,0.9120644528763892,0.19462964720322462,0.6129773415893603,0.985633620087704
Neck_3-5,..\data\processed\wet\Neck_3-5_v3.wav,0.8823965347663638,0.5739383571367014,2.0416944704815374,0.10557564221946336,0.8823965347663638,0.956563928561169,0.34259877121811944,0.10557564221946336
Neck_3-5,..\data\processed\wet\Neck_3-5_v4.wav,0.1883468732894501,0.30029693704596827,4.06953355222995,0.15015364418387522,0.1883468732894501,0.5004948950766138,0.7932296782733221,0.15015364418387522
Neck_3-6,..\data\processed\wet\Neck_3-6_v0.wav,0.6597315322607571,0.19414656242370712,2.035409325764691,0.6619177301579263,0.6597315322607571,0.32357760403951186,0.3412020723921535,0.6619177301579263
Neck_3-6,..\data\processed\wet\Neck_3-6_v1.wav,0.4669994195332202,0.48721997581559634,1.2016332934827219,0.7899482697670385,0.4669994195332202,0.8120332930259939,0.15591850966282708,0.7899482697670385
Neck_3-6,..\data\processed\wet\Neck_3-6_v2.wav,0.06423524805742087,0.11643232814736298,3.452673715264244,0.8549256565110712,0.06423524805742087,0.194053880245605,0.6561497145031654,0.8549256565110712
Neck_3-6,..\data\processed\wet\Neck_3-6_v3.wav,0.25267962773934904,0.19631496349734776,2.9170433672903298,0.21157280648930232,0.25267962773934904,0.32719160582891293,0.53712074828674,0.21157280648930232
Neck_3-6,..\data\processed\wet\Neck_3-6_v4.wav,0.8111562615875056,0.4641819870034565,1.1538127038460173,0.4638297318166321,0.8111562615875056,0.7736366450057608,0.1452917119657816,0.4638297318166321
Neck_3-7,..\data\processed\wet\Neck_3-7_v0.wav,0.7748277666546214,0.20239771866204886,3.3489807022297926,0.05021312145757273,0.7748277666546214,0.3373295311034148,0.6331068227177317,0.05021312145757273
Neck_3-7,..\data\processed\wet\Neck_3-7_v1.wav,0.608688760529318,0.0915917880003642,4.2376249630150316,0.35544946358047846,0.608688760529318,0.152652980000607,0.8305833251144514,0.35544946358047846
Neck_3-7,..\data\processed\wet\Neck_3-7_v2.wav,0.2815538627281957,0.504533386026891,0.7256481038231459,0.3966087993343448,0.2815538627281957,0.8408889767114851,0.050144023071810206,0.3966087993343448
Neck_3-7,..\data\processed\wet\Neck_3-7_v3.wav,0.3700035405750314,0.1708802245497305,4.602894494006646,0.7509283935167222,0.3700035405750314,0.28480037424955085,0.9117543320014769,0.7509283935167222
Neck_3-7,..\data\processed\wet\Neck_3-7_v4.wav,0.06392316419193877,0.4288124696609725,2.872846099079573,0.9008678944015792,0.06392316419193877,0.7146874494349541,0.527299133128794,0.9008678944015792
Neck_3-8,..\data\processed\wet\Neck_3-8_v0.wav,0.31294561734835846,0.3444971997657497,2.753398736334437,0.48956090622760573,0.31294561734835846,0.5741619996095829,0.500755274740986,0.48956090622760573
Neck_3-8,..\data\processed\wet\Neck_3-8_v1.wav,0.45610539951721263,0.12337768531936877,3.9006946512157676,0.4513360327392887,0.45610539951721263,0.20562947553228128,0.7557099224923928,0.4513360327392887
Neck_3-8,..\data\processed\wet\Neck_3-8_v2.wav,0.9585162750026057,0.15648505631566578,3.572347278321685,0.9407170796391084,0.9585162750026057,0.2608084271927763,0.6827438396270411,0.9407170796391084
Neck_3-8,..\data\processed\wet\Neck_3-8_v3.wav,0.6634583230160925,0.5227637445704367,4.223664318906527,0.36011771548900384,0.6634583230160925,0.8712729076173946,0.8274809597570061,0.36011771548900384
Neck_3-8,..\data\processed\wet\Neck_3-8_v4.wav,0.6001239399394965,0.09375680388681336,2.909866472130198,0.2304219718143372,0.6001239399394965,0.1562613398113556,0.5355258826955995,0.2304219718143372
Neck_3-9,..\data\processed\wet\Neck_3-9_v0.wav,0.7437368149524456,0.31683505313527477,2.350523131842472,0.26879709616697756,0.7437368149524456,0.5280584218921246,0.41122736263166043,0.26879709616697756
Neck_3-9,..\data\processed\wet\Neck_3-9_v1.wav,0.9986984818412868,0.04302631253095961,0.6960230625758901,0.21725740049386455,0.9986984818412868,0.07171052088493268,0.04356068057242002,0.21725740049386455
Neck_3-9,..\data\processed\wet\Neck_3-9_v2.wav,0.9710724586278197,0.5875429009919907,3.447174806474612,0.8801066672064047,0.9710724586278197,0.9792381683199846,0.654927734772136,0.8801066672064047
Neck_3-9,..\data\processed\wet\Neck_3-9_v3.wav,0.2139617308407954,0.5832252565059741,1.142531825628041,0.10112518818165828,0.2139617308407954,0.9720420941766236,0.14278485013956466,0.10112518818165828
Neck_3-9,..\data\processed\wet\Neck_3-9_v4.wav,0.1122115392472729,0.3438767539635388,4.014384803231236,0.3666671778746331,0.1122115392472729,0.5731279232725647,0.7809744007180525,0.3666671778746331
Neck_4-0,..\data\processed\wet\Neck_4-0_v0.wav,0.9778959877861265,0.26065208287099767,1.1770184784794733,0.4659667481861367,0.9778959877861265,0.43442013811832947,0.15044855077321628,0.4659667481861367
Neck_4-0,..\data\processed\wet\Neck_4-0_v1.wav,0.6790371654224399,0.4993354683026272,2.564457304804668,0.5936068260491675,0.6790371654224399,0.8322257805043787,0.4587682899565929,0.5936068260491675
Neck_4-0,..\data\processed\wet\Neck_4-0_v2.wav,0.26734471215885336,0.3875499158433084,4.936873747776547,0.04905357258779386,0.26734471215885336,0.645916526405514,0.9859719439503437,0.04905357258779386
Neck_4-0,..\data\processed\wet\Neck_4-0_v3.wav,0.8865306707051678,0.33736950166051366,1.6344439680303497,0.9548897100092579,0.8865306707051678,0.5622825027675228,0.25209865956229993,0.9548897100092579
Neck_4-0,..\data\processed\wet\Neck_4-0_v4.wav,0.4833543030588989,0.19901415100403136,1.316739327218785,0.24445221025666208,0.4833543030588989,0.3316902516733856,0.18149762827084112,0.24445221025666208
Neck_4-1,..\data\processed\wet\Neck_4-1_v0.wav,0.8328490415914426,0.3686460055902995,4.6096052876974225,0.23196845215778583,0.8328490415914426,0.6144100093171658,0.9132456194883161,0.23196845215778583
Neck_4-1,..\data\processed\wet\Neck_4-1_v1.wav,0.12113857384890148,0.003652518585354003,2.7853791692719723,0.9983069303819881,0.12113857384890148,0.006087530975590005,0.5078620376159938,0.9983069303819881
Neck_4-1,..\data\processed\wet\Neck_4-1_v2.wav,0.694965268818639,0.18503675517908763,4.445863623617773,0.7817222659879597,0.694965268818639,0.30839459196514607,0.8768585830261717,0.7817222659879597
Neck_4-1,..\data\processed\wet\Neck_4-1_v3.wav,0.015415166076539255,0.49011628832461346,1.852370407573232,0.1496734645836011,0.015415166076539255,0.8168604805410224,0.300526757238496,0.1496734645836011
Neck_4-1,..\data\processed\wet\Neck_4-1_v4.wav,0.22633083973707457,0.2811478826250834,2.41190567180605,0.28888729937422675,0.22633083973707457,0.468579804375139,0.4248679270680111,0.28888729937422675
Neck_4-10,..\data\processed\wet\Neck_4-10_v0.wav,0.1722183222070327,0.45733847378530157,4.955494026807127,0.7777915804196904,0.1722183222070327,0.7622307896421693,0.9901097837349171,0.7777915804196904
Neck_4-10,..\data\processed\wet\Neck_4-10_v1.wav,0.2959369676715412,0.14688537684728,1.479496442296722,0.13669507448903628,0.2959369676715412,0.24480896141213335,0.21766587606593824,0.13669507448903628
Neck_4-10,..\data\processed\wet\Neck_4-10_v2.wav,0.5513305496923012,0.3632402231720065,3.674761972984118,0.680213370933668,0.5513305496923012,0.6054003719533442,0.7055026606631373,0.680213370933668
Neck_4-10,..\data\processed\wet\Neck_4-10_v3.wav,0.29233331128338247,0.1981866032381079,3.5668154094905202,0.34944764078362833,0.29233331128338247,0.33031100539684655,0.6815145354423379,0.34944764078362833
Neck_4-10,..\data\processed\wet\Neck_4-10_v4.wav,0.21262318961931304,0.22460169221804374,1.7243787091008995,0.0883127212185778,0.21262318961931304,0.37433615369673956,0.27208415757797766,0.0883127212185778
Neck_4-11,..\data\processed\wet\Neck_4-11_v0.wav,0.8301389022766535,0.5118668334942218,1.4888763507509575,0.06477219952520175,0.8301389022766535,0.8531113891570363,0.21975030016687944,0.06477219952520175
Neck_4-11,..\data\processed\wet\Neck_4-11_v1.wav,0.7388274373511795,0.1269171755180482,2.270459702465871,0.06413525223738326,0.7388274373511795,0.2115286258634137,0.39343548943686024,0.06413525223738326
Neck_4-11,..\data\processed\wet\Neck_4-11_v2.wav,0.22626958475843517,0.47574136699778147,4.1197840111184085,0.2070848248877104,0.22626958475843517,0.7929022783296358,0.8043964469152018,0.2070848248877104
Neck_4-11,..\data\processed\wet\Neck_4-11_v3.wav,0.33591384510668953,0.08054305145624614,0.8337768362821507,0.9921717144484095,0.33591384510668953,0.13423841909374357,0.07417263028492238,0.9921717144484095
Neck_4-11,..\data\processed\wet\Neck_4-11_v4.wav,0.6555939512448392,0.32525790551899125,3.944743251823848,0.8400771596877241,0.6555939512448392,0.5420965091983188,0.7654985004052995,0.8400771596877241
Neck_4-12,..\data\processed\wet\Neck_4-12_v0.wav,0.8067147680447275,0.009923669573925964,1.340635541857243,0.654905302117831,0.8067147680447275,0.016539449289876607,0.18680789819049848,0.654905302117831
Neck_4-12,..\data\processed\wet\Neck_4-12_v1.wav,0.3757593478039629,0.5894895906366642,3.4943215668721432,0.9565489087292065,0.3757593478039629,0.982482651061107,0.665404792638254,0.9565489087292065
Neck_4-12,..\data\processed\wet\Neck_4-12_v2.wav,0.20144648164579382,0.5183742168690139,1.946085376168514,0.9895648082378068,0.20144648164579382,0.8639570281150232,0.32135230581522534,0.9895648082378068
Neck_4-12,..\data\processed\wet\Neck_4-12_v3.wav,0.1576886720731473,0.30980389130299596,4.067800402267048,0.4326424806040359,0.1576886720731473,0.5163398188383266,0.7928445338371218,0.4326424806040359
Neck_4-12,..\data\processed\wet\Neck_4-12_v4.wav,0.4680840601876467,0.5918134773034446,2.41388667635519,0.6040721005990636,0.4680840601876467,0.986355795505741,0.4253081503011533,0.6040721005990636
Neck_4-13,..\data\processed\wet\Neck_4-13_v0.wav,0.0545396606751507,0.505326048126156,3.4167562204079456,0.40402010286281353,0.0545396606751507,0.84221008021026,0.6481680489795435,0.40402010286281353
Neck_4-13,..\data\processed\wet\Neck_4-13_v1.wav,0.01616953995451975,0.35500129235610234,0.5569602281787298,0.0012036139090179088,0.01616953995451975,0.5916688205935039,0.01265782848416218,0.0012036139090179088
Neck_4-13,..\data\processed\wet\Neck_4-13_v2.wav,0.6160985621493547,0.11341024040073255,1.3634939737314289,0.6532715658327437,0.6160985621493547,0.18901706733455426,0.1918875497180953,0.6532715658327437
Neck_4-13,..\data\processed\wet\Neck_4-13_v3.wav,0.05369718793937428,0.1880433368847338,1.1724435596390859,0.5801763697965339,0.05369718793937428,0.31340556147455634,0.14943190214201907,0.5801763697965339
Neck_4-13,..\data\processed\wet\Neck_4-13_v4.wav,0.6617651547273958,0.43268151215942613,1.6485404761335445,0.089249751636584,0.6617651547273958,0.7211358535990435,0.25523121691856543,0.089249751636584
Neck_4-14,..\data\processed\wet\Neck_4-14_v0.wav,0.07868365694189783,0.2556909290704343,4.7562998407822175,0.2177290342470246,0.07868365694189783,0.42615154845072384,0.9458444090627149,0.2177290342470246
Neck_4-14,..\data\processed\wet\Neck_4-14_v1.wav,0.25674160134154933,0.06053328126351536,3.225066232522686,0.6798728739471749,0.25674160134154933,0.10088880210585893,0.6055702738939303,0.6798728739471749
Neck_4-14,..\data\processed\wet\Neck_4-14_v2.wav,0.64293120816076,0.5166781458268688,2.688916257617323,0.13445704076706444,0.64293120816076,0.8611302430447814,0.48642583502607173,0.13445704076706444
Neck_4-14,..\data\processed\wet\Neck_4-14_v3.wav,0.28940513070441265,0.3974579840528111,3.2590488818370194,0.5310031297429625,0.28940513070441265,0.6624299734213518,0.6131219737415599,0.5310031297429625
Neck_4-14,..\data\processed\wet\Neck_4-14_v4.wav,0.6829644186886872,0.3824345102239796,4.465962002592283,0.5860163774782966,0.6829644186886872,0.6373908503732993,0.8813248894649518,0.5860163774782966
Neck_4-15,..\data\processed\wet\Neck_4-15_v0.wav,0.7786013587005565,0.1492242935798807,3.551821630650806,0.9021941183826757,0.7786013587005565,0.24870715596646786,0.678182584589068,0.9021941183826757
Neck_4-15,..\data\processed\wet\Neck_4-15_v1.wav,0.38573232789983325,0.4674625124031879,3.761551855379459,0.05952619687182248,0.38573232789983325,0.7791041873386466,0.7247893011954354,0.05952619687182248
Neck_4-15,..\data\processed\wet\Neck_4-15_v2.wav,0.5815083096240723,0.07811360952048142,4.85293627503766,0.8114075027006562,0.5815083096240723,0.13018934920080238,0.967319172230591,0.8114075027006562
Neck_4-15,..\data\processed\wet\Neck_4-15_v3.wav,0.10972380124712011,0.07305119858860705,3.175132347106785,0.3448891741731833,0.10972380124712011,0.12175199764767843,0.594473854912619,0.3448891741731833
Neck_4-15,..\data\processed\wet\Neck_4-15_v4.wav,0.03490585907310928,0.3249849046998318,2.245302948586311,0.10107649237174265,0.03490585907310928,0.5416415078330531,0.3878450996858469,0.10107649237174265
Neck_4-16,..\data\processed\wet\Neck_4-16_v0.wav,0.8019203922559827,0.5490460591672836,3.904672703063585,0.8224223100162773,0.8019203922559827,0.915076765278806,0.75659393401413,0.8224223100162773
Neck_4-16,..\data\processed\wet\Neck_4-16_v1.wav,0.21649056726611737,0.1581437705511606,1.4383739313463448,0.765063431365564,0.21649056726611737,0.263572950918601,0.20852754029918774,0.765063431365564
Neck_4-16,..\data\processed\wet\Neck_4-16_v2.wav,0.9479170789344971,0.43010232404034154,4.466600441958002,0.6386990948831726,0.9479170789344971,0.7168372067339026,0.8814667648795561,0.6386990948831726
Neck_4-16,..\data\processed\wet\Neck_4-16_v3.wav,0.38765990055879906,0.2554569689581831,0.8389464447533217,0.03145719524602608,0.38765990055879906,0.4257616149303052,0.07532143216740482,0.03145719524602608
Neck_4-16,..\data\processed\wet\Neck_4-16_v4.wav,0.6954756041890774,0.2630573352067084,2.984967806245833,0.5576612476224163,0.6954756041890774,0.4384288920111806,0.5522150680546295,0.5576612476224163
Neck_4-17,..\data\processed\wet\Neck_4-17_v0.wav,0.2773758133333014,0.2855355064976944,2.61842099750466,0.388427221227857,0.2773758133333014,0.47589251082949063,0.47076022166770226,0.388427221227857
Neck_4-17,..\data\processed\wet\Neck_4-17_v1.wav,0.8206753834010705,0.27069840221255753,3.2164003602769453,0.8955201203808261,0.8206753834010705,0.4511640036875959,0.6036445245059878,0.8955201203808261
Neck_4-17,..\data\processed\wet\Neck_4-17_v2.wav,0.8662336228589225,0.5342533222674991,1.7150224840925627,0.03498248830806283,0.8662336228589225,0.8904222037791653,0.27000499646501397,0.03498248830806283
Neck_4-17,..\data\processed\wet\Neck_4-17_v3.wav,0.2610667998953292,0.1672244073724252,4.592121470262356,0.6492427328379706,0.2610667998953292,0.27870734562070865,0.9093603267249679,0.6492427328379706
Neck_4-17,..\data\processed\wet\Neck_4-17_v4.wav,0.08170395960222876,0.08122715760666067,1.2005425649388894,0.6304217481689232,0.08170395960222876,0.13537859601110114,0.15567612554197544,0.6304217481689232
Neck_4-18,..\data\processed\wet\Neck_4-18_v0.wav,0.7354140255070031,0.5157863463392377,4.732864478628094,0.20170455738644177,0.7354140255070031,0.8596439105653962,0.9406365508062431,0.20170455738644177
Neck_4-18,..\data\processed\wet\Neck_4-18_v1.wav,0.30977248472404906,0.1441937284468984,2.1144270535976197,0.9146651074237494,0.30977248472404906,0.24032288074483069,0.35876156746613774,0.9146651074237494
Neck_4-18,..\data\processed\wet\Neck_4-18_v2.wav,0.5751125669393615,0.4429151383946994,2.705536562570519,0.02885791333612453,0.5751125669393615,0.7381918973244991,0.490119236126782,0.02885791333612453
Neck_4-18,..\data\processed\wet\Neck_4-18_v3.wav,0.06419548599781433,0.32275381876073145,3.734550656690115,0.2153305275287315,0.06419548599781433,0.5379230312678858,0.7187890348200257,0.2153305275287315
Neck_4-18,..\data\processed\wet\Neck_4-18_v4.wav,0.721909573992304,0.4863994640901074,2.3535386526295006,0.7464192328441049,0.721909573992304,0.8106657734835124,0.4118974783621112,0.7464192328441049
Neck_4-19,..\data\processed\wet\Neck_4-19_v0.wav,0.4040299503284599,0.407010377673012,3.9379867219379436,0.9919266183081108,0.4040299503284599,0.67835062945502,0.763997049319543,0.9919266183081108
Neck_4-19,..\data\processed\wet\Neck_4-19_v1.wav,0.3453966620635961,0.24662446834476687,1.245290267345771,0.2040730584018069,0.3453966620635961,0.41104078057461146,0.16562005941017136,0.2040730584018069
Neck_4-19,..\data\processed\wet\Neck_4-19_v2.wav,0.6933950025983777,0.5502273540926856,2.2757222824755825,0.17984444683554124,0.6933950025983777,0.9170455901544761,0.39460495166124054,0.17984444683554124
Neck_4-19,..\data\processed\wet\Neck_4-19_v3.wav,0.28509949938299406,0.2730310228848832,1.8079264821441576,0.23357908312186626,0.28509949938299406,0.45505170480813867,0.2906503293653684,0.23357908312186626
Neck_4-19,..\data\processed\wet\Neck_4-19_v4.wav,0.7359844887570796,0.004706952744373915,2.926537373014174,0.7937668070297539,0.7359844887570796,0.007844921240623193,0.5392305273364831,0.7937668070297539
Neck_4-2,..\data\processed\wet\Neck_4-2_v0.wav,0.2662282863174682,0.3619749063672104,3.51005047528378,0.65502469640509,0.2662282863174682,0.6032915106120174,0.6689001056186178,0.65502469640509
Neck_4-2,..\data\processed\wet\Neck_4-2_v1.wav,0.4458496341987177,0.2079467927254675,4.261658328625161,0.7584459569998643,0.4458496341987177,0.3465779878757792,0.8359240730278135,0.7584459569998643
Neck_4-2,..\data\processed\wet\Neck_4-2_v2.wav,0.3212551734139125,0.06181151666532365,0.8231339545046114,0.09427597789893605,0.3212551734139125,0.10301919444220609,0.07180754544546919,0.09427597789893605
Neck_4-2,..\data\processed\wet\Neck_4-2_v3.wav,0.5828693611920428,0.03099730549739381,2.0161709373381727,0.7531997019142294,0.5828693611920428,0.05166217582898969,0.3369268749640384,0.7531997019142294
Neck_4-2,..\data\processed\wet\Neck_4-2_v4.wav,0.2943481665153781,0.4579848463080779,3.8546016719317486,0.24582713263321632,0.2943481665153781,0.7633080771801298,0.7454670382070553,0.24582713263321632
Neck_4-20,..\data\processed\wet\Neck_4-20_v0.wav,0.7288221800927455,0.44866598296326043,2.288542665501621,0.21042048374151823,0.7288221800927455,0.7477766382721007,0.39745392566702686,0.21042048374151823
Neck_4-20,..\data\processed\wet\Neck_4-20_v1.wav,0.5212708068918691,0.5528385528001177,3.3782752959442788,0.1729224976272612,0.5212708068918691,0.9213975880001962,0.639616732432062,0.1729224976272612
Neck_4-20,..\data\processed\wet\Neck_4-20_v2.wav,0.6827569247335199,0.25632181636910073,3.1618795880991786,0.7340640350231079,0.6827569247335199,0.42720302728183457,0.591528797355373,0.7340640350231079
Neck_4-20,..\data\processed\wet\Neck_4-20_v3.wav,0.5149473515144448,0.48839038474398516,3.749700106924825,0.6150733400185107,0.5149473515144448,0.8139839745733086,0.7221555793166278,0.6150733400185107
Neck_4-20,..\data\processed\wet\Neck_4-20_v4.wav,0.1507928158323515,0.501569466546941,4.7115751339391725,0.13696512380929482,0.1507928158323515,0.8359491109115684,0.9359055853198162,0.13696512380929482
Neck_4-21,..\data\processed\wet\Neck_4-21_v0.wav,0.48824112943343057,0.15533324518230268,3.895354883415041,0.7216296360047,0.48824112943343057,0.2588887419705045,0.7545233074255646,0.7216296360047
Neck_4-21,..\data\processed\wet\Neck_4-21_v1.wav,0.1408851205703987,0.5262163627569822,1.3143787879010103,0.7972590256481075,0.1408851205703987,0.8770272712616372,0.18097306397800228,0.7972590256481075
Neck_4-21,..\data\processed\wet\Neck_4-21_v2.wav,0.4569803596280049,0.19696337613489073,1.2120766820339608,0.1676142561466294,0.4569803596280049,0.32827229355815124,0.1582392626742135,0.1676142561466294
Neck_4-21,..\data\processed\wet\Neck_4-21_v3.wav,0.6618905547009003,0.3302582327682723,1.0493843974305472,0.11269786043832519,0.6618905547009003,0.5504303879471205,0.12208542165123272,0.11269786043832519
Neck_4-21,..\data\processed\wet\Neck_4-21_v4.wav,0.07231057477279146,0.44626040842412645,3.7034693835318016,0.05843099085457515,0.07231057477279146,0.7437673473735441,0.7118820852292892,0.05843099085457515
Neck_4-22,..\data\processed\wet\Neck_4-22_v0.wav,0.560270075596973,0.05080569314561394,4.566855967740238,0.9071174191801324,0.560270075596973,0.0846761552426899,0.9037457706089417,0.9071174191801324
Neck_4-22,..\data\processed\wet\Neck_4-22_v1.wav,0.6982329898131301,0.55571335286367,4.151538636861607,0.8285385759270494,0.6982329898131301,0.92618892143945,0.8114530304136905,0.8285385759270494
Neck_4-22,..\data\processed\wet\Neck_4-22_v2.wav,0.5697078505699332,0.18363551892970553,1.4800960180238971,0.3272000220389292,0.5697078505699332,0.3060591982161759,0.21779911511642158,0.3272000220389292
Neck_4-22,..\data\processed\wet\Neck_4-22_v3.wav,0.6284954300890621,0.10359392149943936,1.6638810648679472,0.46806086279546444,0.6284954300890621,0.17265653583239893,0.2586402366373216,0.46806086279546444
Neck_4-22,..\data\processed\wet\Neck_4-22_v4.wav,0.23305009852461556,0.35318620182963695,4.654292128053484,0.7480893657031265,0.23305009852461556,0.5886436697160616,0.9231760284563298,0.7480893657031265
Neck_4-3,..\data\processed\wet\Neck_4-3_v0.wav,0.666426614148913,0.34963288559026723,2.6957655916567917,0.1865638596346597,0.666426614148913,0.5827214759837788,0.4879479092570648,0.1865638596346597
Neck_4-3,..\data\processed\wet\Neck_4-3_v1.wav,0.8947104554268656,0.1491216012077018,0.9108899491017234,0.7500151792286952,0.8947104554268656,0.24853600201283632,0.09130887757816075,0.7500151792286952
Neck_4-3,..\data\processed\wet\Neck_4-3_v2.wav,0.1756155343311664,0.22313759972470562,0.6272821773094088,0.13706794254044807,0.1756155343311664,0.371895999541176,0.02828492829097974,0.13706794254044807
Neck_4-3,..\data\processed\wet\Neck_4-3_v3.wav,0.17320363075991208,0.03264607665010677,3.454956304802803,0.8370077958031172,0.17320363075991208,0.05441012775017795,0.6566569566228452,0.8370077958031172
Neck_4-3,..\data\processed\wet\Neck_4-3_v4.wav,0.37331540636594096,0.5247458860309204,1.4600595855205694,0.3253904235612395,0.37331540636594096,0.8745764767182007,0.2133465745601265,0.3253904235612395
Neck_4-4,..\data\processed\wet\Neck_4-4_v0.wav,0.1507369930311684,0.3723355172513992,2.3894131589163807,0.6132833468418987,0.1507369930311684,0.6205591954189986,0.41986959087030684,0.6132833468418987
Neck_4-4,..\data\processed\wet\Neck_4-4_v1.wav,0.7616749053941836,0.3274218096197691,3.3243365970580454,0.9352503143943329,0.7616749053941836,0.5457030160329485,0.6276303549017879,0.9352503143943329
Neck_4-4,..\data\processed\wet\Neck_4-4_v2.wav,0.2990643096088431,0.21549836318037188,3.729665127692016,0.6113055170553867,0.2990643096088431,0.35916393863395313,0.7177033617093369,0.6113055170553867
Neck_4-4,..\data\processed\wet\Neck_4-4_v3.wav,0.17853290453971482,0.2256883860062941,2.6052710590612174,0.41938983796838936,0.17853290453971482,0.3761473100104902,0.46783801312471496,0.41938983796838936
Neck_4-4,..\data\processed\wet\Neck_4-4_v4.wav,0.1782748083220408,0.5546580550705573,3.9304344276228913,0.48135583210785227,0.1782748083220408,0.9244300917842623,0.7623187616939758,0.48135583210785227
Neck_4-5,..\data\processed\wet\Neck_4-5_v0.wav,0.6800610283068366,0.5383696032813131,1.1127836406270704,0.2503730507069777,0.6800610283068366,0.8972826721355219,0.1361741423615712,0.2503730507069777
Neck_4-5,..\data\processed\wet\Neck_4-5_v1.wav,0.542701247256645,0.47940622281141515,0.6631470294868732,0.9840181501963605,0.542701247256645,0.7990103713523586,0.03625489544152738,0.9840181501963605
Neck_4-5,..\data\processed\wet\Neck_4-5_v2.wav,0.45490660288239715,0.2155386843730338,1.8172599702789733,0.17435670765087163,0.45490660288239715,0.359231140621723,0.29272443783977187,0.17435670765087163
Neck_4-5,..\data\processed\wet\Neck_4-5_v3.wav,0.7915739089300279,0.5732484988476579,2.361401396804292,0.9524206947534563,0.7915739089300279,0.9554141647460966,0.4136447548453982,0.9524206947534563
Neck_4-5,..\data\processed\wet\Neck_4-5_v4.wav,0.8237976154350342,0.28863067648579094,3.5331178060675974,0.43498417917046295,0.8237976154350342,0.48105112747631823,0.6740261791261327,0.43498417917046295
Neck_4-6,..\data\processed\wet\Neck_4-6_v0.wav,0.5587234082125524,0.034827802211102286,3.633185638852399,0.05282464448413671,0.5587234082125524,0.05804633701850381,0.6962634753005331,0.05282464448413671
Neck_4-6,..\data\processed\wet\Neck_4-6_v1.wav,0.8170849469196495,0.49496815767633445,1.5668477940029657,0.32366278103580026,0.8170849469196495,0.8249469294605575,0.2370772875562146,0.32366278103580026
Neck_4-6,..\data\processed\wet\Neck_4-6_v2.wav,0.4813103785582933,0.3579977441594889,1.7930914778389853,0.592486404631925,0.4813103785582933,0.5966629069324815,0.2873536617419967,0.592486404631925
Neck_4-6,..\data\processed\wet\Neck_4-6_v3.wav,0.29778707322929887,0.03329443264263641,0.5113739742435903,0.1011510579184286,0.29778707322929887,0.055490721071060685,0.0025275498319089606,0.1011510579184286
Neck_4-6,..\data\processed\wet\Neck_4-6_v4.wav,0.7922507001640182,0.5768587874300023,2.4213478967654867,0.5126839534499428,0.7922507001640182,0.9614313123833372,0.42696619928121926,0.5126839534499428
Neck_4-7,..\data\processed\wet\Neck_4-7_v0.wav,0.14684816907342613,0.3306188116080942,1.1509470590313957,0.6112143311988301,0.14684816907342613,0.551031352680157,0.14465490200697684,0.6112143311988301
Neck_4-7,..\data\processed\wet\Neck_4-7_v1.wav,0.9332586675808539,0.11741912358182376,3.940536731256959,0.023502422818324042,0.9332586675808539,0.1956985393030396,0.764563718057102,0.023502422818324042
Neck_4-7,..\data\processed\wet\Neck_4-7_v2.wav,0.375497241321621,0.06644910469830542,2.0861394871806476,0.1735369196388835,0.375497241321621,0.11074850783050905,0.35247544159569943,0.1735369196388835
Neck_4-7,..\data\processed\wet\Neck_4-7_v3.wav,0.3733049901228874,0.2505136836645182,1.8526600525141328,0.6566219494731291,0.3733049901228874,0.41752280610753034,0.3005911227809184,0.6566219494731291
Neck_4-7,..\data\processed\wet\Neck_4-7_v4.wav,0.9188520512589097,0.2403572244631634,1.3655442041375965,0.27072275819598335,0.9188520512589097,0.40059537410527235,0.19234315647502143,0.27072275819598335
Neck_4-8,..\data\processed\wet\Neck_4-8_v0.wav,0.854000823496369,0.3429838339620887,2.5475496453813076,0.1496367215089267,0.854000823496369,0.5716397232701479,0.4550110323069572,0.1496367215089267
Neck_4-8,..\data\processed\wet\Neck_4-8_v1.wav,0.44972730832378194,0.16709520201443198,4.744234075340072,0.8840701094157313,0.44972730832378194,0.27849200335738666,0.9431631278533492,0.8840701094157313
Neck_4-8,..\data\processed\wet\Neck_4-8_v2.wav,0.08390254182819801,0.30999209355674573,1.5127625548160244,0.4107770895242906,0.08390254182819801,0.5166534892612429,0.22505834551467208,0.4107770895242906
Neck_4-8,..\data\processed\wet\Neck_4-8_v3.wav,0.8768479982514564,0.31650871193312685,2.0039688201684194,0.20788835410499706,0.8768479982514564,0.5275145198885448,0.33421529337075984,0.20788835410499706
Neck_4-8,..\data\processed\wet\Neck_4-8_v4.wav,0.8003248594064892,0.3747108092186083,2.6062945719180406,0.21748435386297804,0.8003248594064892,0.6245180153643471,0.46806546042623126,0.21748435386297804
Neck_4-9,..\data\processed\wet\Neck_4-9_v0.wav,0.3342463741571313,0.5759060560431111,2.8404047192262545,0.40069928124325294,0.3342463741571313,0.9598434267385185,0.5200899376058343,0.40069928124325294
Neck_4-9,..\data\processed\wet\Neck_4-9_v1.wav,0.5214220423483239,0.46739310353976515,2.0304902142629095,0.17870612093260885,0.5214220423483239,0.7789885058996087,0.3401089365028688,0.17870612093260885
Neck_4-9,..\data\processed\wet\Neck_4-9_v2.wav,0.5849361183390478,0.3991224620886403,3.707231013313473,0.8819875907661296,0.5849361183390478,0.6652041034810672,0.7127180029585496,0.8819875907661296
Neck_4-9,..\data\processed\wet\Neck_4-9_v3.wav,0.37117412068911304,0.04521293773733508,4.81256862633924,0.4350119274374752,0.37117412068911304,0.0753548962288918,0.9583485836309422,0.4350119274374752
Neck_4-9,..\data\processed\wet\Neck_4-9_v4.wav,0.6232575096731313,0.39978319387697536,2.959311689155416,0.2052575297362701,0.6232575096731313,0.6663053231282923,0.5465137087012035,0.2052575297362701
Neck_5-0,..\data\processed\wet\Neck_5-0_v0.wav,0.7551430501161415,0.482251184582449,2.988390137078479,0.48856116058484156,0.7551430501161415,0.8037519743040816,0.5529755860174398,0.48856116058484156
Neck_5-0,..\data\processed\wet\Neck_5-0_v1.wav,0.11393818312798532,0.0503709968998703,2.0280418050358793,0.31084615551739325,0.11393818312798532,0.08395166149978384,0.3395648455635287,0.31084615551739325
Neck_5-0,..\data\processed\wet\Neck_5-0_v2.wav,0.9536564509632712,0.47017364546605783,3.4696593286657698,0.5176480890176051,0.9536564509632712,0.7836227424434298,0.6599242952590599,0.5176480890176051
Neck_5-0,..\data\processed\wet\Neck_5-0_v3.wav,0.16736753072665134,0.5870740033105704,2.187683142080945,0.1069256024472448,0.16736753072665134,0.978456672184284,0.37504069824021,0.1069256024472448
Neck_5-0,..\data\processed\wet\Neck_5-0_v4.wav,0.4937988957157461,0.5243988069678499,4.492809507997983,0.010965916056447256,0.4937988957157461,0.8739980116130832,0.8872910017773294,0.010965916056447256
Neck_5-1,..\data\processed\wet\Neck_5-1_v0.wav,0.8862957447513997,0.16289053049991511,0.6753756378579039,0.8477902703628744,0.8862957447513997,0.2714842174998585,0.03897236396842309,0.8477902703628744
Neck_5-1,..\data\processed\wet\Neck_5-1_v1.wav,0.8638667559882083,0.35773864790541,3.0849519078336125,0.8131202726214194,0.8638667559882083,0.59623107984235,0.5744337572963584,0.8131202726214194
Neck_5-1,..\data\processed\wet\Neck_5-1_v2.wav,0.7863095527102798,0.5340632840656224,2.9873635141851658,0.9676470927328087,0.7863095527102798,0.8901054734427041,0.5527474475967035,0.9676470927328087
Neck_5-1,..\data\processed\wet\Neck_5-1_v3.wav,0.9961468309333384,0.06992676599917955,4.32294691799355,0.499822257748589,0.9961468309333384,0.11654460999863259,0.8495437595541221,0.499822257748589
Neck_5-1,..\data\processed\wet\Neck_5-1_v4.wav,0.3875663382998321,0.367843385929629,0.7518450076790316,0.5064611187670799,0.3875663382998321,0.613072309882715,0.055965557262007026,0.5064611187670799
Neck_5-10,..\data\processed\wet\Neck_5-10_v0.wav,0.8708905700266667,0.12807690968338128,2.418754526462413,0.9394808877148755,0.8708905700266667,0.21346151613896883,0.4263898947694251,0.9394808877148755
Neck_5-10,..\data\processed\wet\Neck_5-10_v1.wav,0.4285638378056973,0.215020579399439,2.482414916555202,0.5194527665175563,0.4285638378056973,0.3583676323323983,0.44053664812337817,0.5194527665175563
Neck_5-10,..\data\processed\wet\Neck_5-10_v2.wav,0.6319913441314688,0.48041568055003864,2.534459925939414,0.8174809350901403,0.6319913441314688,0.8006928009167311,0.45210220576431426,0.8174809350901403
Neck_5-10,..\data\processed\wet\Neck_5-10_v3.wav,0.5337206613520806,0.20308830622078658,3.460778726537364,0.7177222547434914,0.5337206613520806,0.33848051036797766,0.6579508281194142,0.7177222547434914
Neck_5-10,..\data\processed\wet\Neck_5-10_v4.wav,0.5580489756294875,0.033968983880834046,1.264472938223712,0.2852977208902282,0.5580489756294875,0.05661497313472341,0.1698828751608249,0.2852977208902282
Neck_5-11,..\data\processed\wet\Neck_5-11_v0.wav,0.2826256059514931,0.40405248014812234,0.5825689775313466,0.7556817770495199,0.2826256059514931,0.6734208002468706,0.018348661673632582,0.7556817770495199
Neck_5-11,..\data\processed\wet\Neck_5-11_v1.wav,0.2653424748069332,0.18601310772966143,2.875594225747659,0.21592560093895752,0.2653424748069332,0.3100218462161024,0.5279098279439243,0.21592560093895752
Neck_5-11,..\data\processed\wet\Neck_5-11_v2.wav,0.8844713135755276,0.05122126759593917,2.499720630354792,0.84942226945489,0.8844713135755276,0.08536877932656528,0.44438236230106487,0.84942226945489
Neck_5-11,..\data\processed\wet\Neck_5-11_v3.wav,0.6158438944212358,0.17539770950558006,2.393420934994073,0.7066943803425146,0.6158438944212358,0.29232951584263345,0.4207602077764607,0.7066943803425146
Neck_5-11,..\data\processed\wet\Neck_5-11_v4.wav,0.9732607433638993,0.5358832310276601,2.0409476377206954,0.9981978792878575,0.9732607433638993,0.8931387183794336,0.3424328083823768,0.9981978792878575
Neck_5-12,..\data\processed\wet\Neck_5-12_v0.wav,0.003504663531058272,0.016577853485049053,4.207282318270372,0.19946268683305202,0.003504663531058272,0.02762975580841509,0.8238405151711938,0.19946268683305202
Neck_5-12,..\data\processed\wet\Neck_5-12_v1.wav,0.06076926839624086,0.14228884394190133,2.417450692913871,0.7305662704334048,0.06076926839624086,0.23714807323650222,0.4261001539808602,0.7305662704334048
Neck_5-12,..\data\processed\wet\Neck_5-12_v2.wav,0.6243355265512055,0.14257273053625225,2.76471701645263,0.9262141053985687,0.6243355265512055,0.23762121756042043,0.5032704481005844,0.9262141053985687
Neck_5-12,..\data\processed\wet\Neck_5-12_v3.wav,0.8150077769837577,0.19391387089907602,4.920190526100633,0.708620400435131,0.8150077769837577,0.3231897848317934,0.9822645613556963,0.708620400435131
Neck_5-12,..\data\processed\wet\Neck_5-12_v4.wav,0.06244935566678178,0.021096427973183205,1.2578357705451348,0.7278558680501468,0.06244935566678178,0.03516071328863868,0.16840794901002998,0.7278558680501468
Neck_5-13,..\data\processed\wet\Neck_5-13_v0.wav,0.1837389258424279,0.3068920615253001,0.9196705408137429,0.9208861578301951,0.1837389258424279,0.5114867692088335,0.09326012018083175,0.9208861578301951
Neck_5-13,..\data\processed\wet\Neck_5-13_v1.wav,0.34396061358356755,0.5448792339363785,4.75194038859745,0.006128647313680791,0.34396061358356755,0.9081320565606309,0.9448756419105444,0.006128647313680791
Neck_5-13,..\data\processed\wet\Neck_5-13_v2.wav,0.46413518719873204,0.014793633424135732,4.589117448363076,0.5184075447345758,0.46413518719873204,0.024656055706892888,0.9086927663029059,0.5184075447345758
Neck_5-13,..\data\processed\wet\Neck_5-13_v3.wav,0.07494401269849682,0.06616603696594012,2.2257906102173255,0.9402341928728895,0.07494401269849682,0.11027672827656687,0.383509024492739,0.9402341928728895
Neck_5-13,..\data\processed\wet\Neck_5-13_v4.wav,0.6929091515680809,0.5205713197134795,2.1490549085299087,0.04321369954999832,0.6929091515680809,0.8676188661891325,0.3664566463399797,0.04321369954999832
Neck_5-14,..\data\processed\wet\Neck_5-14_v0.wav,0.9743176372044141,0.010303794397421727,4.7644324388649,0.3686774238491447,0.9743176372044141,0.017172990662369547,0.9476516530810889,0.3686774238491447
Neck_5-14,..\data\processed\wet\Neck_5-14_v1.wav,0.010090405021881521,0.41349433903470495,4.912431368141093,0.9656257228375925,0.010090405021881521,0.6891572317245083,0.9805403040313541,0.9656257228375925
Neck_5-14,..\data\processed\wet\Neck_5-14_v2.wav,0.16093701120241843,0.10874868363969299,3.0449251157884705,0.6373048264283244,0.16093701120241843,0.18124780606615498,0.5655389146196601,0.6373048264283244
Neck_5-14,..\data\processed\wet\Neck_5-14_v3.wav,0.7394179136658656,0.1086302162832885,4.815531890439955,0.6387392562892379,0.7394179136658656,0.1810503604721475,0.9590070867644344,0.6387392562892379
Neck_5-14,..\data\processed\wet\Neck_5-14_v4.wav,0.8470469188705548,0.32403942917050305,2.3642458141544718,0.977182906594996,0.8470469188705548,0.5400657152841718,0.4142768475898826,0.977182906594996
Neck_5-15,..\data\processed\wet\Neck_5-15_v0.wav,0.5821213708198361,0.5201241496795074,4.789815783648304,0.6753546270086592,0.5821213708198361,0.866873582799179,0.9532923963662898,0.6753546270086592
Neck_5-15,..\data\processed\wet\Neck_5-15_v1.wav,0.548938678518675,0.002106510546390372,0.6800883833255269,0.20085121605111633,0.548938678518675,0.0035108509106506203,0.04001964073900598,0.20085121605111633
Neck_5-15,..\data\processed\wet\Neck_5-15_v2.wav,0.18600843185599525,0.1528552771199072,1.8722058696394737,0.36006549355072826,0.18600843185599525,0.25475879519984534,0.3049346376976608,0.36006549355072826
Neck_5-15,..\data\processed\wet\Neck_5-15_v3.wav,0.42053769006887654,0.0593198030736088,0.6906286937875192,0.6739444490730234,0.42053769006887654,0.09886633845601467,0.04236193195278205,0.6739444490730234
Neck_5-15,..\data\processed\wet\Neck_5-15_v4.wav,0.5373348248430777,0.2664865213320718,3.3549797352575856,0.8276794072035405,0.5373348248430777,0.4441442022201197,0.6344399411683523,0.8276794072035405
Neck_5-16,..\data\processed\wet\Neck_5-16_v0.wav,0.4276929091162046,0.3846716790311876,4.791075007258215,0.8396244958615607,0.4276929091162046,0.6411194650519794,0.9535722238351588,0.8396244958615607
Neck_5-16,..\data\processed\wet\Neck_5-16_v1.wav,0.42600081050240945,0.38683010268884577,1.2968191486217289,0.5605221848950899,0.42600081050240945,0.644716837814743,0.17707092191593976,0.5605221848950899
Neck_5-16,..\data\processed\wet\Neck_5-16_v2.wav,0.9813282911384428,0.31098906912151336,4.674372346355662,0.4073349205032607,0.9813282911384428,0.5183151152025223,0.9276382991901472,0.4073349205032607
Neck_5-16,..\data\processed\wet\Neck_5-16_v3.wav,0.9988448271846312,0.3475320211365347,0.6902104740617054,0.5867547966913881,0.9988448271846312,0.5792200352275578,0.04226899423593454,0.5867547966913881
Neck_5-16,..\data\processed\wet\Neck_5-16_v4.wav,0.27457269567959663,0.019488793221536824,4.193839871125985,0.2757296369807559,0.27457269567959663,0.03248132203589471,0.8208533046946633,0.2757296369807559
Neck_5-17,..\data\processed\wet\Neck_5-17_v0.wav,0.7965485540464985,0.17293054977352018,1.3744685924319842,0.9739355741044274,0.7965485540464985,0.28821758295586697,0.19432635387377425,0.9739355741044274
Neck_5-17,..\data\processed\wet\Neck_5-17_v1.wav,0.36164532775501956,0.36082572686589626,3.244916717665122,0.5604734821735018,0.36164532775501956,0.6013762114431604,0.6099814928144716,0.5604734821735018
Neck_5-17,..\data\processed\wet\Neck_5-17_v2.wav,0.9146957435212146,0.4046646428201211,2.3167985184721855,0.862380384524274,0.9146957435212146,0.6744410713668685,0.4037330041049301,0.862380384524274
Neck_5-17,..\data\processed\wet\Neck_5-17_v3.wav,0.1810628991159644,0.32654205456625046,4.777476673746904,0.6253976298804127,0.1810628991159644,0.5442367576104175,0.9505503719437564,0.6253976298804127
Neck_5-17,..\data\processed\wet\Neck_5-17_v4.wav,0.8169684504748762,0.3921364353271157,4.277168885920506,0.9444878798452436,0.8169684504748762,0.6535607255451928,0.8393708635378903,0.9444878798452436
Neck_5-18,..\data\processed\wet\Neck_5-18_v0.wav,0.2729217275327368,0.10179664875403131,2.6779583764964294,0.7018624268242158,0.2729217275327368,0.16966108125671886,0.48399075033253985,0.7018624268242158
Neck_5-18,..\data\processed\wet\Neck_5-18_v1.wav,0.2271912531822161,0.002460870258100245,2.043208021265174,0.9688593354677885,0.2271912531822161,0.004101450430167075,0.34293511583670533,0.9688593354677885
Neck_5-18,..\data\processed\wet\Neck_5-18_v2.wav,0.6949674606058467,0.24079526636473436,1.3665924380607815,0.356089673754747,0.6949674606058467,0.40132544394122394,0.19257609734684034,0.356089673754747
Neck_5-18,..\data\processed\wet\Neck_5-18_v3.wav,0.16983943330124796,0.06378349278777085,4.580340676576492,0.9976503383754736,0.16983943330124796,0.10630582131295141,0.9067423725725539,0.9976503383754736
Neck_5-18,..\data\processed\wet\Neck_5-18_v4.wav,0.1641144395957903,0.03271353532696784,1.9837899821579557,0.4616591807614153,0.1641144395957903,0.05452255887827973,0.32973110714621234,0.4616591807614153
Neck_5-19,..\data\processed\wet\Neck_5-19_v0.wav,0.20482124707585447,0.18085494707913508,1.4039183106124598,0.7742605684324513,0.20482124707585447,0.30142491179855846,0.20087073569165773,0.7742605684324513
Neck_5-19,..\data\processed\wet\Neck_5-19_v1.wav,0.7125779432472608,0.380970909456589,2.2424803568564213,0.909040941314236,0.7125779432472608,0.6349515157609817,0.38721785707920475,0.909040941314236
Neck_5-19,..\data\processed\wet\Neck_5-19_v2.wav,0.96953254153502,0.10418358757524719,1.5035568863534512,0.5256310280003696,0.96953254153502,0.173639312625412,0.22301264141187804,0.5256310280003696
Neck_5-19,..\data\processed\wet\Neck_5-19_v3.wav,0.09125056928224529,0.2618690392938677,3.1180606914996956,0.5220735711373331,0.09125056928224529,0.4364483988231128,0.5817912647777101,0.5220735711373331
Neck_5-19,..\data\processed\wet\Neck_5-19_v4.wav,0.33090858307802606,0.3254674836463241,4.814604294164815,0.20601740429137605,0.33090858307802606,0.5424458060772068,0.9588009542588478,0.20601740429137605
Neck_5-2,..\data\processed\wet\Neck_5-2_v0.wav,0.6548313583940036,0.02603801649363111,0.7988738201664571,0.551828224223585,0.6548313583940036,0.04339669415605185,0.06641640448143492,0.551828224223585
Neck_5-2,..\data\processed\wet\Neck_5-2_v1.wav,0.10493918032794947,0.013408073056114399,1.2718084894161,0.5648491709995744,0.10493918032794947,0.022346788426857334,0.1715129976480222,0.5648491709995744
Neck_5-2,..\data\processed\wet\Neck_5-2_v2.wav,0.7033409545189324,0.12148713848482799,3.507167467436785,0.18247633109922934,0.7033409545189324,0.20247856414138,0.6682594372081745,0.18247633109922934
Neck_5-2,..\data\processed\wet\Neck_5-2_v3.wav,0.6134574266312571,0.24717580793747929,3.442097792001275,0.9950527524792473,0.6134574266312571,0.41195967989579885,0.6537995093336167,0.9950527524792473
Neck_5-2,..\data\processed\wet\Neck_5-2_v4.wav,0.937816965232562,0.0025690547016621766,4.484474439630375,0.06649079517476653,0.937816965232562,0.004281757836103628,0.8854387643623056,0.06649079517476653
Neck_5-20,..\data\processed\wet\Neck_5-20_v0.wav,0.9530465861598449,0.1690954074598108,2.219156736850719,0.09163820517572785,0.9530465861598449,0.2818256790996847,0.3820348304112709,0.09163820517572785
Neck_5-20,..\data\processed\wet\Neck_5-20_v1.wav,0.1122727583289096,0.4360443391375918,4.7494950608673125,0.6107484949543095,0.1122727583289096,0.7267405652293196,0.9443322357482917,0.6107484949543095
Neck_5-20,..\data\processed\wet\Neck_5-20_v2.wav,0.715850015526811,0.4571818467582921,1.6826642354882377,0.045229630920214925,0.715850015526811,0.7619697445971535,0.2628142745529417,0.045229630920214925
Neck_5-20,..\data\processed\wet\Neck_5-20_v3.wav,0.0018727439191685846,0.2103895697724112,1.5865890268964724,0.062317725049185646,0.0018727439191685846,0.35064928295401865,0.2414642281992161,0.062317725049185646
Neck_5-20,..\data\processed\wet\Neck_5-20_v4.wav,0.17952829249366675,0.07469933896076868,4.616952712778167,0.14026721345916893,0.17952829249366675,0.1244988982679478,0.9148783806173704,0.14026721345916893
Neck_5-21,..\data\processed\wet\Neck_5-21_v0.wav,0.5376484639876792,0.3558635730672987,2.945702559688852,0.09905643421598798,0.5376484639876792,0.5931059551121646,0.5434894577086338,0.09905643421598798
Neck_5-21,..\data\processed\wet\Neck_5-21_v1.wav,0.3187983617505512,0.03076219947789196,2.280514613433422,0.188598931271592,0.3187983617505512,0.05127033246315327,0.395669914096316,0.188598931271592
Neck_5-21,..\data\processed\wet\Neck_5-21_v2.wav,0.5616325332843798,0.4156850363094603,2.894539370921179,0.43423669661139574,0.5616325332843798,0.6928083938491005,0.5321198602047065,0.43423669661139574
Neck_5-21,..\data\processed\wet\Neck_5-21_v3.wav,0.3873334208566924,0.5050150608582022,1.4871562927937152,0.7342183395288688,0.3873334208566924,0.8416917680970037,0.21936806506527004,0.7342183395288688
Neck_5-21,..\data\processed\wet\Neck_5-21_v4.wav,0.757482324740119,0.25152000436244065,1.837852696515377,0.47054148604597523,0.757482324740119,0.4192000072707344,0.29730059922563934,0.47054148604597523
Neck_5-22,..\data\processed\wet\Neck_5-22_v0.wav,0.0932139258926985,0.027558019337453988,1.0022143975335132,0.18714503146222616,0.0932139258926985,0.04593003222908998,0.11160319945189182,0.18714503146222616
Neck_5-22,..\data\processed\wet\Neck_5-22_v1.wav,0.504176820338043,0.5094819816966732,1.5603904939985913,0.9351620107467781,0.504176820338043,0.8491366361611221,0.23564233199968695,0.9351620107467781
Neck_5-22,..\data\processed\wet\Neck_5-22_v2.wav,0.9549079089350034,0.5753427629071232,4.2690323060434565,0.3638250407977206,0.9549079089350034,0.9589046048452053,0.8375627346763237,0.3638250407977206
Neck_5-22,..\data\processed\wet\Neck_5-22_v3.wav,0.07268391100262306,0.34129123905989694,3.0140664977175518,0.8499757671095955,0.07268391100262306,0.5688187317664949,0.5586814439372337,0.8499757671095955
Neck_5-22,..\data\processed\wet\Neck_5-22_v4.wav,0.9959910509461052,0.30489438393608853,2.053418139679029,0.185901711556267,0.9959910509461052,0.5081573065601476,0.3452040310397842,0.185901711556267
Neck_5-3,..\data\processed\wet\Neck_5-3_v0.wav,0.004799824817370735,0.3054682154933275,2.999834000161681,0.8249384798173974,0.004799824817370735,0.5091136924888792,0.5555186667025958,0.8249384798173974
Neck_5-3,..\data\processed\wet\Neck_5-3_v1.wav,0.5045769678928006,0.5498810091996339,3.32637564457146,0.8403362382210832,0.5045769678928006,0.9164683486660565,0.6280834765714355,0.8403362382210832
Neck_5-3,..\data\processed\wet\Neck_5-3_v2.wav,0.1483017348077471,0.5132016781813888,3.5381473449973178,0.17023303243833054,0.1483017348077471,0.8553361303023148,0.6751438544438484,0.17023303243833054
Neck_5-3,..\data\processed\wet\Neck_5-3_v3.wav,0.18976355814601087,0.5559003714265328,0.644969122026678,0.4625349432957061,0.18976355814601087,0.9265006190442214,0.03221536045037289,0.4625349432957061
Neck_5-3,..\data\processed\wet\Neck_5-3_v4.wav,0.31347528993410156,0.3990464639990568,4.278332244060464,0.36037812155656956,0.31347528993410156,0.665077439998428,0.839629387568992,0.36037812155656956
Neck_5-4,..\data\processed\wet\Neck_5-4_v0.wav,0.4269020873228372,0.5891506707008485,4.027624293556412,0.8972041309317914,0.4269020873228372,0.9819177845014142,0.7839165096792028,0.8972041309317914
Neck_5-4,..\data\processed\wet\Neck_5-4_v1.wav,0.43876222065162973,0.14044572239046912,2.3533855942390325,0.7160919178315135,0.43876222065162973,0.23407620398411522,0.4118634653864517,0.7160919178315135
Neck_5-4,..\data\processed\wet\Neck_5-4_v2.wav,0.10943040483597932,0.1622814633699053,0.7098615520771567,0.43234773833813156,0.10943040483597932,0.27046910561650883,0.046635900461590385,0.43234773833813156
Neck_5-4,..\data\processed\wet\Neck_5-4_v3.wav,0.8274457359796132,0.014798212978806478,3.538955870632247,0.9324958745137396,0.8274457359796132,0.0246636882980108,0.675323526807166,0.9324958745137396
Neck_5-4,..\data\processed\wet\Neck_5-4_v4.wav,0.23692786151118228,0.4161809044365889,4.8879585549509015,0.9622780601524632,0.23692786151118228,0.6936348407276481,0.9751019011002003,0.9622780601524632
Neck_5-5,..\data\processed\wet\Neck_5-5_v0.wav,0.23492919302914328,0.06019863192724122,1.1672714205316217,0.7020356684821422,0.23492919302914328,0.1003310532120687,0.14828253789591594,0.7020356684821422
Neck_5-5,..\data\processed\wet\Neck_5-5_v1.wav,0.7257588754532756,0.40454193697691937,2.0123527448400713,0.16977693975812214,0.7257588754532756,0.674236561628199,0.3360783877422381,0.16977693975812214
Neck_5-5,..\data\processed\wet\Neck_5-5_v2.wav,0.5807610919522531,0.2902082674547199,3.7797536620503656,0.44136007868562144,0.5807610919522531,0.4836804457578665,0.7288341471223034,0.44136007868562144
Neck_5-5,..\data\processed\wet\Neck_5-5_v3.wav,0.3386396946864684,0.17608714641540862,1.4516164402238594,0.2657463761866614,0.3386396946864684,0.2934785773590144,0.21147032004974653,0.2657463761866614
Neck_5-5,..\data\processed\wet\Neck_5-5_v4.wav,0.09483043884410136,0.20811420655733373,0.664564155633312,0.1864138471663268,0.09483043884410136,0.34685701092888954,0.03656981236295821,0.1864138471663268
Neck_5-6,..\data\processed\wet\Neck_5-6_v0.wav,0.7467704446194291,0.1952813932059736,3.507066576398047,0.7168841755972774,0.7467704446194291,0.32546898867662266,0.6682370169773438,0.7168841755972774
Neck_5-6,..\data\processed\wet\Neck_5-6_v1.wav,0.5811853427321135,0.575218644819239,0.5964793998040097,0.7386526505881421,0.5811853427321135,0.9586977413653984,0.021439866623113257,0.7386526505881421
Neck_5-6,..\data\processed\wet\Neck_5-6_v2.wav,0.958786643940408,0.5173630376117635,1.25551711312256,0.3268203062517321,0.958786643940408,0.8622717293529392,0.16789269180501332,0.3268203062517321
Neck_5-6,..\data\processed\wet\Neck_5-6_v3.wav,0.1724518398764654,0.3607850182888224,3.7048459189077154,0.3170737693630582,0.1724518398764654,0.6013083638147041,0.7121879819794923,0.3170737693630582
Neck_5-6,..\data\processed\wet\Neck_5-6_v4.wav,0.5395065739842955,0.414552342042717,2.3960291747497173,0.8540155304554593,0.5395065739842955,0.690920570071195,0.4213398166110483,0.8540155304554593
Neck_5-7,..\data\processed\wet\Neck_5-7_v0.wav,0.7715499352878171,0.03879932631034239,3.2950638459087305,0.2353255509597496,0.7715499352878171,0.06466554385057066,0.621125299090829,0.2353255509597496
Neck_5-7,..\data\processed\wet\Neck_5-7_v1.wav,0.5575182646672753,0.5741330655797797,4.455779020485126,0.4045164031151317,0.5575182646672753,0.9568884426329662,0.8790620045522503,0.4045164031151317
Neck_5-7,..\data\processed\wet\Neck_5-7_v2.wav,0.2915138583443534,0.1406434466449554,2.8963169139043403,0.11424845325805633,0.2915138583443534,0.234405744408259,0.5325148697565201,0.11424845325805633
Neck_5-7,..\data\processed\wet\Neck_5-7_v3.wav,0.5492750081282486,0.0008001836944752094,1.9573233383563018,0.21993431383058126,0.5492750081282486,0.0013336394907920157,0.32384963074584483,0.21993431383058126
Neck_5-7,..\data\processed\wet\Neck_5-7_v4.wav,0.971218789960782,0.4363453917419874,2.0734402120800697,0.09284508653062051,0.971218789960782,0.727242319569979,0.3496533804622377,0.09284508653062051
Neck_5-8,..\data\processed\wet\Neck_5-8_v0.wav,0.516800594690624,0.1280687287956254,2.91393295654261,0.8353623541788925,0.516800594690624,0.21344788132604234,0.5364295458983578,0.8353623541788925
Neck_5-8,..\data\processed\wet\Neck_5-8_v1.wav,0.6157925521013854,0.3802730517270013,2.9346363007826515,0.9272656326314092,0.6157925521013854,0.6337884195450022,0.5410302890628115,0.9272656326314092
Neck_5-8,..\data\processed\wet\Neck_5-8_v2.wav,0.9319026844206033,0.3076339206441313,1.8759176921457699,0.4595870058794439,0.9319026844206033,0.5127232010735522,0.3057594871435044,0.4595870058794439
Neck_5-8,..\data\processed\wet\Neck_5-8_v3.wav,0.18655791219561568,0.3818065891908536,2.7504155110200497,0.10330047781327989,0.18655791219561568,0.6363443153180893,0.5000923357822332,0.10330047781327989
Neck_5-8,..\data\processed\wet\Neck_5-8_v4.wav,0.19764778111961534,0.28777917371971606,4.494150458234863,0.5663907206310974,0.19764778111961534,0.4796319561995268,0.8875889907188584,0.5663907206310974
Neck_5-9,..\data\processed\wet\Neck_5-9_v0.wav,0.6815350002084708,0.20341712984634583,3.071351268699054,0.4473798226380674,0.6815350002084708,0.3390285497439097,0.5714113930442343,0.4473798226380674
Neck_5-9,..\data\processed\wet\Neck_5-9_v1.wav,0.6591299126231607,0.03034533964740622,2.719850973075316,0.29599262514396696,0.6591299126231607,0.05057556607901037,0.4933002162389591,0.29599262514396696
Neck_5-9,..\data\processed\wet\Neck_5-9_v2.wav,0.32618506127790925,0.5765504589348368,1.3221266572012225,0.3112452525785969,0.32618506127790925,0.9609174315580614,0.18269481271138277,0.3112452525785969
Neck_5-9,..\data\processed\wet\Neck_5-9_v3.wav,0.5098925757308718,0.5178161688897742,2.375015374428667,0.743865280888171,0.5098925757308718,0.8630269481496238,0.41667008320637045,0.743865280888171
Neck_5-9,..\data\processed\wet\Neck_5-9_v4.wav,0.8563740982148024,0.18600981349310935,2.2673758259241947,0.35655622368835627,0.8563740982148024,0.31001635582184894,0.39275018353870994,0.35655622368835627
Neck_6-0,..\data\processed\wet\Neck_6-0_v0.wav,0.8328558086179211,0.026608117172160693,1.88789489972906,0.6794085575951299,0.8328558086179211,0.04434686195360116,0.30842108882868,0.6794085575951299
Neck_6-0,..\data\processed\wet\Neck_6-0_v1.wav,0.5654434995653427,0.26177361557621653,2.92976702249623,0.19758458582831828,0.5654434995653427,0.4362893592936942,0.5399482272213844,0.19758458582831828
Neck_6-0,..\data\processed\wet\Neck_6-0_v2.wav,0.4307166216080104,0.3010217905058094,4.555351048795708,0.26083516280397634,0.4307166216080104,0.5017029841763491,0.9011891219546018,0.26083516280397634
Neck_6-0,..\data\processed\wet\Neck_6-0_v3.wav,0.8678285021649326,0.3865448404955891,0.5915337398042044,0.7246313368993936,0.8678285021649326,0.6442414008259819,0.020340831067600984,0.7246313368993936
Neck_6-0,..\data\processed\wet\Neck_6-0_v4.wav,0.03555187754905509,0.5984286760882879,4.42686509461039,0.29734374754004567,0.03555187754905509,0.9973811268138132,0.8726366876911977,0.29734374754004567
Neck_6-1,..\data\processed\wet\Neck_6-1_v0.wav,0.2574112301967054,0.22886464926336533,2.102751343914994,0.37233781838538105,0.2574112301967054,0.3814410821056089,0.3561669653144431,0.37233781838538105
Neck_6-1,..\data\processed\wet\Neck_6-1_v1.wav,0.3182765461194804,0.37268004410899885,1.2391864867428077,0.8459812924460132,0.3182765461194804,0.6211334068483314,0.16426366372062395,0.8459812924460132
Neck_6-1,..\data\processed\wet\Neck_6-1_v2.wav,0.8124024840313153,0.28588992471316227,4.337284843753464,0.2471450700302933,0.8124024840313153,0.4764832078552705,0.8527299652785475,0.2471450700302933
Neck_6-1,..\data\processed\wet\Neck_6-1_v3.wav,0.017565455703966948,0.3715247550178938,2.560592331341219,0.5671645462958707,0.017565455703966948,0.619207925029823,0.4579094069647154,0.5671645462958707
Neck_6-1,..\data\processed\wet\Neck_6-1_v4.wav,0.899339409018403,0.5819553441395661,3.3550391289002137,0.7640555898524384,0.899339409018403,0.9699255735659434,0.634453139755603,0.7640555898524384
Neck_6-10,..\data\processed\wet\Neck_6-10_v0.wav,0.08380843348716427,0.09642935093490336,3.7994216222883948,0.43136545638800194,0.08380843348716427,0.16071558489150561,0.7332048049529766,0.43136545638800194
Neck_6-10,..\data\processed\wet\Neck_6-10_v1.wav,0.4459652704044057,0.18516460898126197,3.233103725649847,0.1851650454162026,0.4459652704044057,0.3086076816354366,0.6073563834777438,0.1851650454162026
Neck_6-10,..\data\processed\wet\Neck_6-10_v2.wav,0.6269162793138956,0.1042793142811438,0.7872171561937111,0.330357688699061,0.6269162793138956,0.17379885713523968,0.06382603470971358,0.330357688699061
Neck_6-10,..\data\processed\wet\Neck_6-10_v3.wav,0.23114034200984768,0.5333949831337994,0.7472905424088196,0.17661369257412285,0.23114034200984768,0.8889916385563323,0.05495345386862659,0.17661369257412285
Neck_6-10,..\data\processed\wet\Neck_6-10_v4.wav,0.5487196055830494,0.28864031450848415,0.7063340826861569,0.007252428015144474,0.5487196055830494,0.4810671908474736,0.04585201837470154,0.007252428015144474
Neck_6-11,..\data\processed\wet\Neck_6-11_v0.wav,0.9880679419611499,0.3953008202153029,2.1443275890570055,0.4704322476632413,0.9880679419611499,0.6588347003588382,0.36540613090155677,0.4704322476632413
Neck_6-11,..\data\processed\wet\Neck_6-11_v1.wav,0.26655012045428694,0.20692427021592585,3.420700102706963,0.8828117988673707,0.26655012045428694,0.34487378369320976,0.649044467268214,0.8828117988673707
Neck_6-11,..\data\processed\wet\Neck_6-11_v2.wav,0.18413002308118487,0.5042169032311912,1.0470048328322108,0.2149922235883912,0.18413002308118487,0.8403615053853186,0.12155662951826907,0.2149922235883912
Neck_6-11,..\data\processed\wet\Neck_6-11_v3.wav,0.03717528804964598,0.08448711725579967,4.627864154588227,0.4594387466183786,0.03717528804964598,0.14081186209299945,0.9173031454640506,0.4594387466183786
Neck_6-11,..\data\processed\wet\Neck_6-11_v4.wav,0.07766586177835355,0.5758361028233767,4.455465384913925,0.7546825208681412,0.07766586177835355,0.9597268380389612,0.87899230775865,0.7546825208681412
Neck_6-12,..\data\processed\wet\Neck_6-12_v0.wav,0.9334727919475578,0.13207765250145848,4.263661818545389,0.6899911963543062,0.9334727919475578,0.22012942083576414,0.8363692930100863,0.6899911963543062
Neck_6-12,..\data\processed\wet\Neck_6-12_v1.wav,0.8697592495676884,0.47814693944557785,2.0592277842957127,0.7743985370172556,0.8697592495676884,0.7969115657426298,0.34649506317682505,0.7743985370172556
Neck_6-12,..\data\processed\wet\Neck_6-12_v2.wav,0.2624563029848903,0.1971552978168329,0.9855757275033927,0.9350766159804688,0.2624563029848903,0.32859216302805483,0.10790571722297616,0.9350766159804688
Neck_6-12,..\data\processed\wet\Neck_6-12_v3.wav,0.29100336340028155,0.3123734791028711,2.260997764097867,0.9599281205835015,0.29100336340028155,0.5206224651714518,0.39133283646619266,0.9599281205835015
Neck_6-12,..\data\processed\wet\Neck_6-12_v4.wav,0.3350491709384824,0.4671274928536134,4.3493726958403105,0.4356064974809659,0.3350491709384824,0.778545821422689,0.8554161546311801,0.4356064974809659
Neck_6-13,..\data\processed\wet\Neck_6-13_v0.wav,0.37817181445293124,0.44864749255957675,4.6080319113780535,0.7549317330722383,0.37817181445293124,0.747745820932628,0.9128959803062341,0.7549317330722383
Neck_6-13,..\data\processed\wet\Neck_6-13_v1.wav,0.2271263655918656,0.5329846484626232,2.244117503465749,0.5762294117779343,0.2271263655918656,0.8883077474377054,0.3875816674368331,0.5762294117779343
Neck_6-13,..\data\processed\wet\Neck_6-13_v2.wav,0.831435619292711,0.11303686044029532,4.030295610548989,0.5961627979106775,0.831435619292711,0.1883947674004922,0.7845101356775531,0.5961627979106775
Neck_6-13,..\data\processed\wet\Neck_6-13_v3.wav,0.8933416418276082,0.10318224110612577,2.393070066684178,0.8328430928668374,0.8933416418276082,0.17197040184354295,0.42068223704092844,0.8328430928668374
Neck_6-13,..\data\processed\wet\Neck_6-13_v4.wav,0.019231703456760174,0.06732082005938571,4.957543457405306,0.28039417859035054,0.019231703456760174,0.11220136676564285,0.9905652127567346,0.28039417859035054
Neck_6-14,..\data\processed\wet\Neck_6-14_v0.wav,0.9755431937239534,0.10951893060520435,2.1249249935330106,0.7528694445035706,0.9755431937239534,0.1825315510086739,0.3610944430073357,0.7528694445035706
Neck_6-14,..\data\processed\wet\Neck_6-14_v1.wav,0.6577784072381785,0.34867343995743333,2.884546291122534,0.8434404436647402,0.6577784072381785,0.5811223999290556,0.5298991758050076,0.8434404436647402
Neck_6-14,..\data\processed\wet\Neck_6-14_v2.wav,0.23494856283339272,0.26548255619611105,1.1995353147040577,0.5959415957307044,0.23494856283339272,0.4424709269935184,0.15545229215645728,0.5959415957307044
Neck_6-14,..\data\processed\wet\Neck_6-14_v3.wav,0.2505444242713202,0.20030523860603147,2.6206282248058765,0.026770585703127847,0.2505444242713202,0.3338420643433858,0.47125071662352813,0.026770585703127847
Neck_6-14,..\data\processed\wet\Neck_6-14_v4.wav,0.09193793592083765,0.41155753242493176,2.4303649132287823,0.8647902219998954,0.09193793592083765,0.6859292207082196,0.4289699807175072,0.8647902219998954
Neck_6-15,..\data\processed\wet\Neck_6-15_v0.wav,0.6946720036441995,0.004860564988393467,3.275205488452107,0.09372486605971642,0.6946720036441995,0.008100941647322446,0.6167123307671348,0.09372486605971642
Neck_6-15,..\data\processed\wet\Neck_6-15_v1.wav,0.7809331797904943,0.5949046129671012,2.890394574086802,0.6827795001941304,0.7809331797904943,0.991507688278502,0.5311987942415115,0.6827795001941304
Neck_6-15,..\data\processed\wet\Neck_6-15_v2.wav,0.23731416089475155,0.26255864625227615,4.352428995063727,0.16742294774625122,0.23731416089475155,0.4375977437537936,0.8560953322363838,0.16742294774625122
Neck_6-15,..\data\processed\wet\Neck_6-15_v3.wav,0.2655356056137621,0.2672602051716181,3.705120013298063,0.3758839547956738,0.2655356056137621,0.4454336752860302,0.712248891844014,0.3758839547956738
Neck_6-15,..\data\processed\wet\Neck_6-15_v4.wav,0.9277322797830039,0.0566742307612315,2.168618888951814,0.7089541234284219,0.9277322797830039,0.09445705126871917,0.3708041975448475,0.7089541234284219
Neck_6-16,..\data\processed\wet\Neck_6-16_v0.wav,0.22598676566149245,0.3938478805378038,1.2389763120230568,0.05598028486168638,0.22598676566149245,0.656413134229673,0.16421695822734594,0.05598028486168638
Neck_6-16,..\data\processed\wet\Neck_6-16_v1.wav,0.12101571674864886,0.5579908698804807,2.982878973227981,0.796345775479649,0.12101571674864886,0.9299847831341346,0.5517508829395513,0.796345775479649
Neck_6-16,..\data\processed\wet\Neck_6-16_v2.wav,0.3326545009050512,0.355595188731268,2.727284601672462,0.945737959402294,0.3326545009050512,0.5926586478854466,0.4949521337049916,0.945737959402294
Neck_6-16,..\data\processed\wet\Neck_6-16_v3.wav,0.7475746360541103,0.43832557889794743,0.708589712454258,0.5496696690036911,0.7475746360541103,0.730542631496579,0.046353269434279545,0.5496696690036911
Neck_6-16,..\data\processed\wet\Neck_6-16_v4.wav,0.46699145390181485,0.5567053599637167,1.658038946852895,0.2698334532910943,0.46699145390181485,0.9278422666061946,0.25734198818953224,0.2698334532910943
Neck_6-17,..\data\processed\wet\Neck_6-17_v0.wav,0.4113462488815004,0.1460218280438256,1.0813276301393726,0.8574148466508008,0.4113462488815004,0.243369713406376,0.12918391780874947,0.8574148466508008
Neck_6-17,..\data\processed\wet\Neck_6-17_v1.wav,0.5582765244039158,0.5168176313739401,4.240106444316631,0.2820423547896711,0.5582765244039158,0.8613627189565669,0.8311347654036959,0.2820423547896711
Neck_6-17,..\data\processed\wet\Neck_6-17_v2.wav,0.547737444324274,0.04993062164404227,4.618633478138413,0.4042627150651531,0.547737444324274,0.08321770274007045,0.9152518840307585,0.4042627150651531
Neck_6-17,..\data\processed\wet\Neck_6-17_v3.wav,0.39367618388902137,0.18165322237077192,2.5729868511981673,0.25175938654544805,0.39367618388902137,0.3027553706179532,0.4606637447107038,0.25175938654544805
Neck_6-17,..\data\processed\wet\Neck_6-17_v4.wav,0.37485227279680455,0.47996822915092907,4.254149766133273,0.30418247762851613,0.37485227279680455,0.7999470485848819,0.8342555035851719,0.30418247762851613
Neck_6-18,..\data\processed\wet\Neck_6-18_v0.wav,0.4690144305527879,0.5242918657680313,0.737029993233637,0.8891449619957854,0.4690144305527879,0.8738197762800523,0.05267333182969712,0.8891449619957854
Neck_6-18,..\data\processed\wet\Neck_6-18_v1.wav,0.2191843456523317,0.4071235465286255,3.121482633730701,0.5529407481892521,0.2191843456523317,0.6785392442143758,0.5825516963846002,0.5529407481892521
Neck_6-18,..\data\processed\wet\Neck_6-18_v2.wav,0.8593602247528214,0.06094328618679676,2.061626113965362,0.5382527463447656,0.8593602247528214,0.10157214364466127,0.347028025325636,0.5382527463447656
Neck_6-18,..\data\processed\wet\Neck_6-18_v3.wav,0.8112888539460398,0.1298658500470029,4.113184286184243,0.39963848249393574,0.8112888539460398,0.2164430834116715,0.8029298413742763,0.39963848249393574
Neck_6-18,..\data\processed\wet\Neck_6-18_v4.wav,0.1889138564336954,0.4553918642660896,0.9090450566354652,0.5147673740754429,0.1889138564336954,0.7589864404434826,0.09089890147454782,0.5147673740754429
Neck_6-19,..\data\processed\wet\Neck_6-19_v0.wav,0.06387578386188841,0.21385071309467255,3.204845595528767,0.5561155414872131,0.06387578386188841,0.35641785515778757,0.6010767990063927,0.5561155414872131
Neck_6-19,..\data\processed\wet\Neck_6-19_v1.wav,0.4046554179046665,0.2574287963832694,1.5204629900784494,0.4558825884241029,0.4046554179046665,0.4290479939721156,0.22676955335076654,0.4558825884241029
Neck_6-19,..\data\processed\wet\Neck_6-19_v2.wav,0.9532548557208342,0.5102717506702742,1.1535479108435471,0.02978078732092093,0.9532548557208342,0.8504529177837904,0.1452328690763438,0.02978078732092093
Neck_6-19,..\data\processed\wet\Neck_6-19_v3.wav,0.9335243127166306,0.3160498499284486,2.9202702041718847,0.7807179957065223,0.9335243127166306,0.5267497498807476,0.5378378231493077,0.7807179957065223
Neck_6-19,..\data\processed\wet\Neck_6-19_v4.wav,0.31468897387132655,0.2891445413016013,4.858983109160319,0.6721486869324071,0.31468897387132655,0.48190756883600216,0.9686629131467376,0.6721486869324071
Neck_6-2,..\data\processed\wet\Neck_6-2_v0.wav,0.15374503199578593,0.07993604879061197,1.4191914124985243,0.7667116744207175,0.15374503199578593,0.1332267479843533,0.2042647583330054,0.7667116744207175
Neck_6-2,..\data\processed\wet\Neck_6-2_v1.wav,0.29537700384061605,0.012833308005047872,4.748784635775478,0.16971341639491067,0.29537700384061605,0.021388846675079787,0.9441743635056619,0.16971341639491067
Neck_6-2,..\data\processed\wet\Neck_6-2_v2.wav,0.009558186148068581,0.14227896142999377,1.5576295420316015,0.42200525084572305,0.009558186148068581,0.23713160238332295,0.2350287871181337,0.42200525084572305
Neck_6-2,..\data\processed\wet\Neck_6-2_v3.wav,0.9203898315000368,0.5275109506674587,2.5560254974209258,0.4108999049918065,0.9203898315000368,0.8791849177790978,0.4568945549824279,0.4108999049918065
Neck_6-2,..\data\processed\wet\Neck_6-2_v4.wav,0.5550090864748513,0.14607240718305944,0.7348324638486328,0.9392241361712067,0.5550090864748513,0.24345401197176575,0.05218499196636284,0.9392241361712067
Neck_6-20,..\data\processed\wet\Neck_6-20_v0.wav,0.18669898487717274,0.11904043754742982,2.6260714798427642,0.4916133448403307,0.18669898487717274,0.1984007292457164,0.4724603288539476,0.4916133448403307
Neck_6-20,..\data\processed\wet\Neck_6-20_v1.wav,0.018434209700741944,0.08877284326438241,2.2016966835233376,0.6837306935105391,0.018434209700741944,0.1479547387739707,0.3781548185607417,0.6837306935105391
Neck_6-20,..\data\processed\wet\Neck_6-20_v2.wav,0.22841845683193585,0.25380866774505756,3.0080527912241006,0.888592494623292,0.22841845683193585,0.4230144462417626,0.5573450647164668,0.888592494623292
Neck_6-20,..\data\processed\wet\Neck_6-20_v3.wav,0.3260705023271233,0.0801349595180901,2.701725016539237,0.7467216016840621,0.3260705023271233,0.13355826586348352,0.48927222589760816,0.7467216016840621
Neck_6-20,..\data\processed\wet\Neck_6-20_v4.wav,0.10985975705273343,0.25481009501817625,0.5800331356811754,0.033559181647251135,0.10985975705273343,0.42468349169696046,0.017785141262483428,0.033559181647251135
Neck_6-21,..\data\processed\wet\Neck_6-21_v0.wav,0.4829533632166656,0.17891837889055764,4.302982845524355,0.6021543061264543,0.4829533632166656,0.29819729815092944,0.8451072990054121,0.6021543061264543
Neck_6-21,..\data\processed\wet\Neck_6-21_v1.wav,0.45393296174299036,0.2447612226325778,2.7376046608530347,0.04043883121266134,0.45393296174299036,0.40793537105429634,0.49724548018956327,0.04043883121266134
Neck_6-21,..\data\processed\wet\Neck_6-21_v2.wav,0.8927933564206599,0.598981893440375,1.316692061864144,0.12038296477461974,0.8927933564206599,0.9983031557339583,0.18148712485869867,0.12038296477461974
Neck_6-21,..\data\processed\wet\Neck_6-21_v3.wav,0.14357746344859523,0.39661623494062026,3.476483773028486,0.8479241622784109,0.14357746344859523,0.6610270582343671,0.6614408384507747,0.8479241622784109
Neck_6-21,..\data\processed\wet\Neck_6-21_v4.wav,0.7518263884262533,0.2698138040216038,3.2578491270439347,0.6882846703680079,0.7518263884262533,0.44968967336933974,0.6128553615653188,0.6882846703680079
Neck_6-22,..\data\processed\wet\Neck_6-22_v0.wav,0.5127364702852252,0.285390590670982,3.4029385053919396,0.5574745489756537,0.5127364702852252,0.47565098445163667,0.6450974456426533,0.5574745489756537
Neck_6-22,..\data\processed\wet\Neck_6-22_v1.wav,0.6439423053359103,0.3677128643780183,3.736384522311446,0.6428035087828761,0.6439423053359103,0.6128547739633639,0.7191965605136547,0.6428035087828761
Neck_6-22,..\data\processed\wet\Neck_6-22_v2.wav,0.5197424864372673,0.4090780867706319,2.522668843334426,0.24167122597260104,0.5197424864372673,0.6817968112843865,0.44948196518542805,0.24167122597260104
Neck_6-22,..\data\processed\wet\Neck_6-22_v3.wav,0.0014182201339154599,0.3359784882875059,3.1579485197388846,0.9720489647757143,0.0014182201339154599,0.5599641471458432,0.590655226608641,0.9720489647757143
Neck_6-22,..\data\processed\wet\Neck_6-22_v4.wav,0.36147833409427554,0.23647994569698705,1.408098116039856,0.07053429523732191,0.36147833409427554,0.39413324282831175,0.20179958134219023,0.07053429523732191
Neck_6-3,..\data\processed\wet\Neck_6-3_v0.wav,0.7728044928617406,0.149808638603595,3.240071874635171,0.6877730355454815,0.7728044928617406,0.24968106433932502,0.6089048610300379,0.6877730355454815
Neck_6-3,..\data\processed\wet\Neck_6-3_v1.wav,0.4712366872916477,0.5258112678163149,2.4970767844087796,0.2849086230417651,0.4712366872916477,0.8763521130271916,0.44379484097972877,0.2849086230417651
Neck_6-3,..\data\processed\wet\Neck_6-3_v2.wav,0.8960155229616223,0.5169385705499738,1.2381797618438586,0.02596101835392095,0.8960155229616223,0.8615642842499565,0.164039947076413,0.02596101835392095
Neck_6-3,..\data\processed\wet\Neck_6-3_v3.wav,0.08998555634962069,0.17192843913229022,4.875169107837698,0.558516153160825,0.08998555634962069,0.28654739855381706,0.9722598017417108,0.558516153160825
Neck_6-3,..\data\processed\wet\Neck_6-3_v4.wav,0.3732617320292688,0.5332296567676478,2.5391134916532483,0.3152386284010211,0.3732617320292688,0.8887160946127464,0.45313633147849963,0.3152386284010211
Neck_6-4,..\data\processed\wet\Neck_6-4_v0.wav,0.9412195287456574,0.5097105997156067,4.296507689387484,0.5122847430502131,0.9412195287456574,0.8495176661926779,0.843668375419441,0.5122847430502131
Neck_6-4,..\data\processed\wet\Neck_6-4_v1.wav,0.789438398815455,0.10761201555873112,3.0795033090030963,0.9838459228475457,0.789438398815455,0.17935335926455187,0.5732229575562436,0.9838459228475457
Neck_6-4,..\data\processed\wet\Neck_6-4_v2.wav,0.29095843051796166,0.4766113975486051,2.707152832436303,0.03980568322208733,0.29095843051796166,0.7943523292476752,0.4904784072080673,0.03980568322208733
Neck_6-4,..\data\processed\wet\Neck_6-4_v3.wav,0.7630193978156674,0.10114148663526767,3.3416310520973758,0.0856641940469729,0.7630193978156674,0.1685691443921128,0.6314735671327502,0.0856641940469729
Neck_6-4,..\data\processed\wet\Neck_6-4_v4.wav,0.9468673974959648,0.17503433230821655,1.5190911125482771,0.1291364040663343,0.9468673974959648,0.2917238871803609,0.2264646916773949,0.1291364040663343
Neck_6-5,..\data\processed\wet\Neck_6-5_v0.wav,0.9460021933390478,0.4271422454647831,3.837473999231399,0.4994045613802446,0.9460021933390478,0.7119037424413052,0.7416608887180887,0.4994045613802446
Neck_6-5,..\data\processed\wet\Neck_6-5_v1.wav,0.4747277852704834,0.06601274579488599,3.019284930127963,0.24691649510879043,0.4747277852704834,0.11002124299147666,0.5598410955839918,0.24691649510879043
Neck_6-5,..\data\processed\wet\Neck_6-5_v2.wav,0.9771453328004058,0.47794856400908836,2.3584642708679944,0.15134125869153303,0.9771453328004058,0.7965809400151473,0.41299206019288764,0.15134125869153303
Neck_6-5,..\data\processed\wet\Neck_6-5_v3.wav,0.785331691138784,0.0732322602487896,1.3520018907368172,0.21152051774422742,0.785331691138784,0.12205376708131599,0.1893337534970705,0.21152051774422742
Neck_6-5,..\data\processed\wet\Neck_6-5_v4.wav,0.5568906382730944,0.47223399239421976,1.914416954261115,0.08466981427528941,0.5568906382730944,0.7870566539903663,0.3143148787246922,0.08466981427528941
Neck_6-6,..\data\processed\wet\Neck_6-6_v0.wav,0.4645384635244192,0.4488661446959613,1.4974872938932473,0.21992454803937422,0.4645384635244192,0.7481102411599355,0.2216638430873883,0.21992454803937422
Neck_6-6,..\data\processed\wet\Neck_6-6_v1.wav,0.9472270273467108,0.5724922362715067,4.957095794277094,0.8076596015747801,0.9472270273467108,0.9541537271191779,0.9904657320615764,0.8076596015747801
Neck_6-6,..\data\processed\wet\Neck_6-6_v2.wav,0.18818416916794556,0.1271889124795568,2.031013586850764,0.31813253133349084,0.18818416916794556,0.21198152079926133,0.34022524152239203,0.31813253133349084
Neck_6-6,..\data\processed\wet\Neck_6-6_v3.wav,0.9565277490780091,0.47344438972901615,3.7580395647269924,0.18596322405813182,0.9565277490780091,0.7890739828816936,0.7240087921615539,0.18596322405813182
Neck_6-6,..\data\processed\wet\Neck_6-6_v4.wav,0.9095255593623296,0.4967222277037043,1.2363882859756568,0.8711703319609725,0.9095255593623296,0.8278703795061738,0.16364184132792373,0.8711703319609725
Neck_6-7,..\data\processed\wet\Neck_6-7_v0.wav,0.2722475363704713,0.04852184749926362,3.455700379313945,0.6538046593843306,0.2722475363704713,0.08086974583210604,0.65682230651421,0.6538046593843306
Neck_6-7,..\data\processed\wet\Neck_6-7_v1.wav,0.09493200956561809,0.19131108536194943,4.967665080149923,0.6784266670087369,0.09493200956561809,0.3188518089365824,0.9928144622555385,0.6784266670087369
Neck_6-7,..\data\processed\wet\Neck_6-7_v2.wav,0.7300751666033292,0.1277503713625834,0.8545193195176144,0.27690168974093765,0.7300751666033292,0.2129172856043057,0.07878207100391431,0.27690168974093765
Neck_6-7,..\data\processed\wet\Neck_6-7_v3.wav,0.24889838519319196,0.14072646044883186,1.367394448491678,0.5747556906554043,0.24889838519319196,0.2345441007480531,0.19275432188703956,0.5747556906554043
Neck_6-7,..\data\processed\wet\Neck_6-7_v4.wav,0.32810347584182176,0.4922070090285182,1.327763380313228,0.4646270708685445,0.32810347584182176,0.8203450150475304,0.183947417847384,0.4646270708685445
Neck_6-8,..\data\processed\wet\Neck_6-8_v0.wav,0.013657836426079983,0.2890093934731152,0.7512719939441348,0.9777235118726436,0.013657836426079983,0.48168232245519205,0.0558382208764744,0.9777235118726436
Neck_6-8,..\data\processed\wet\Neck_6-8_v1.wav,0.7905921286504128,0.2940668859818732,0.8896431118070762,0.5924454407904143,0.7905921286504128,0.4901114766364553,0.08658735817935027,0.5924454407904143
Neck_6-8,..\data\processed\wet\Neck_6-8_v2.wav,0.7587637507018775,0.11443035180284716,3.056937533543709,0.814210898382868,0.7587637507018775,0.1907172530047453,0.5682083407874908,0.814210898382868
Neck_6-8,..\data\processed\wet\Neck_6-8_v3.wav,0.7682477776463164,0.48179521072029174,4.456955411913739,0.9376821021594702,0.7682477776463164,0.8029920178671529,0.8793234248697198,0.9376821021594702
Neck_6-8,..\data\processed\wet\Neck_6-8_v4.wav,0.40552115520353593,0.3412614615137263,4.057967867205249,0.6971398139457832,0.40552115520353593,0.5687691025228773,0.7906595260456108,0.6971398139457832
Neck_6-9,..\data\processed\wet\Neck_6-9_v0.wav,0.9955202282643788,0.008206590662786483,2.098099468921058,0.28102792627020245,0.9955202282643788,0.01367765110464414,0.3551332153157907,0.28102792627020245
Neck_6-9,..\data\processed\wet\Neck_6-9_v1.wav,0.2623158501655346,0.13351786949933145,3.6910572836685307,0.08475947327532185,0.2623158501655346,0.22252978249888575,0.7091238408152291,0.08475947327532185
Neck_6-9,..\data\processed\wet\Neck_6-9_v2.wav,0.7416088339433383,0.41605550520976403,1.6286185962540338,0.25283378316516125,0.7416088339433383,0.6934258420162734,0.2508041325008964,0.25283378316516125
Neck_6-9,..\data\processed\wet\Neck_6-9_v3.wav,0.6288605853445022,0.4573026632902067,4.444185258893144,0.8521395638544758,0.6288605853445022,0.7621711054836778,0.8764856130873654,0.8521395638544758
Neck_6-9,..\data\processed\wet\Neck_6-9_v4.wav,0.9648829941638531,0.34883093720190667,4.588950026031618,0.8085132732604108,0.9648829941638531,0.5813848953365112,0.9086555613403596,0.8085132732604108
