source_id,wet_path,room_size,wet_level,rate_hz,depth,room_size_norm,wet_level_norm,rate_hz_norm,depth_norm
Bridge_1-0,..\data\processed\wet\Bridge_1-0_v0.wav,0.3745401188473625,0.5704285838459496,3.793972738151323,0.5986584841970366,0.3745401188473625,0.950714306409916,0.7319939418114051,0.5986584841970366
Bridge_1-0,..\data\processed\wet\Bridge_1-0_v1.wav,0.1560186404424365,0.0935967122017215,0.7613762547568976,0.8661761457749352,0.1560186404424365,0.1559945203362026,0.0580836121681994,0.8661761457749352
Bridge_1-0,..\data\processed\wet\Bridge_1-0_v2.wav,0.6011150117432088,0.4248435466776273,0.592630224331111,0.9699098521619944,0.6011150117432088,0.7080725777960455,0.0205844942958024,0.9699098521619944
Bridge_1-0,..\data\processed\wet\Bridge_1-0_v3.wav,0.8324426408004217,0.1274034664069656,1.318212352431953,0.1834045098534338,0.8324426408004217,0.2123391106782761,0.1818249672071006,0.1834045098534338
Bridge_1-0,..\data\processed\wet\Bridge_1-0_v4.wav,0.3042422429595377,0.3148538589793427,2.4437525838895207,0.2912291401980419,0.3042422429595377,0.5247564316322378,0.4319450186421157,0.2912291401980419
Bridge_1-1,..\data\processed\wet\Bridge_1-1_v0.wav,0.6118528947223795,0.0836963163912251,1.8146509184084816,0.3663618432936917,0.6118528947223795,0.1394938606520418,0.2921446485352181,0.3663618432936917
Bridge_1-1,..\data\processed\wet\Bridge_1-1_v1.wav,0.4560699842170359,0.4711055768358081,1.3985320197126188,0.5142344384136116,0.4560699842170359,0.7851759613930136,0.1996737821583597,0.5142344384136116
Bridge_1-1,..\data\processed\wet\Bridge_1-1_v2.wav,0.5924145688620425,0.0278702476319986,3.2339518335564725,0.1705241236872915,0.5924145688620425,0.0464504127199977,0.6075448519014384,0.1705241236872915
Bridge_1-1,..\data\processed\wet\Bridge_1-1_v3.wav,0.0650515929852795,0.5693313223519999,4.845344148835517,0.8083973481164611,0.0650515929852795,0.9488855372533332,0.9656320330745594,0.8083973481164611
Bridge_1-1,..\data\processed\wet\Bridge_1-1_v4.wav,0.3046137691733707,0.0586032684038303,3.579048619304706,0.4401524937396013,0.3046137691733707,0.0976721140063838,0.6842330265121569,0.4401524937396013
Bridge_1-11,..\data\processed\wet\Bridge_1-11_v0.wav,0.388677289689482,0.1628094190643375,4.229318791183682,0.3567533266935893,0.388677289689482,0.2713490317738959,0.8287375091519293,0.3567533266935893
Bridge_1-11,..\data\processed\wet\Bridge_1-11_v1.wav,0.2809345096873807,0.325617649894949,1.1341590123864318,0.8021969807540397,0.2809345096873807,0.5426960831582485,0.1409242249747626,0.8021969807540397
Bridge_1-11,..\data\processed\wet\Bridge_1-11_v2.wav,0.0745506436797708,0.5921321619603104,3.9751014618349583,0.1987156815341724,0.0745506436797708,0.9868869366005172,0.7722447692966574,0.1987156815341724
Bridge_1-11,..\data\processed\wet\Bridge_1-11_v3.wav,0.0055221171236023,0.4892768570729005,3.680858047314277,0.7290071680409873,0.0055221171236023,0.8154614284548342,0.7068573438476171,0.7290071680409873
Bridge_1-11,..\data\processed\wet\Bridge_1-11_v4.wav,0.7712703466859457,0.0444267910404542,2.113095778449227,0.1158690595251297,0.7712703466859457,0.0740446517340903,0.3584657285442726,0.1158690595251297
Bridge_1-12,..\data\processed\wet\Bridge_1-12_v0.wav,0.8631034258755935,0.3739788760965347,1.9890411118369211,0.0635583502860236,0.8631034258755935,0.6232981268275579,0.3308980248526492,0.0635583502860236
Bridge_1-12,..\data\processed\wet\Bridge_1-12_v1.wav,0.3109823217156622,0.1951099932160482,3.783227802521288,0.6375574713552131,0.3109823217156622,0.325183322026747,0.7296061783380641,0.6375574713552131
Bridge_1-12,..\data\processed\wet\Bridge_1-12_v2.wav,0.8872127425763265,0.2833289550971695,1.0381741067223578,0.713244787222995,0.8872127425763265,0.4722149251619492,0.1195942459383017,0.713244787222995
Bridge_1-12,..\data\processed\wet\Bridge_1-12_v3.wav,0.7607850486168974,0.3367663185416977,3.969352309795525,0.4937955963643907,0.7607850486168974,0.5612771975694962,0.770967179954561,0.4937955963643907
Bridge_1-12,..\data\processed\wet\Bridge_1-12_v4.wav,0.5227328293819941,0.2565246110151297,0.6143860703484283,0.1078914269933044,0.5227328293819941,0.4275410183585496,0.0254191267440951,0.1078914269933044
Bridge_1-13,..\data\processed\wet\Bridge_1-13_v0.wav,0.0314291856867342,0.3818462467582682,1.91460191484347,0.5085706911647028,0.0314291856867342,0.6364104112637804,0.3143559810763267,0.5085706911647028
Bridge_1-13,..\data\processed\wet\Bridge_1-13_v1.wav,0.907566473926093,0.1495753374893249,2.3467231536603337,0.7555511385430487,0.907566473926093,0.2492922291488749,0.4103829230356297,0.7555511385430487
Bridge_1-13,..\data\processed\wet\Bridge_1-13_v2.wav,0.2287981654916224,0.0461879458972757,1.803881538111956,0.1612212872540044,0.2287981654916224,0.0769799098287929,0.289751452913768,0.1612212872540044
Bridge_1-13,..\data\processed\wet\Bridge_1-13_v3.wav,0.9296976523425732,0.4848722277386501,3.3503169042969057,0.8714605901877177,0.9296976523425732,0.808120379564417,0.6334037565104235,0.8714605901877177
Bridge_1-13,..\data\processed\wet\Bridge_1-13_v4.wav,0.8036720768991145,0.1119420353316215,4.5165154932049,0.5393422419156507,0.8036720768991145,0.1865700588860358,0.8925589984899778,0.5393422419156507
Bridge_1-16,..\data\processed\wet\Bridge_1-16_v0.wav,0.3677831327192532,0.3793834983561476,3.3508836984240262,0.5357746840747585,0.3677831327192532,0.6323058305935795,0.6335297107608947,0.5357746840747585
Bridge_1-16,..\data\processed\wet\Bridge_1-16_v1.wav,0.0902897700544083,0.5011814973535428,1.9435102923728111,0.1865185103998542,0.0902897700544083,0.835302495589238,0.3207800649717358,0.1865185103998542
Bridge_1-16,..\data\processed\wet\Bridge_1-16_v2.wav,0.0407751415547639,0.354535765912945,3.549039628290271,0.0165878289278561,0.0407751415547639,0.5908929431882418,0.6775643618422824,0.0165878289278561
Bridge_1-16,..\data\processed\wet\Bridge_1-16_v3.wav,0.512093058299281,0.1358974651187627,3.403277556842524,0.1743664290049914,0.512093058299281,0.2264957751979379,0.6451727904094499,0.1743664290049914
Bridge_1-16,..\data\processed\wet\Bridge_1-16_v4.wav,0.690937738102466,0.2320412077803224,4.715284949315305,0.1375209441459932,0.690937738102466,0.3867353463005374,0.9367299887367344,0.1375209441459932
Bridge_1-17,..\data\processed\wet\Bridge_1-17_v0.wav,0.3410663510502585,0.0680841127443534,4.661121282253532,0.877339353380981,0.3410663510502585,0.113473521240589,0.9246936182785628,0.877339353380981
Bridge_1-17,..\data\processed\wet\Bridge_1-17_v1.wav,0.2579416277151556,0.3959904276205074,4.177499900905471,0.5552008115994623,0.2579416277151556,0.659984046034179,0.8172222002012158,0.5552008115994623
Bridge_1-17,..\data\processed\wet\Bridge_1-17_v2.wav,0.5296505783560065,0.145111374540271,0.9189624551265464,0.8972157579533268,0.5296505783560065,0.2418522909004516,0.0931027678058992,0.8972157579533268
Bridge_1-17,..\data\processed\wet\Bridge_1-17_v3.wav,0.9004180571633305,0.3798608743639607,2.0256340597191533,0.3492095746126609,0.9004180571633305,0.6331014572732679,0.3390297910487007,0.3492095746126609
Bridge_1-17,..\data\processed\wet\Bridge_1-17_v4.wav,0.7259556788702394,0.5382661559715463,4.491888909193028,0.7798755458576239,0.7259556788702394,0.8971102599525771,0.8870864242651173,0.7798755458576239
Bridge_1-2,..\data\processed\wet\Bridge_1-2_v0.wav,0.9404585843529144,0.5723571462015524,4.616889755992018,0.3701587002554444,0.9404585843529144,0.9539285770025874,0.9148643902204484,0.3701587002554444
Bridge_1-2,..\data\processed\wet\Bridge_1-2_v1.wav,0.0154566165288674,0.5569911375526352,2.4268286674279143,0.9666548190436696,0.0154566165288674,0.9283185625877254,0.4281841483173143,0.9666548190436696
Bridge_1-2,..\data\processed\wet\Bridge_1-2_v2.wav,0.9636199770892528,0.511805673280416,1.825020014313136,0.3850977286019252,0.9636199770892528,0.8530094554673601,0.2944488920695857,0.3850977286019252
Bridge_1-2,..\data\processed\wet\Bridge_1-2_v3.wav,0.8511366715168569,0.1901532030937666,1.2627173600874162,0.5568012624583502,0.8511366715168569,0.3169220051562776,0.1694927466860925,0.5568012624583502
Bridge_1-2,..\data\processed\wet\Bridge_1-2_v4.wav,0.936154774160781,0.4176178780049838,3.0652752654021422,0.0971764937707685,0.936154774160781,0.696029796674973,0.570061170089365,0.0971764937707685
Bridge_1-20,..\data\processed\wet\Bridge_1-20_v0.wav,0.6150072266991697,0.594032310062558,1.130378068564358,0.5183296523637367,0.6150072266991697,0.9900538501042632,0.140084015236524,0.5183296523637367
Bridge_1-20,..\data\processed\wet\Bridge_1-20_v1.wav,0.8773730719279554,0.4444611706525226,3.636570834478706,0.7024840839871093,0.8773730719279554,0.7407686177542044,0.697015740995268,0.7024840839871093
Bridge_1-20,..\data\processed\wet\Bridge_1-20_v2.wav,0.3594911512197551,0.176155106558696,4.142125199653311,0.8101133946791808,0.3594911512197551,0.2935918442644933,0.8093611554785135,0.8101133946791808
Bridge_1-20,..\data\processed\wet\Bridge_1-20_v3.wav,0.8670723185801037,0.5479443315338828,2.80104079487422,0.5015162946871996,0.8670723185801037,0.9132405525564712,0.5113423988609378,0.5015162946871996
Bridge_1-20,..\data\processed\wet\Bridge_1-20_v4.wav,0.7982951789667752,0.389978358466659,3.658850947659665,0.795792669436101,0.7982951789667752,0.6499639307777652,0.7019668772577033,0.795792669436101
Bridge_1-21,..\data\processed\wet\Bridge_1-21_v0.wav,0.8900053418175663,0.2027970941109214,2.190123286879748,0.093981939840869,0.8900053418175663,0.3379951568515358,0.375582952639944,0.093981939840869
Bridge_1-21,..\data\processed\wet\Bridge_1-21_v1.wav,0.578280140996174,0.0215653642780452,2.5951910815960706,0.5426446347075766,0.578280140996174,0.035942273796742,0.4655980181324601,0.5426446347075766
Bridge_1-21,..\data\processed\wet\Bridge_1-21_v2.wav,0.2865412521282844,0.3544999563414064,0.6372511247257224,0.0373481887492144,0.2865412521282844,0.5908332605690108,0.0305002499390494,0.0373481887492144
Bridge_1-21,..\data\processed\wet\Bridge_1-21_v3.wav,0.8226005606596583,0.2161143848467577,1.0717723069334817,0.5222432600548044,0.8226005606596583,0.3601906414112629,0.1270605126518847,0.5222432600548044
Bridge_1-21,..\data\processed\wet\Bridge_1-21_v4.wav,0.7699935530986108,0.1294926164981059,3.303007141185501,0.085347464993768,0.7699935530986108,0.2158210274968431,0.6228904758190003,0.085347464993768
Bridge_1-22,..\data\processed\wet\Bridge_1-22_v0.wav,0.0516817211686077,0.3188127789408888,2.9328580472454795,0.6374299014982066,0.0516817211686077,0.531354631568148,0.5406351216101065,0.6374299014982066
Bridge_1-22,..\data\processed\wet\Bridge_1-22_v1.wav,0.7260913337226615,0.5855112476775207,2.823351567355379,0.3229564729412459,0.7260913337226615,0.9758520794625346,0.5163003483011953,0.3229564729412459
Bridge_1-22,..\data\processed\wet\Bridge_1-22_v2.wav,0.7951861947687037,0.1624993507572445,2.4753713931753625,0.0784563813422659,0.7951861947687037,0.2708322512620742,0.4389714207056361,0.0784563813422659
Bridge_1-22,..\data\processed\wet\Bridge_1-22_v3.wav,0.0253507434154575,0.577589048806755,4.261910542304927,0.695974206093698,0.0253507434154575,0.9626484146779252,0.8359801205122059,0.695974206093698
Bridge_1-22,..\data\processed\wet\Bridge_1-22_v4.wav,0.4089529444142699,0.1039765920425074,1.2039666920198873,0.2502428981645953,0.4089529444142699,0.1732943200708457,0.156437042671086,0.2502428981645953
Bridge_1-3,..\data\processed\wet\Bridge_1-3_v0.wav,0.5492266647061205,0.4287575536200373,3.4708881952297905,0.2799338969459428,0.5492266647061205,0.7145959227000623,0.6601973767177313,0.2799338969459428
Bridge_1-3,..\data\processed\wet\Bridge_1-3_v1.wav,0.954865280663194,0.4427381500174611,2.994593236301303,0.6117207462343522,0.954865280663194,0.7378969166957685,0.5543540525114007,0.6117207462343522
Bridge_1-3,..\data\processed\wet\Bridge_1-3_v2.wav,0.4196000624277899,0.1486385937006944,2.1018770539306773,0.7578461104643691,0.4196000624277899,0.2477309895011574,0.3559726786512616,0.7578461104643691
Bridge_1-3,..\data\processed\wet\Bridge_1-3_v3.wav,0.0143934886297558,0.0696435843041497,0.7070118890978874,0.0407288023189701,0.0143934886297558,0.1160726405069162,0.0460026420217527,0.0407288023189701
Bridge_1-3,..\data\processed\wet\Bridge_1-3_v4.wav,0.8554605840110072,0.4221947156280142,2.6337822308929635,0.0978341606510014,0.8554605840110072,0.7036578593800237,0.4741738290873252,0.0978341606510014
Bridge_1-4,..\data\processed\wet\Bridge_1-4_v0.wav,0.4916158751168323,0.2840830624683394,1.2794084145950684,0.433851649237973,0.4916158751168323,0.4734717707805657,0.1732018699100151,0.433851649237973
Bridge_1-4,..\data\processed\wet\Bridge_1-4_v1.wav,0.3985047343973734,0.3695100588313298,3.357921428904397,0.0453040097720445,0.3985047343973734,0.6158500980522165,0.6350936508676438,0.0453040097720445
Bridge_1-4,..\data\processed\wet\Bridge_1-4_v2.wav,0.3746126146264712,0.3755159494285418,2.7641131636103946,0.8564898411883223,0.3746126146264712,0.6258599157142364,0.5031362585800877,0.8564898411883223
Bridge_1-4,..\data\processed\wet\Bridge_1-4_v3.wav,0.658693631618945,0.0977606562488578,0.8175593633019342,0.6424192782063156,0.658693631618945,0.1629344270814297,0.0705687474004298,0.6424192782063156
Bridge_1-4,..\data\processed\wet\Bridge_1-4_v4.wav,0.0265113105416218,0.351465348764078,4.731036086412309,0.575474177875879,0.0265113105416218,0.5857755812734633,0.9402302414249576,0.575474177875879
Bridge_1-6,..\data\processed\wet\Bridge_1-6_v0.wav,0.1181648276216562,0.4180422992184904,3.330242810509478,0.877472013527053,0.1181648276216562,0.6967371653641506,0.628942846779884,0.877472013527053
Bridge_1-6,..\data\processed\wet\Bridge_1-6_v1.wav,0.7350710438038858,0.4820885582309091,1.769155576570879,0.1774395437797228,0.7350710438038858,0.8034809303848486,0.2820345725713065,0.1774395437797228
Bridge_1-6,..\data\processed\wet\Bridge_1-6_v2.wav,0.7506147516408583,0.4841008435603584,4.95727313900303,0.4126176769114265,0.7506147516408583,0.806834739267264,0.9905051420006734,0.4126176769114265
Bridge_1-6,..\data\processed\wet\Bridge_1-6_v3.wav,0.3720180857927831,0.4658477764451981,2.03361593113858,0.9307573256035648,0.3720180857927831,0.7764129607419968,0.3408035402530178,0.9307573256035648
Bridge_1-6,..\data\processed\wet\Bridge_1-6_v4.wav,0.8584127518430118,0.257396416425011,3.878919805061738,0.7545428740846823,0.8584127518430118,0.4289940273750183,0.7508710677914974,0.7545428740846823
Bridge_1-7,..\data\processed\wet\Bridge_1-7_v0.wav,0.1031238688359326,0.54153174400774,2.773635676015357,0.8264574661077416,0.1031238688359326,0.9025529066795668,0.5052523724478571,0.8264574661077416
Bridge_1-7,..\data\processed\wet\Bridge_1-7_v1.wav,0.3200496010306117,0.5373139370977202,2.251407554303734,0.0108376514802983,0.3200496010306117,0.8955232284962005,0.3892016787341631,0.0108376514802983
Bridge_1-7,..\data\processed\wet\Bridge_1-7_v2.wav,0.9053819764192635,0.0547720060716801,1.936911369156867,0.9500619670508048,0.9053819764192635,0.0912866767861335,0.3193136375904148,0.9500619670508048
Bridge_1-7,..\data\processed\wet\Bridge_1-7_v3.wav,0.950607146937556,0.3440627328739716,3.3432674547640966,0.4484455219783197,0.950607146937556,0.5734378881232861,0.6318372121697993,0.4484455219783197
Bridge_1-7,..\data\processed\wet\Bridge_1-7_v4.wav,0.2932107716980645,0.1971987272219495,3.526333052346673,0.75237452943768,0.2932107716980645,0.3286645453699159,0.6725184560770384,0.75237452943768
Bridge_1-8,..\data\processed\wet\Bridge_1-8_v0.wav,0.7915790437258485,0.4737708856767323,0.9104274637191068,0.4944203047025814,0.7915790437258485,0.7896181427945539,0.0912061030486903,0.4944203047025814
Bridge_1-8,..\data\processed\wet\Bridge_1-8_v1.wav,0.0575587600166442,0.3297173293942413,2.4868872561801965,0.8877041827582998,0.0575587600166442,0.5495288823237355,0.441530501373377,0.8877041827582998
Bridge_1-8,..\data\processed\wet\Bridge_1-8_v2.wav,0.3509150125520787,0.0702402098565635,1.1434625692377614,0.7615106317174722,0.3509150125520787,0.1170670164276058,0.1429916820528358,0.7615106317174722
Bridge_1-8,..\data\processed\wet\Bridge_1-8_v3.wav,0.6182180633162611,0.0606736056736741,0.8784806275174885,0.70096913145912,0.6182180633162611,0.1011226761227902,0.0841068061149974,0.70096913145912
Bridge_1-8,..\data\processed\wet\Bridge_1-8_v4.wav,0.0727630063641935,0.4931160355742137,3.6780900222042328,0.0813487806418997,0.0727630063641935,0.8218600592903562,0.7062422271564962,0.0813487806418997
Bridge_1-9,..\data\processed\wet\Bridge_1-9_v0.wav,0.0848377140851919,0.5919837471007052,2.1842185809025416,0.3706421470668909,0.0848377140851919,0.9866395785011756,0.3742707957561204,0.3706421470668909
Bridge_1-9,..\data\processed\wet\Bridge_1-9_v1.wav,0.8127995672575026,0.5683491464303152,4.937004787202919,0.7533781852589416,0.8127995672575026,0.9472485773838588,0.9860010638228708,0.7533781852589416
Bridge_1-9,..\data\processed\wet\Bridge_1-9_v2.wav,0.3762595855309157,0.0501004300192012,3.9971611216734657,0.558404249735805,0.3762595855309157,0.0835007166986687,0.7771469159274368,0.558404249735805
Bridge_1-9,..\data\processed\wet\Bridge_1-9_v3.wav,0.4242220092469763,0.5438126310568415,1.000388670377681,0.4926251042908591,0.4242220092469763,0.906354385094736,0.1111974823061513,0.4926251042908591
Bridge_1-9,..\data\processed\wet\Bridge_1-9_v4.wav,0.011353644767419,0.2811963851964758,0.7533647405682681,0.1188179162680719,0.011353644767419,0.4686606419941263,0.0563032756818373,0.1188179162680719
Bridge_2-0,..\data\processed\wet\Bridge_2-0_v0.wav,0.1175262467771048,0.3895261812696381,3.857201956694405,0.5833687650971596,0.1175262467771048,0.6492103021160636,0.7460448792654233,0.5833687650971596
Bridge_2-0,..\data\processed\wet\Bridge_2-0_v1.wav,0.962172548474542,0.2249223477142224,1.7857043882683734,0.8685991281894603,0.962172548474542,0.374870579523704,0.2857120862818607,0.8685991281894603
Bridge_2-0,..\data\processed\wet\Bridge_2-0_v2.wav,0.2235958385194526,0.5779335236643668,0.5546951361041735,0.969878826707639,0.2235958385194526,0.9632225394406112,0.0121544746898163,0.969878826707639
Bridge_2-0,..\data\processed\wet\Bridge_2-0_v3.wav,0.0431599119505761,0.5346858682188427,2.874654990888349,0.9929647961193004,0.0431599119505761,0.8911431136980712,0.5277011090862999,0.9929647961193004
Bridge_2-0,..\data\processed\wet\Bridge_2-0_v4.wav,0.0737965647353988,0.3323125706407924,4.861861410285945,0.5230978441701488,0.0737965647353988,0.5538542844013208,0.9693025356190988,0.5230978441701488
Bridge_2-10,..\data\processed\wet\Bridge_2-10_v0.wav,0.6981617140197451,0.3216578198064722,1.892874273288475,0.8137950197069487,0.6981617140197451,0.5360963663441204,0.3095276162863277,0.8137950197069487
Bridge_2-10,..\data\processed\wet\Bridge_2-10_v1.wav,0.6847311725538793,0.0975701636069347,4.599172330222292,0.822537242923169,0.6847311725538793,0.1626169393448913,0.9109271844938426,0.822537242923169
Bridge_2-10,..\data\processed\wet\Bridge_2-10_v2.wav,0.949799913291924,0.435431705033016,3.2603683817110545,0.4182430362906189,0.949799913291924,0.72571950838836,0.6134151959357899,0.4182430362906189
Bridge_2-10,..\data\processed\wet\Bridge_2-10_v3.wav,0.9327284833540131,0.519638333700245,0.7034840154778523,0.026366974497252,0.9327284833540131,0.8660638895004085,0.0452186701061894,0.026366974497252
Bridge_2-10,..\data\processed\wet\Bridge_2-10_v4.wav,0.3764633668780496,0.4863319984690997,4.94274258191725,0.1504168911035281,0.3764633668780496,0.8105533307818329,0.9872761293149446,0.1504168911035281
Bridge_2-11,..\data\processed\wet\Bridge_2-11_v0.wav,0.5941307153521351,0.2285345139786129,4.864614790165715,0.8421189231357087,0.5941307153521351,0.3808908566310215,0.9699143978146032,0.8421189231357087
Bridge_2-11,..\data\processed\wet\Bridge_2-11_v1.wav,0.8383287047111379,0.2812158958769821,2.3666877605194934,0.2734070719307062,0.8383287047111379,0.4686931597949703,0.4148195023376652,0.2734070719307062
Bridge_2-11,..\data\processed\wet\Bridge_2-11_v2.wav,0.0563754966509271,0.5188334257530319,4.158054541085349,0.9997176732861306,0.0563754966509271,0.8647223762550532,0.8129010091300776,0.9997176732861306
Bridge_2-11,..\data\processed\wet\Bridge_2-11_v3.wav,0.9966368370739054,0.3332590233615765,3.960443368312297,0.944765729882428,0.9966368370739054,0.5554317056026274,0.7689874151805105,0.944765729882428
Bridge_2-11,..\data\processed\wet\Bridge_2-11_v4.wav,0.8496473906774115,0.1484088610459185,2.527448608895421,0.1291594151514949,0.8496473906774115,0.2473481017431976,0.4505441353100935,0.1291594151514949
Bridge_2-12,..\data\processed\wet\Bridge_2-12_v0.wav,0.9540510272587224,0.363704780670528,1.5288926247655823,0.6717006844058567,0.9540510272587224,0.60617463445088,0.2286428055034627,0.6717006844058567
Bridge_2-12,..\data\processed\wet\Bridge_2-12_v1.wav,0.6181282404578958,0.2148976308197042,1.0110091648983306,0.6715731955927996,0.6181282404578958,0.3581627180328405,0.113557592199629,0.6715731955927996
Bridge_2-12,..\data\processed\wet\Bridge_2-12_v2.wav,0.5203077009037933,0.4633910350413835,2.84073575500397,0.8521815003185401,0.5203077009037933,0.7723183917356393,0.5201635011119934,0.8521815003185401
Bridge_2-12,..\data\processed\wet\Bridge_2-12_v3.wav,0.5519068387744855,0.3365627829212317,4.444941211962552,0.403482866212397,0.5519068387744855,0.5609379715353863,0.876653602658345,0.403482866212397
Bridge_2-12,..\data\processed\wet\Bridge_2-12_v4.wav,0.1340152284506407,0.0172696057880033,3.898117650531285,0.6203095513534647,0.1340152284506407,0.0287826763133389,0.755137255673619,0.6203095513534647
Bridge_2-17,..\data\processed\wet\Bridge_2-17_v0.wav,0.0200711977777263,0.1932474993499069,1.4515160314844509,0.3274973521779146,0.0200711977777263,0.3220791655831783,0.2114480069965446,0.3274973521779146
Bridge_2-17,..\data\processed\wet\Bridge_2-17_v1.wav,0.1197621318192512,0.5343163684439369,3.171166040993219,0.6791023191444896,0.1197621318192512,0.890527280739895,0.5935924535540487,0.6791023191444896
Bridge_2-17,..\data\processed\wet\Bridge_2-17_v2.wav,0.7891712386073383,0.2990653193574343,0.8911412963934067,0.5371065418185478,0.7891712386073383,0.4984421989290573,0.0869202880874237,0.5371065418185478
Bridge_2-17,..\data\processed\wet\Bridge_2-17_v3.wav,0.5868411180208791,0.447263684510598,2.442467958033557,0.1275803027955637,0.5868411180208791,0.74543947418433,0.4316595462296793,0.1275803027955637
Bridge_2-17,..\data\processed\wet\Bridge_2-17_v4.wav,0.2837759057987244,0.217849377839181,3.4066275859922053,0.5707783046689119,0.2837759057987244,0.3630822963986351,0.6459172413316012,0.5707783046689119
Bridge_2-18,..\data\processed\wet\Bridge_2-18_v0.wav,0.3560967258978462,0.5919091492757877,3.2259866871059923,0.2372267917359944,0.3560967258978462,0.9865152487929796,0.6057748193568872,0.2372267917359944
Bridge_2-18,..\data\processed\wet\Bridge_2-18_v1.wav,0.1017824726204037,0.0917154835105992,1.6068097777302863,0.1606813732595556,0.1017824726204037,0.152859139184332,0.2459577283845081,0.1606813732595556
Bridge_2-18,..\data\processed\wet\Bridge_2-18_v2.wav,0.1865670240513057,0.1710571012163082,1.2801811788263966,0.8967654246264252,0.1865670240513057,0.2850951686938471,0.1733735952947548,0.8967654246264252
Bridge_2-18,..\data\processed\wet\Bridge_2-18_v3.wav,0.0802337456616422,0.3147068337421528,2.346785721453477,0.9823786169086064,0.0802337456616422,0.5245113895702547,0.4103968269896615,0.9823786169086064
Bridge_2-18,..\data\processed\wet\Bridge_2-18_v4.wav,0.1120389021680523,0.2387133594274449,4.86261694973916,0.8655071258939803,0.1120389021680523,0.3978555990457416,0.969470433275369,0.8655071258939803
Bridge_2-19,..\data\processed\wet\Bridge_2-19_v0.wav,0.8170720709492799,0.1547416962269639,1.2689941432552962,0.668643219924431,0.8170720709492799,0.2579028270449398,0.1708875873900658,0.668643219924431
Bridge_2-19,..\data\processed\wet\Bridge_2-19_v1.wav,0.9293759891275858,0.3340577358083578,3.0722571026145493,0.2799790936602842,0.9293759891275858,0.5567628930139298,0.5716126894698998,0.2799790936602842
Bridge_2-19,..\data\processed\wet\Bridge_2-19_v2.wav,0.7694929331919369,0.112226249134514,1.9565565638190965,0.4254364386164168,0.7694929331919369,0.1870437485575233,0.3236792364042437,0.4254364386164168
Bridge_2-19,..\data\processed\wet\Bridge_2-19_v3.wav,0.507610378684455,0.1454458394490481,1.016765711326416,0.6106200424416326,0.507610378684455,0.2424097324150802,0.1148368247392035,0.6106200424416326
Bridge_2-19,..\data\processed\wet\Bridge_2-19_v4.wav,0.2886305532402557,0.3487429328535673,1.1946322187339105,0.4811401018548175,0.2886305532402557,0.5812382214226123,0.1543627152742023,0.4811401018548175
Bridge_2-2,..\data\processed\wet\Bridge_2-2_v0.wav,0.5325894325515859,0.0310941220934561,2.0147192518726427,0.1344146769389742,0.5325894325515859,0.0518235368224269,0.3366042781939206,0.1344146769389742
Bridge_2-2,..\data\processed\wet\Bridge_2-2_v1.wav,0.0633749704727677,0.5939761394339671,1.9505923023862533,0.8098744458546349,0.0633749704727677,0.9899602323899452,0.3223538449747229,0.8098744458546349
Bridge_2-2,..\data\processed\wet\Bridge_2-2_v2.wav,0.2546406547637638,0.4089016333343575,3.9210253695035897,0.5956387406078443,0.2546406547637638,0.6815027222239293,0.7602278598896866,0.5956387406078443
Bridge_2-2,..\data\processed\wet\Bridge_2-2_v3.wav,0.4715761885501583,0.2471045484883611,2.069907199443479,0.9295291442478258,0.4715761885501583,0.4118409141472685,0.3488682665429953,0.9295291442478258
Bridge_2-2,..\data\processed\wet\Bridge_2-2_v4.wav,0.8306194077877291,0.5790161463999075,1.0593375056849512,0.7308674752036443,0.8306194077877291,0.9650269106665126,0.1242972234855447,0.7308674752036443
Bridge_2-20,..\data\processed\wet\Bridge_2-20_v0.wav,0.9383404568210378,0.108739839699396,0.7992332031504987,0.741120649290059,0.9383404568210378,0.1812330661656601,0.0664962673667775,0.741120649290059
Bridge_2-20,..\data\processed\wet\Bridge_2-20_v1.wav,0.5744731131799119,0.5050972660549632,1.1289756948183027,0.7952673118598902,0.5744731131799119,0.8418287767582721,0.1397723766262895,0.7952673118598902
Bridge_2-20,..\data\processed\wet\Bridge_2-20_v2.wav,0.2016273200477445,0.0981935657194227,1.239196090689468,0.8145747202313821,0.2016273200477445,0.1636559428657045,0.1642657979309929,0.8145747202313821
Bridge_2-20,..\data\processed\wet\Bridge_2-20_v3.wav,0.6651972206962001,0.3138392548614716,2.114737178555761,0.8772005408131083,0.6651972206962001,0.5230654247691193,0.3588304841235025,0.8772005408131083
Bridge_2-20,..\data\processed\wet\Bridge_2-20_v4.wav,0.3924451074226354,0.4899596636829462,2.476107088565983,0.3769444294249076,0.3924451074226354,0.8165994394715771,0.4391349085702184,0.3769444294249076
Bridge_2-21,..\data\processed\wet\Bridge_2-21_v0.wav,0.4626797856696064,0.1808267244984852,3.86424221079313,0.5027203900924792,0.4626797856696064,0.3013778741641421,0.7476093801762511,0.5027203900924792
Bridge_2-21,..\data\processed\wet\Bridge_2-21_v1.wav,0.2322126951468173,0.539744743964741,2.2275104961794514,0.5435528611139886,0.2322126951468173,0.8995745732745685,0.3838912213732114,0.5435528611139886
Bridge_2-21,..\data\processed\wet\Bridge_2-21_v2.wav,0.9064721109645468,0.3745427975483952,1.0260411831876384,0.9398321236134752,0.9064721109645468,0.6242379959139921,0.116898040708364,0.9398321236134752
Bridge_2-21,..\data\processed\wet\Bridge_2-21_v3.wav,0.6277080530714179,0.2009433687942516,1.1267243269852427,0.794025189270296,0.6277080530714179,0.3349056146570861,0.1392720726633872,0.794025189270296
Bridge_2-21,..\data\processed\wet\Bridge_2-21_v4.wav,0.6200727559285135,0.3200766551857929,4.5225166237293095,0.7885972112245307,0.6200727559285135,0.5334610919763215,0.8938925830509576,0.7885972112245307
Bridge_2-22,..\data\processed\wet\Bridge_2-22_v0.wav,0.1516748797327511,0.1870332406773289,1.618201129165096,0.743946292572677,0.1516748797327511,0.3117220677955482,0.2484891398144657,0.743946292572677
Bridge_2-22,..\data\processed\wet\Bridge_2-22_v1.wav,0.0335324347357793,0.3419338109227899,3.9310640858331074,0.8767656367617495,0.0335324347357793,0.5698896848713165,0.7624586857406905,0.8767656367617495
Bridge_2-22,..\data\processed\wet\Bridge_2-22_v2.wav,0.3420817487159074,0.4927543828032077,0.9978428162984324,0.8464522917345182,0.3420817487159074,0.8212573046720129,0.1106317369552072,0.8464522917345182
Bridge_2-22,..\data\processed\wet\Bridge_2-22_v3.wav,0.1274886623319824,0.2383723743362203,4.087829146007991,0.1499174273487737,0.1274886623319824,0.3972872905603672,0.7972953657795535,0.1499174273487737
Bridge_2-22,..\data\processed\wet\Bridge_2-22_v4.wav,0.2292513952326414,0.4333515410358398,3.740164414457335,0.6411476328852973,0.2292513952326414,0.7222525683930663,0.7200365365460744,0.6411476328852973
Bridge_2-4,..\data\processed\wet\Bridge_2-4_v0.wav,0.7072386343133986,0.0915234257485568,3.0932976207506595,0.6067150463828559,0.7072386343133986,0.1525390429142613,0.5762883601668132,0.6067150463828559
Bridge_2-4,..\data\processed\wet\Bridge_2-4_v1.wav,0.424130671302386,0.4418665413748336,4.704651566460567,0.9255685129067764,0.424130671302386,0.7364442356247228,0.9343670147690148,0.9255685129067764
Bridge_2-4,..\data\processed\wet\Bridge_2-4_v2.wav,0.4508393714041321,0.0679428275044531,4.931785395330506,0.8388980864459341,0.4508393714041321,0.1132380458407552,0.9848411989623346,0.8388980864459341
Bridge_2-4,..\data\processed\wet\Bridge_2-4_v3.wav,0.1246626812032668,0.5525051295704234,4.414533629279577,0.5188380571260721,0.1246626812032668,0.9208418826173724,0.8698963620621283,0.5188380571260721
Bridge_2-4,..\data\processed\wet\Bridge_2-4_v4.wav,0.5912754357449292,0.2394016223220781,0.746427374699141,0.3351972416459009,0.5912754357449292,0.3990027038701302,0.0547616388220313,0.3351972416459009
Bridge_2-9,..\data\processed\wet\Bridge_2-9_v0.wav,0.2078862551460273,0.0159193223242918,1.316459457904088,0.5830415609696922,0.2078862551460273,0.0265322038738197,0.1814354350897973,0.5830415609696922
Bridge_2-9,..\data\processed\wet\Bridge_2-9_v1.wav,0.4214245505924979,0.5356030266461849,4.178496027822984,0.3418173516978759,0.4214245505924979,0.8926717110769748,0.8174435617384409,0.3418173516978759
Bridge_2-9,..\data\processed\wet\Bridge_2-9_v2.wav,0.2594234334312925,0.2278154449003601,3.156327241316635,0.2680636408228762,0.2594234334312925,0.3796924081672669,0.5902949425148077,0.2680636408228762
Bridge_2-9,..\data\processed\wet\Bridge_2-9_v3.wav,0.624148907849134,0.2456469913147442,2.984212313833911,0.4361265291353167,0.624148907849134,0.4094116521912404,0.5520471808519802,0.4361265291353167
Bridge_2-9,..\data\processed\wet\Bridge_2-9_v4.wav,0.2944657595419176,0.569071984177294,3.936226073718924,0.1401131757664525,0.2944657595419176,0.9484533069621568,0.7636057941597608,0.1401131757664525
Bridge_3-0,..\data\processed\wet\Bridge_3-0_v0.wav,0.8684679758979128,0.2924587189497081,4.525485021023411,0.7998552559473152,0.8684679758979128,0.4874311982495136,0.8945522268940914,0.7998552559473152
Bridge_3-0,..\data\processed\wet\Bridge_3-0_v1.wav,0.4252135044692334,0.0134815849920704,1.7090481172322574,0.5416342146608669,0.4252135044692334,0.0224693083201173,0.2686773593849461,0.5416342146608669
Bridge_3-0,..\data\processed\wet\Bridge_3-0_v2.wav,0.6334782198261473,0.1547326112599213,1.1271023333277086,0.8349302367992991,0.6334782198261473,0.2578876854332023,0.1393560740728241,0.8349302367992991
Bridge_3-0,..\data\processed\wet\Bridge_3-0_v3.wav,0.984402180703552,0.3154141093816114,1.2725567863173657,0.2723073265193689,0.984402180703552,0.5256901823026858,0.1716792858483035,0.2723073265193689
Bridge_3-0,..\data\processed\wet\Bridge_3-0_v4.wav,0.0183906765474667,0.5485792839362994,1.029879873005635,0.5765164755142536,0.0183906765474667,0.914298806560499,0.1177510828901411,0.5765164755142536
Bridge_3-1,..\data\processed\wet\Bridge_3-1_v0.wav,0.274055220687206,0.332506801509476,3.431391747583389,0.8297418037072016,0.274055220687206,0.5541780025157934,0.6514203883518642,0.8297418037072016
Bridge_3-1,..\data\processed\wet\Bridge_3-1_v1.wav,0.2064212717606032,0.0065974971950882,1.1159853353096327,0.9000186418481051,0.2064212717606032,0.0109958286584804,0.1368856300688072,0.9000186418481051
Bridge_3-1,..\data\processed\wet\Bridge_3-1_v2.wav,0.8738900775625152,0.358447861302185,3.20232587195144,0.6650366745462555,0.8738900775625152,0.5974131021703083,0.6005168604336534,0.6650366745462555
Bridge_3-1,..\data\processed\wet\Bridge_3-1_v3.wav,0.1753712786234496,0.5486471675549759,2.384467362014329,0.3831385282494974,0.1753712786234496,0.91441194592496,0.4187705248920731,0.3831385282494974
Bridge_3-1,..\data\processed\wet\Bridge_3-1_v4.wav,0.5189177052828375,0.028179580065033,1.2482751594023571,0.7380336164263704,0.5189177052828375,0.046965966775055,0.1662833687560794,0.7380336164263704
Bridge_3-10,..\data\processed\wet\Bridge_3-10_v0.wav,0.0827986679251264,0.3618912656798329,1.6040709935659443,0.3892956140419765,0.0827986679251264,0.6031521094663882,0.2453491096813209,0.3892956140419765
Bridge_3-10,..\data\processed\wet\Bridge_3-10_v1.wav,0.2886937367706998,0.2134036298789694,3.7357065733291046,0.297121715623175,0.2886937367706998,0.3556727164649491,0.7190459051842455,0.297121715623175
Bridge_3-10,..\data\processed\wet\Bridge_3-10_v2.wav,0.5664046402968972,0.2856302413194598,3.4865202441319165,0.936829739324758,0.5664046402968972,0.4760504021990996,0.6636711653626481,0.936829739324758
Bridge_3-10,..\data\processed\wet\Bridge_3-10_v3.wav,0.7325720972102503,0.128964227154454,0.6403241077757811,0.2622640442998251,0.7325720972102503,0.2149403785907567,0.0311831350612846,0.2622640442998251
Bridge_3-10,..\data\processed\wet\Bridge_3-10_v4.wav,0.5950779307002548,0.0308554880905502,2.733648112405564,0.5968428489168892,0.5950779307002548,0.0514258134842503,0.4963662472012363,0.5968428489168892
Bridge_3-12,..\data\processed\wet\Bridge_3-12_v0.wav,0.1851329288386196,0.3251405684270149,4.428256261443837,0.7322248864095612,0.1851329288386196,0.5419009473783581,0.8729458358764083,0.7322248864095612
Bridge_3-12,..\data\processed\wet\Bridge_3-12_v1.wav,0.8065611478614497,0.3952700200264304,3.615244540330336,0.8491956515653193,0.8065611478614497,0.6587833667107174,0.6922765645178525,0.8491956515653193
Bridge_3-12,..\data\processed\wet\Bridge_3-12_v2.wav,0.2496680088591859,0.2936549781858842,1.49544248818821,0.987668007996647,0.2496680088591859,0.4894249636431405,0.2212094418196022,0.987668007996647
Bridge_3-12,..\data\processed\wet\Bridge_3-12_v3.wav,0.9440593396866132,0.0236560868211035,3.675088276320598,0.9252483174156658,0.9440593396866132,0.0394268113685059,0.7055751725156885,0.9252483174156658
Bridge_3-12,..\data\processed\wet\Bridge_3-12_v4.wav,0.1805753451273335,0.3407671383315777,4.619697339146188,0.0339459785857988,0.1805753451273335,0.5679452305526295,0.9154882975880416,0.0339459785857988
Bridge_3-14,..\data\processed\wet\Bridge_3-14_v0.wav,0.5394912923753372,0.4744338989033781,1.9343862631943147,0.6258913764370091,0.5394912923753372,0.7907231648389635,0.3187525029320699,0.6258913764370091
Bridge_3-14,..\data\processed\wet\Bridge_3-14_v1.wav,0.8859777482361871,0.3695179129093827,1.548317636391352,0.024400781556538,0.8859777482361871,0.6158631881823046,0.2329594747536337,0.024400781556538
Bridge_3-14,..\data\processed\wet\Bridge_3-14_v2.wav,0.8700988739009299,0.0127616465102322,4.4361575270788975,0.528937134027212,0.8700988739009299,0.0212694108503871,0.8747016726841994,0.528937134027212
Bridge_3-14,..\data\processed\wet\Bridge_3-14_v3.wav,0.9390676985128962,0.4792699414641992,4.990703497400019,0.3507118154517101,0.9390676985128962,0.7987832357736654,0.9979341105333376,0.3507118154517101
Bridge_3-14,..\data\processed\wet\Bridge_3-14_v4.wav,0.7671882889311269,0.2411585481655452,2.6594402913675896,0.6275054632183701,0.7671882889311269,0.4019309136092421,0.4798756203039088,0.6275054632183701
Bridge_3-15,..\data\processed\wet\Bridge_3-15_v0.wav,0.8736771141863388,0.590450081519577,3.957230362390332,0.4177667821673337,0.8736771141863388,0.984083469199295,0.7682734138645182,0.4177667821673337
Bridge_3-15,..\data\processed\wet\Bridge_3-15_v1.wav,0.4213570022770702,0.4425493809533349,1.5744971559573604,0.1104741131313946,0.4213570022770702,0.7375823015888915,0.2387771457683023,0.1104741131313946
Bridge_3-15,..\data\processed\wet\Bridge_3-15_v2.wav,0.3546221576407765,0.172343394992449,1.8333865420519555,0.2336077510499099,0.3546221576407765,0.2872389916540817,0.2963081204559901,0.2336077510499099
Bridge_3-15,..\data\processed\wet\Bridge_3-15_v3.wav,0.0420931896363618,0.0107243608400482,4.944750753812142,0.4277731337358623,0.0420931896363618,0.0178739347334138,0.9877223897360314,0.4277731337358623
Bridge_3-15,..\data\processed\wet\Bridge_3-15_v4.wav,0.3843266471596817,0.4077883696158419,1.4821424953927886,0.9499611839502252,0.3843266471596817,0.6796472826930698,0.2182538878650641,0.9499611839502252
Bridge_3-19,..\data\processed\wet\Bridge_3-19_v0.wav,0.8246809659251492,0.2086855247413158,3.551072686515786,0.5657319639957911,0.8246809659251492,0.347809207902193,0.6780161525590636,0.5657319639957911
Bridge_3-19,..\data\processed\wet\Bridge_3-19_v1.wav,0.2670282701694213,0.5271779918130948,4.088417097231177,0.6584518346584255,0.2670282701694213,0.878629986355158,0.7974260216069281,0.6584518346584255
Bridge_3-19,..\data\processed\wet\Bridge_3-19_v2.wav,0.8505817290942419,0.5203765205758814,3.6876333952176568,0.837013328363672,0.8505817290942419,0.8672942009598023,0.7083629767150348,0.837013328363672
Bridge_3-19,..\data\processed\wet\Bridge_3-19_v3.wav,0.6974714616692836,0.4080844630561802,3.2837512019683293,0.7527166395576412,0.6974714616692836,0.6801407717603004,0.6186113782151843,0.7527166395576412
Bridge_3-19,..\data\processed\wet\Bridge_3-19_v4.wav,0.1586051052930737,0.5285224555193571,4.423295874853544,0.0292472830345591,0.1586051052930737,0.8808707591989284,0.871843527745232,0.0292472830345591
Bridge_3-2,..\data\processed\wet\Bridge_3-2_v0.wav,0.8258167505647627,0.0773219204840671,2.008034844166138,0.7435082562916078,0.8258167505647627,0.1288698674734452,0.3351188542591419,0.7435082562916078
Bridge_3-2,..\data\processed\wet\Bridge_3-2_v1.wav,0.1607598960483082,0.4907802144714372,4.244603800809839,0.5074677337608362,0.1607598960483082,0.8179670241190622,0.8321341779577419,0.5074677337608362
Bridge_3-2,..\data\processed\wet\Bridge_3-2_v2.wav,0.0063858717168335,0.1722228799049476,3.27617113269084,0.9811861780274236,0.0063858717168335,0.2870381331749128,0.6169269183757422,0.9811861780274236
Bridge_3-2,..\data\processed\wet\Bridge_3-2_v3.wav,0.6318135270166684,0.1558821486384958,3.353025663948251,0.5399853797158555,0.6318135270166684,0.2598035810641598,0.6340057030996114,0.5399853797158555
Bridge_3-2,..\data\processed\wet\Bridge_3-2_v4.wav,0.7798453951511436,0.064188383296175,3.924625561259126,0.5412665786761103,0.7798453951511436,0.1069806388269584,0.761027902502028,0.5412665786761103
Bridge_3-20,..\data\processed\wet\Bridge_3-20_v0.wav,0.9629920038589946,0.2051232996232116,3.3467985191027667,0.9320281055100176,0.9629920038589946,0.3418721660386861,0.6326218931339481,0.9320281055100176
Bridge_3-20,..\data\processed\wet\Bridge_3-20_v1.wav,0.1025097279906792,0.5623370923418707,3.59548575035366,0.0678370591051719,0.1025097279906792,0.9372284872364512,0.6878857223008134,0.0678370591051719
Bridge_3-20,..\data\processed\wet\Bridge_3-20_v2.wav,0.3009635669468162,0.4249032531871689,0.8030777066094726,0.5821704601762733,0.3009635669468162,0.7081720886452816,0.0673506014687717,0.5821704601762733
Bridge_3-20,..\data\processed\wet\Bridge_3-20_v3.wav,0.3458830569529567,0.3725493106604862,0.7058391521563079,0.8715368061523763,0.3458830569529567,0.6209155177674771,0.0457420338125128,0.8715368061523763
Bridge_3-20,..\data\processed\wet\Bridge_3-20_v4.wav,0.9734889691773968,0.5813267131714148,3.873433242843161,0.1300862401306319,0.9734889691773968,0.9688778552856914,0.7496518317429247,0.1300862401306319
Bridge_3-3,..\data\processed\wet\Bridge_3-3_v0.wav,0.8686231679556108,0.465958111675045,3.969148300898234,0.8447832281168877,0.8686231679556108,0.7765968527917417,0.770921844644052,0.8447832281168877
Bridge_3-3,..\data\processed\wet\Bridge_3-3_v1.wav,0.7610239909429989,0.3757321929788492,1.0906019495707442,0.0325261794912519,0.7610239909429989,0.6262203216314154,0.1312448776823876,0.0325261794912519
Bridge_3-3,..\data\processed\wet\Bridge_3-3_v2.wav,0.9208478478156868,0.3699901887124428,4.084417809392793,0.4815223515125501,0.9208478478156868,0.616650314520738,0.7965372909761762,0.4815223515125501
Bridge_3-3,..\data\processed\wet\Bridge_3-3_v3.wav,0.1173081889623944,0.0751114753215302,3.5850437925303718,0.4303058948994627,0.1173081889623944,0.1251857922025504,0.6855652872289714,0.4303058948994627
Bridge_3-3,..\data\processed\wet\Bridge_3-3_v4.wav,0.2005247267003367,0.2949567280448621,0.7889402168381034,0.5819714019143988,0.2005247267003367,0.4915945467414369,0.0642089370751341,0.5819714019143988
Bridge_3-5,..\data\processed\wet\Bridge_3-5_v0.wav,0.6181557343181191,0.4214789823264623,3.0184190756911136,0.0097708474191836,0.6181557343181191,0.702464970544104,0.5596486834869141,0.0097708474191836
Bridge_3-5,..\data\processed\wet\Bridge_3-5_v1.wav,0.3264613082439919,0.3106269860308268,0.8953992461517501,0.3506269312091807,0.3264613082439919,0.5177116433847114,0.0878664991448333,0.3506269312091807
Bridge_3-5,..\data\processed\wet\Bridge_3-5_v2.wav,0.0332031087913665,0.0471470982930124,2.2861547429071822,0.1327157540430603,0.0332031087913665,0.0785784971550207,0.396923276201596,0.1327157540430603
Bridge_3-5,..\data\processed\wet\Bridge_3-5_v3.wav,0.5675408482615582,0.4136789814823594,4.102640145990873,0.2001502442448101,0.5675408482615582,0.6894649691372657,0.8005866991090829,0.2001502442448101
Bridge_3-5,..\data\processed\wet\Bridge_3-5_v4.wav,0.1674825822590697,0.0627407042006401,3.363936122946365,0.7064757264869012,0.1674825822590697,0.1045678403344002,0.6364302495436367,0.7064757264869012
Bridge_3-8,..\data\processed\wet\Bridge_3-8_v0.wav,0.2576828885112137,0.2775737740435898,4.407226274337712,0.727169069766308,0.2576828885112137,0.4626229567393163,0.8682725054083805,0.727169069766308
Bridge_3-8,..\data\processed\wet\Bridge_3-8_v1.wav,0.742706521199981,0.2552960006688452,2.056707466461333,0.3710387629846027,0.742706521199981,0.4254933344480754,0.3459349925469628,0.3710387629846027
Bridge_3-8,..\data\processed\wet\Bridge_3-8_v2.wav,0.9876495637360578,0.0240655148474894,4.401641732551019,0.5786754085723934,0.9876495637360578,0.0401091914124824,0.8670314961224486,0.5786754085723934
Bridge_3-8,..\data\processed\wet\Bridge_3-8_v3.wav,0.4386154191895904,0.4351545962490818,2.6900102364111627,0.8734232380816606,0.4386154191895904,0.7252576604151365,0.4866689414247028,0.8734232380816606
Bridge_3-8,..\data\processed\wet\Bridge_3-8_v4.wav,0.9007018640112585,0.2530325561240732,1.745725087557732,0.5923503285933622,0.9007018640112585,0.4217209268734553,0.2768277972350516,0.5923503285933622
Bridge_3-9,..\data\processed\wet\Bridge_3-9_v0.wav,0.912363345616691,0.1263973134033999,3.3033496260356725,0.6315602200925206,0.912363345616691,0.2106621890056665,0.6229665835634828,0.6315602200925206
Bridge_3-9,..\data\processed\wet\Bridge_3-9_v1.wav,0.733113022415281,0.0789406110763558,3.7212123410693994,0.909032520665641,0.733113022415281,0.1315676851272598,0.7158249646820886,0.909032520665641
Bridge_3-9,..\data\processed\wet\Bridge_3-9_v2.wav,0.1796831088702419,0.1425259949543265,4.871277923187378,0.1809769527094897,0.1796831088702419,0.2375433249238776,0.9713950940416396,0.1809769527094897
Bridge_3-9,..\data\processed\wet\Bridge_3-9_v3.wav,0.8543850933695791,0.2953667138688208,1.6125398348142967,0.8707499012725114,0.8543850933695791,0.4922778564480348,0.247231074403177,0.8707499012725114
Bridge_3-9,..\data\processed\wet\Bridge_3-9_v4.wav,0.4453052550026655,0.3088904123578141,2.116550162298945,0.5929508514349274,0.4453052550026655,0.5148173539296902,0.3592333693997657,0.5929508514349274
Bridge_4-10,..\data\processed\wet\Bridge_4-10_v0.wav,0.3161561049767505,0.3043408852130354,0.6870778657267644,0.1483432009620888,0.3161561049767505,0.5072348086883924,0.0415728590503921,0.1483432009620888
Bridge_4-10,..\data\processed\wet\Bridge_4-10_v1.wav,0.9866301229588468,0.5790712178616273,0.5222299142048432,0.951811785423239,0.9866301229588468,0.9651186964360456,0.0049399809344096,0.951811785423239
Bridge_4-10,..\data\processed\wet\Bridge_4-10_v2.wav,0.6391199378155004,0.5207509767120132,2.546329350352366,0.5155960285792502,0.6391199378155004,0.867918294520022,0.4547398556338591,0.5155960285792502
Bridge_4-10,..\data\processed\wet\Bridge_4-10_v3.wav,0.4888465802569202,0.4001185545276626,1.128430646403408,0.0299735898726779,0.4888465802569202,0.6668642575461043,0.1396512547563128,0.0299735898726779
Bridge_4-10,..\data\processed\wet\Bridge_4-10_v4.wav,0.3079299415911909,0.422808457641988,1.4083405345532676,0.6734324333249173,0.3079299415911909,0.7046807627366467,0.2018534521229483,0.6734324333249173
Bridge_4-13,..\data\processed\wet\Bridge_4-13_v0.wav,0.8178342161750216,0.072125433222365,2.950200940823823,0.0057586604981215,0.8178342161750216,0.1202090553706084,0.5444890979608495,0.0057586604981215
Bridge_4-13,..\data\processed\wet\Bridge_4-13_v1.wav,0.3245858299002703,0.2198769209228387,2.282777112241649,0.6954672066898622,0.3245858299002703,0.3664615348713979,0.3961726916092554,0.6954672066898622
Bridge_4-13,..\data\processed\wet\Bridge_4-13_v2.wav,0.3885581012703457,0.2692161735735184,1.5689485889344736,0.3732517916293401,0.3885581012703457,0.4486936226225307,0.2375441308743274,0.3732517916293401
Bridge_4-13,..\data\processed\wet\Bridge_4-13_v3.wav,0.2272696272631514,0.0439175542610661,3.2155186702162006,0.6682127985550163,0.2272696272631514,0.0731959237684436,0.6034485933813779,0.6682127985550163
Bridge_4-13,..\data\processed\wet\Bridge_4-13_v4.wav,0.6194903460096145,0.2780964262803434,2.209036010806534,0.8633336495718252,0.6194903460096145,0.4634940438005724,0.3797857801792298,0.8633336495718252
Bridge_4-14,..\data\processed\wet\Bridge_4-14_v0.wav,0.519081785136218,0.2875091265778385,0.6153892961289607,0.3412478276261563,0.519081785136218,0.4791818776297309,0.0256420658064357,0.3412478276261563
Bridge_4-14,..\data\processed\wet\Bridge_4-14_v1.wav,0.380195618785857,0.2392936685381402,3.110775661522996,0.5336025467268785,0.380195618785857,0.3988227808969005,0.5801723692273323,0.5336025467268785
Bridge_4-14,..\data\processed\wet\Bridge_4-14_v2.wav,0.6079050927934446,0.4589299569252769,4.158435824222421,0.7181230762264944,0.6079050927934446,0.7648832615421283,0.8129857387160935,0.7181230762264944
Bridge_4-14,..\data\processed\wet\Bridge_4-14_v3.wav,0.9555236959549348,0.0109395496058169,1.3810009355759574,0.0075628749781421,0.9555236959549348,0.0182325826763616,0.1957779856835461,0.0075628749781421
Bridge_4-14,..\data\processed\wet\Bridge_4-14_v4.wav,0.647474714154603,0.5388183293699921,1.5956703345933467,0.9270345447963066,0.647474714154603,0.8980305489499868,0.2434822965762992,0.9270345447963066
Bridge_4-18,..\data\processed\wet\Bridge_4-18_v0.wav,0.2319470961159754,0.2345435975433087,3.175143508337779,0.4967668588591694,0.2319470961159754,0.3909059959055146,0.594476335186173,0.4967668588591694
Bridge_4-18,..\data\processed\wet\Bridge_4-18_v1.wav,0.9877855202148872,0.0818638515340398,3.628150493214172,0.4043187681042921,0.9877855202148872,0.1364397525567331,0.6951445540475938,0.4043187681042921
Bridge_4-18,..\data\processed\wet\Bridge_4-18_v2.wav,0.4281996149256147,0.4305586593949057,3.615962680959664,0.9912559937021884,0.4281996149256147,0.7175977656581762,0.6924361513243696,0.9912559937021884
Bridge_4-18,..\data\processed\wet\Bridge_4-18_v3.wav,0.1283942894541252,0.0624657896304998,3.759524677079335,0.5783869170064091,0.1283942894541252,0.1041096493841663,0.7243388171287412,0.5783869170064091
Bridge_4-18,..\data\processed\wet\Bridge_4-18_v4.wav,0.2741606665598058,0.0476516213933919,0.8854621231839375,0.8941908746641183,0.2741606665598058,0.0794193689889866,0.0856582495964305,0.8941908746641183
Bridge_4-19,..\data\processed\wet\Bridge_4-19_v0.wav,0.1918673247187429,0.1940229372693124,1.519953810021446,0.3549963058319373,0.1918673247187429,0.3233715621155207,0.226656402226988,0.3549963058319373
Bridge_4-19,..\data\processed\wet\Bridge_4-19_v1.wav,0.0694238427460933,0.3114358745449622,0.8042565361649671,0.8003565078223616,0.0694238427460933,0.5190597909082704,0.0676125635922149,0.8003565078223616
Bridge_4-19,..\data\processed\wet\Bridge_4-19_v2.wav,0.233712081910433,0.3240071487627063,4.460355894026562,0.6508773690471942,0.233712081910433,0.5400119146045106,0.8800790875614583,0.6508773690471942
Bridge_4-19,..\data\processed\wet\Bridge_4-19_v3.wav,0.5329577865513353,0.1946002518692253,1.9985086087618904,0.6694869551981901,0.5329577865513353,0.3243337531153756,0.3330019130581979,0.6694869551981901
Bridge_4-19,..\data\processed\wet\Bridge_4-19_v4.wav,0.9941393612211676,0.3971035139096271,3.0100253781651123,0.7306505102392461,0.9941393612211676,0.6618391898493786,0.5577834173700249,0.7306505102392461
Bridge_4-21,..\data\processed\wet\Bridge_4-21_v0.wav,0.6005943333606173,0.3094076566178986,4.637263879464878,0.4969634829058302,0.6005943333606173,0.5156794276964978,0.9193919732144172,0.4969634829058302
Bridge_4-21,..\data\processed\wet\Bridge_4-21_v1.wav,0.9921580148233128,0.5108549746470574,1.4382973146080111,0.9305952146439164,0.9921580148233128,0.8514249577450957,0.2085105143573358,0.9305952146439164
Bridge_4-21,..\data\processed\wet\Bridge_4-21_v2.wav,0.116366397885476,0.4904698250947149,2.2128048206446103,0.8779743204450695,0.116366397885476,0.8174497084911916,0.3806232934765801,0.8779743204450695
Bridge_4-21,..\data\processed\wet\Bridge_4-21_v3.wav,0.8680566901074503,0.4835552400705726,4.055136963381776,0.3046791390980408,0.8680566901074503,0.8059254001176211,0.7900304363070614,0.3046791390980408
Bridge_4-21,..\data\processed\wet\Bridge_4-21_v4.wav,0.0809192830512521,0.2417881072590968,1.280860317439289,0.6949510889024617,0.0809192830512521,0.4029801787651614,0.1735245149865086,0.6949510889024617
Bridge_4-22,..\data\processed\wet\Bridge_4-22_v0.wav,0.3460997265377855,0.5853661205159489,3.384374348053994,0.822480563634361,0.3460997265377855,0.9756102008599148,0.640972077345332,0.822480563634361
Bridge_4-22,..\data\processed\wet\Bridge_4-22_v1.wav,0.1325246727418484,0.5172086893635736,4.652407357310275,0.4870619188189359,0.1325246727418484,0.8620144822726227,0.9227571905133944,0.4870619188189359
Bridge_4-22,..\data\processed\wet\Bridge_4-22_v2.wav,0.6062529377509774,0.4588858805417972,1.2867738226718566,0.5025660764634424,0.6062529377509774,0.7648098009029954,0.1748386272604125,0.5025660764634424
Bridge_4-22,..\data\processed\wet\Bridge_4-22_v3.wav,0.3986630277723131,0.0878243952973494,2.1539049003118915,0.0681723093854935,0.3986630277723131,0.1463739921622491,0.3675344222915314,0.0681723093854935
Bridge_4-22,..\data\processed\wet\Bridge_4-22_v4.wav,0.0258119069494869,0.0810997734928936,4.834018002151282,0.549529535895017,0.0258119069494869,0.1351662891548227,0.9631151115891738,0.549529535895017
Bridge_4-3,..\data\processed\wet\Bridge_4-3_v0.wav,0.96582216115322,0.2594987269980792,1.903172598883668,0.5061418628402441,0.96582216115322,0.432497878330132,0.3118161330852596,0.5061418628402441
Bridge_4-3,..\data\processed\wet\Bridge_4-3_v1.wav,0.4395116886329101,0.0633988105570463,3.383718416105928,0.2160381825095996,0.4395116886329101,0.1056646842617439,0.6408263146902062,0.2160381825095996
Bridge_4-3,..\data\processed\wet\Bridge_4-3_v2.wav,0.6195879548978296,0.390120655438892,1.1841118390789165,0.0613496271106681,0.6195879548978296,0.6502010923981534,0.1520248531286481,0.0613496271106681
Bridge_4-3,..\data\processed\wet\Bridge_4-3_v3.wav,0.7807615860684398,0.2758802542615921,0.761737079774641,0.9948663171697671,0.7807615860684398,0.4598004237693201,0.0581637955054757,0.9948663171697671
Bridge_4-3,..\data\processed\wet\Bridge_4-3_v4.wav,0.0577805609963666,0.4170211373151319,4.926555163685361,0.2391801042159256,0.0577805609963666,0.6950352288585532,0.9836789252634136,0.2391801042159256
Bridge_4-5,..\data\processed\wet\Bridge_4-5_v0.wav,0.8275378955668743,0.4401686283368412,3.961872021386029,0.0110312644286472,0.8275378955668743,0.733614380561402,0.7693048936413398,0.0110312644286472
Bridge_4-5,..\data\processed\wet\Bridge_4-5_v1.wav,0.4161539981797615,0.2888064909811941,0.5863652457037551,0.2598132087450342,0.4161539981797615,0.4813441516353236,0.0191922768230567,0.2598132087450342
Bridge_4-5,..\data\processed\wet\Bridge_4-5_v2.wav,0.760289823122135,0.0822658234373994,2.9088955915366626,0.2152018720172375,0.760289823122135,0.137109705728999,0.5353101314525917,0.2152018720172375
Bridge_4-5,..\data\processed\wet\Bridge_4-5_v3.wav,0.0121207746438932,0.1447208745597248,4.891431897095242,0.8015371118829896,0.0121207746438932,0.2412014575995414,0.975873754910054,0.8015371118829896
Bridge_4-5,..\data\processed\wet\Bridge_4-5_v4.wav,0.9595766443210334,0.2927124263558174,0.9938128940487658,0.547959488973693,0.9595766443210334,0.4878540439263624,0.1097361986775035,0.547959488973693
Bridge_4-6,..\data\processed\wet\Bridge_4-6_v0.wav,0.4543773345599609,0.5066142496437696,0.9413716135291006,0.4882411370217782,0.4543773345599609,0.844357082739616,0.0980825807842445,0.4882411370217782
Bridge_4-6,..\data\processed\wet\Bridge_4-6_v1.wav,0.1500486646939842,0.1948055561340359,3.8181068482450975,0.4760181293687665,0.1500486646939842,0.32467592689006,0.7373570773877997,0.4760181293687665
Bridge_4-6,..\data\processed\wet\Bridge_4-6_v2.wav,0.3758882851457693,0.2366857671420211,2.56751045782694,0.7850165438370569,0.3758882851457693,0.3944762785700353,0.4594467684059866,0.7850165438370569
Bridge_4-6,..\data\processed\wet\Bridge_4-6_v3.wav,0.8920846889402344,0.5732008119023569,4.041065238148828,0.3154068957480127,0.8920846889402344,0.9553346865039284,0.7869033862552952,0.3154068957480127
Bridge_4-6,..\data\processed\wet\Bridge_4-6_v4.wav,0.6881347060865421,0.2625618744332351,1.6460177992072302,0.8408715794259226,0.6881347060865421,0.4376031240553919,0.2546706220460512,0.8408715794259226
Bridge_4-9,..\data\processed\wet\Bridge_4-9_v0.wav,0.2056872621955551,0.0728318508956438,3.2675583561749,0.774633780637788,0.2056872621955551,0.1213864181594064,0.6150129680388666,0.774633780637788
Bridge_4-9,..\data\processed\wet\Bridge_4-9_v1.wav,0.6439042535411307,0.3181812799494949,0.6887805054423632,0.9684887775943838,0.6439042535411307,0.5303021332491583,0.0419512234316362,0.9684887775943838
Bridge_4-9,..\data\processed\wet\Bridge_4-9_v2.wav,0.7987141916545746,0.1756932220205788,4.909866482114828,0.6018815896363221,0.7987141916545746,0.2928220367009647,0.9799703293588506,0.6018815896363221
Bridge_4-9,..\data\processed\wet\Bridge_4-9_v3.wav,0.5824226582072465,0.4488439076577192,4.152964046405619,0.6564786073315027,0.5824226582072465,0.7480731794295321,0.8117697880901376,0.6564786073315027
Bridge_4-9,..\data\processed\wet\Bridge_4-9_v4.wav,0.1280957463662,0.202960503596699,4.676376381467224,0.2246156118438519,0.1280957463662,0.3382675059944984,0.9280836403260496,0.2246156118438519
Bridge_5-1,..\data\processed\wet\Bridge_5-1_v0.wav,0.7764474464997246,0.3936971026086429,1.298429462613681,0.5450269188969383,0.7764474464997246,0.6561618376810715,0.1774287694697068,0.5450269188969383
Bridge_5-1,..\data\processed\wet\Bridge_5-1_v1.wav,0.9846697395245082,0.5624328398982713,0.6942818110865525,0.1648148157294371,0.9846697395245082,0.9373880664971188,0.0431737357970116,0.1648148157294371
Bridge_5-1,..\data\processed\wet\Bridge_5-1_v2.wav,0.1317287734545619,0.4355879459911773,4.180033984356253,0.2135113663106719,0.1317287734545619,0.7259799099852955,0.8177853298569452,0.2135113663106719
Bridge_5-1,..\data\processed\wet\Bridge_5-1_v3.wav,0.505852692951829,0.5044218168067199,3.797606951448128,0.5422372054918483,0.505852692951829,0.8407030280111999,0.7328015447662506,0.5422372054918483
Bridge_5-1,..\data\processed\wet\Bridge_5-1_v4.wav,0.5903476904587729,0.305016328149768,1.8389680309346923,0.5650219928590161,0.5903476904587729,0.50836054691628,0.2975484513188206,0.5650219928590161
Bridge_5-10,..\data\processed\wet\Bridge_5-10_v0.wav,0.6888853020500907,0.5239937495164846,3.363311092906616,0.761121537043158,0.6888853020500907,0.8733229158608077,0.6362913539792481,0.761121537043158
Bridge_5-10,..\data\processed\wet\Bridge_5-10_v1.wav,0.160071634954573,0.2769344846518739,0.5419922892219198,0.246678864521623,0.160071634954573,0.4615574744197899,0.0093316198270932,0.246678864521623
Bridge_5-10,..\data\processed\wet\Bridge_5-10_v2.wav,0.7264617151130048,0.595085970809618,0.9463014481424716,0.4014943158612882,0.7264617151130048,0.9918099513493632,0.0991780995872159,0.4014943158612882
Bridge_5-10,..\data\processed\wet\Bridge_5-10_v3.wav,0.8000709686991595,0.1224213807773393,2.997882271860288,0.7330712960296748,0.8000709686991595,0.2040356346288988,0.5550849493022862,0.7330712960296748
Bridge_5-10,..\data\processed\wet\Bridge_5-10_v4.wav,0.615985450260179,0.1128148407692496,2.099230559085828,0.7837917844853972,0.615985450260179,0.1880247346154161,0.3553845686857394,0.7837917844853972
Bridge_5-11,..\data\processed\wet\Bridge_5-11_v0.wav,0.5542265141320166,0.0031377681257476,3.924458420126422,0.035311354940239,0.5542265141320166,0.0052296135429127,0.7609907600280938,0.035311354940239
Bridge_5-11,..\data\processed\wet\Bridge_5-11_v1.wav,0.7457337827312321,0.1214883360991424,4.811330660537211,0.3679407513020845,0.7457337827312321,0.2024805601652374,0.95807348011938,0.3679407513020845
Bridge_5-11,..\data\processed\wet\Bridge_5-11_v2.wav,0.3269316163380791,0.0893328301994668,1.875218969705967,0.8766507618282006,0.3269316163380791,0.1488880503324446,0.3056042154902149,0.8766507618282006
Bridge_5-11,..\data\processed\wet\Bridge_5-11_v3.wav,0.9963343376272472,0.2209857183041089,2.518747839295441,0.722070938202737,0.9963343376272472,0.3683095305068483,0.4486106309545425,0.722070938202737
Bridge_5-11,..\data\processed\wet\Bridge_5-11_v4.wav,0.8861957804650745,0.3558266005120705,2.261865641800232,0.4126218408486237,0.8861957804650745,0.5930443341867842,0.3915256981778293,0.4126218408486237
Bridge_5-12,..\data\processed\wet\Bridge_5-12_v0.wav,0.6956181464968069,0.0019309581625672,3.288152018569283,0.3554930104413574,0.6956181464968069,0.0032182636042786,0.6195893374598407,0.3554930104413574
Bridge_5-12,..\data\processed\wet\Bridge_5-12_v1.wav,0.7941973312770843,0.0557943838938792,3.146910201267757,0.4809728898861237,0.7941973312770843,0.0929906398231321,0.5882022669483905,0.4809728898861237
Bridge_5-12,..\data\processed\wet\Bridge_5-12_v2.wav,0.6423255259052274,0.038912156689781,3.1099270434265907,0.5614845879595237,0.6423255259052274,0.0648535944829683,0.5799837874281313,0.5614845879595237
Bridge_5-12,..\data\processed\wet\Bridge_5-12_v3.wav,0.5606600944161709,0.3620925999578728,3.54410571751863,0.8049889996807698,0.5606600944161709,0.6034876665964548,0.6764679372263622,0.8049889996807698
Bridge_5-12,..\data\processed\wet\Bridge_5-12_v4.wav,0.2698207201282143,0.4950296461080372,2.742150570185541,0.0770582791343311,0.2698207201282143,0.8250494101800621,0.4982556822634535,0.0770582791343311
Bridge_5-13,..\data\processed\wet\Bridge_5-13_v0.wav,0.0585509292439792,0.2005429912176364,4.032036397001604,0.7076809347409158,0.0585509292439792,0.3342383186960608,0.7848969771114676,0.7076809347409158
Bridge_5-13,..\data\processed\wet\Bridge_5-13_v1.wav,0.7886149646724064,0.3103614338649656,2.4808954907997074,0.1474525267062839,0.7886149646724064,0.5172690564416094,0.4401989979554905,0.1474525267062839
Bridge_5-13,..\data\processed\wet\Bridge_5-13_v2.wav,0.3281927536093115,0.2604116197043251,0.8987019335582775,0.2206119527112112,0.3281927536093115,0.4340193661738752,0.0886004296796172,0.2206119527112112
Bridge_5-13,..\data\processed\wet\Bridge_5-13_v3.wav,0.5982252940637388,0.4413978685435138,4.992563801268274,0.9331133313435576,0.5982252940637388,0.7356631142391898,0.9983475113929496,0.9331133313435576
Bridge_5-13,..\data\processed\wet\Bridge_5-13_v4.wav,0.6425651995351915,0.2527488319764432,3.362798141187047,0.785651618080232,0.6425651995351915,0.421248053294072,0.6361773647082327,0.785651618080232
Bridge_5-14,..\data\processed\wet\Bridge_5-14_v0.wav,0.1183361909233873,0.2459429338177729,4.279110285360277,0.383832951933044,0.1183361909233873,0.4099048896962882,0.8398022856356171,0.383832951933044
Bridge_5-14,..\data\processed\wet\Bridge_5-14_v1.wav,0.5718722712271865,0.3526616165173189,1.3301431391013772,0.3622354416522884,0.5718722712271865,0.5877693608621982,0.1844762531336393,0.3622354416522884
Bridge_5-14,..\data\processed\wet\Bridge_5-14_v2.wav,0.3345112887419321,0.0157180251192388,0.6088629375110985,0.8316970436757735,0.3345112887419321,0.0261967085320647,0.0241917638913552,0.8316970436757735
Bridge_5-14,..\data\processed\wet\Bridge_5-14_v3.wav,0.2730708099728124,0.3108472597432892,1.8442650811494787,0.9406792451153404,0.2730708099728124,0.5180787662388154,0.298725573588773,0.9406792451153404
Bridge_5-14,..\data\processed\wet\Bridge_5-14_v4.wav,0.2592967588657737,0.257794087643361,4.427286127180708,0.8419335667918086,0.2592967588657737,0.4296568127389351,0.8727302504846018,0.8419335667918086
Bridge_5-15,..\data\processed\wet\Bridge_5-15_v0.wav,0.1861014178462773,0.4815859858774262,2.561840990320517,0.4829688720853552,0.1861014178462773,0.8026433097957104,0.4581868867378926,0.4829688720853552
Bridge_5-15,..\data\processed\wet\Bridge_5-15_v1.wav,0.1334799724159437,0.0483609082542747,3.775726881381943,0.4964611523552997,0.1334799724159437,0.0806015137571246,0.7279393069737652,0.4964611523552997
Bridge_5-15,..\data\processed\wet\Bridge_5-15_v2.wav,0.4368507026151795,0.437704937191438,3.944808045459994,0.1589081676693535,0.4368507026151795,0.7295082286523967,0.7655128989911097,0.1589081676693535
Bridge_5-15,..\data\processed\wet\Bridge_5-15_v3.wav,0.6102251494776413,0.0812124493666113,3.8811878871307055,0.6569551562671395,0.6102251494776413,0.1353540822776855,0.7513750860290457,0.6569551562671395
Bridge_5-15,..\data\processed\wet\Bridge_5-15_v4.wav,0.956614621083458,0.0413748098138527,0.7567462451806444,0.2821870746932001,0.956614621083458,0.0689580163564211,0.0570547211512543,0.2821870746932001
Bridge_5-16,..\data\processed\wet\Bridge_5-16_v0.wav,0.2617056837359059,0.1481872794431999,4.578145612344665,0.2495461998495061,0.2617056837359059,0.2469787990719998,0.9062545805210368,0.2495461998495061
Bridge_5-16,..\data\processed\wet\Bridge_5-16_v1.wav,0.271949726128631,0.4556389574507782,2.52382929102743,0.7767105569551812,0.271949726128631,0.7593982624179637,0.4497398424505399,0.7767105569551812
Bridge_5-16,..\data\processed\wet\Bridge_5-16_v2.wav,0.0653661575643852,0.2925427162040305,0.6512612008247718,0.0626532034553545,0.0653661575643852,0.4875711936733842,0.0336136001832826,0.0626532034553545
Bridge_5-16,..\data\processed\wet\Bridge_5-16_v3.wav,0.906437453344411,0.0835472226705571,2.895893070238477,0.4110956026007065,0.906437453344411,0.1392453711175951,0.5324206822752171,0.4110956026007065
Bridge_5-16,..\data\processed\wet\Bridge_5-16_v4.wav,0.3473433262588427,0.5399000074123634,0.5982052854897028,0.6637896861755891,0.3473433262588427,0.8998333456872725,0.0218233967754895,0.6637896861755891
Bridge_5-18,..\data\processed\wet\Bridge_5-18_v0.wav,0.8506160578411378,0.3367336729695149,2.855259101184649,0.1147688718692174,0.8506160578411378,0.5612227882825249,0.5233909113743664,0.1147688718692174
Bridge_5-18,..\data\processed\wet\Bridge_5-18_v1.wav,0.860139693349435,0.4336885819250902,0.8045076285500071,0.7078350972297687,0.860139693349435,0.7228143032084837,0.0676683619000015,0.7078350972297687
Bridge_5-18,..\data\processed\wet\Bridge_5-18_v2.wav,0.5435382173426461,0.0490352074480669,2.562352886878954,0.484696287130047,0.5435382173426461,0.0817253457467782,0.4583006415286564,0.484696287130047
Bridge_5-18,..\data\processed\wet\Bridge_5-18_v3.wav,0.1657745401632757,0.5674188882001694,4.324889171662979,0.6690223373291083,0.1657745401632757,0.9456981470002824,0.8499753714806619,0.6690223373291083
Bridge_5-18,..\data\processed\wet\Bridge_5-18_v4.wav,0.4622955610006072,0.2470593249507051,3.4293806021792936,0.5454318694069055,0.4622955610006072,0.4117655415845085,0.6509734671509542,0.5454318694069055
Bridge_5-19,..\data\processed\wet\Bridge_5-19_v0.wav,0.0622731058818856,0.307501589262199,4.128816277547777,0.459239877596958,0.0622731058818856,0.5125026487703317,0.8064036172328394,0.459239877596958
Bridge_5-19,..\data\processed\wet\Bridge_5-19_v1.wav,0.0519565775542684,0.4717669196304198,1.4061370196118848,0.2586208348880388,0.0519565775542684,0.7862781993840331,0.2013637821359744,0.2586208348880388
Bridge_5-19,..\data\processed\wet\Bridge_5-19_v2.wav,0.1647063534322959,0.1981290389228985,3.905381775598858,0.5193858595039373,0.1647063534322959,0.3302150648714975,0.756751505688635,0.5193858595039373
Bridge_5-19,..\data\processed\wet\Bridge_5-19_v3.wav,0.2048812741507125,0.5266980468912245,4.458118347281881,0.8705784250460069,0.2048812741507125,0.8778300781520408,0.8795818549515292,0.8705784250460069
Bridge_5-19,..\data\processed\wet\Bridge_5-19_v4.wav,0.2387962113815392,0.2707436065085928,4.932453452633938,0.7720124763099904,0.2387962113815392,0.4512393441809881,0.9849896561408752,0.7720124763099904
Bridge_5-20,..\data\processed\wet\Bridge_5-20_v0.wav,0.9150900684070432,0.3198173203476839,1.210796702759066,0.6958991181688025,0.9150900684070432,0.53302886724614,0.157954822835348,0.6958991181688025
Bridge_5-20,..\data\processed\wet\Bridge_5-20_v1.wav,0.7932613504382544,0.190057006240516,4.357306656494389,0.9061432547657664,0.7932613504382544,0.3167616770675266,0.8571792569987531,0.9061432547657664
Bridge_5-20,..\data\processed\wet\Bridge_5-20_v2.wav,0.2769044873778089,0.5901128836291332,1.133201876219413,0.2020156684024899,0.2769044873778089,0.983521472715222,0.1407115280487584,0.2020156684024899
Bridge_5-20,..\data\processed\wet\Bridge_5-20_v3.wav,0.1842248392380261,0.5363938260047222,3.4443164854623283,0.1521042832222728,0.1842248392380261,0.8939897100078703,0.6542925523249619,0.1521042832222728
Bridge_5-20,..\data\processed\wet\Bridge_5-20_v4.wav,0.440323418368349,0.3691788150418812,0.8755883824522248,0.8824163684073387,0.440323418368349,0.615298025069802,0.0834640849893832,0.8824163684073387
Bridge_5-21,..\data\processed\wet\Bridge_5-21_v0.wav,0.8036035354415352,0.3031240641459829,4.852069768666267,0.4177609792750997,0.8036035354415352,0.5052067735766382,0.9671266152591704,0.4177609792750997
Bridge_5-21,..\data\processed\wet\Bridge_5-21_v1.wav,0.9841103190364978,0.4007519992821762,3.3560207296427365,0.165954895295785,0.9841103190364978,0.6679199988036271,0.6346712732539415,0.165954895295785
Bridge_5-21,..\data\processed\wet\Bridge_5-21_v2.wav,0.881927758304644,0.2564938127523691,1.230050326021157,0.012607519975759,0.881927758304644,0.4274896879206152,0.1622334057824793,0.012607519975759
Bridge_5-21,..\data\processed\wet\Bridge_5-21_v3.wav,0.5597556836383826,0.3164397732736058,3.7370913006612136,0.8902580530178021,0.5597556836383826,0.5273996221226763,0.7193536223691586,0.8902580530178021
Bridge_5-21,..\data\processed\wet\Bridge_5-21_v4.wav,0.0794065846430295,0.4388978942042174,1.34335374843912,0.858177053157164,0.0794065846430295,0.7314964903403623,0.1874119440975822,0.858177053157164
Bridge_5-22,..\data\processed\wet\Bridge_5-22_v0.wav,0.8190635138616561,0.3244762529913266,3.696092593804902,0.3143501131837484,0.8190635138616561,0.5407937549855444,0.7102427986233115,0.3143501131837484
Bridge_5-22,..\data\processed\wet\Bridge_5-22_v1.wav,0.4711678989328146,0.492982138626283,2.5666933872794626,0.3577982653254418,0.4711678989328146,0.8216368977104717,0.4592651971732139,0.3577982653254418
Bridge_5-22,..\data\processed\wet\Bridge_5-22_v2.wav,0.4942124472502999,0.496949551462331,2.0084362131689275,0.1737615931357438,0.4942124472502999,0.8282492524372184,0.3352080473708728,0.1737615931357438
Bridge_5-22,..\data\processed\wet\Bridge_5-22_v3.wav,0.7120140203307808,0.495586927624849,0.9528686533559,0.2398741127559447,0.7120140203307808,0.8259782127080818,0.1006374785235333,0.2398741127559447
Bridge_5-22,..\data\processed\wet\Bridge_5-22_v4.wav,0.1419719897609939,0.2087648469492999,2.526579405074357,0.7488263369633065,0.1419719897609939,0.3479414115821666,0.4503509789054127,0.7488263369633065
Bridge_5-6,..\data\processed\wet\Bridge_5-6_v0.wav,0.7036859774607958,0.3244190859869462,0.9344051158794836,0.2418938282588389,0.7036859774607958,0.5406984766449103,0.0965344701954408,0.2418938282588389
Bridge_5-6,..\data\processed\wet\Bridge_5-6_v1.wav,0.0124040362773147,0.2812607792787034,1.8556936734200016,0.5983574842977588,0.0124040362773147,0.4687679654645058,0.3012652607600004,0.5983574842977588
Bridge_5-6,..\data\processed\wet\Bridge_5-6_v2.wav,0.2972378077086172,0.1799514669041908,3.8443693942922152,0.0481428359783534,0.2972378077086172,0.2999191115069847,0.7431931987316034,0.0481428359783534
Bridge_5-6,..\data\processed\wet\Bridge_5-6_v3.wav,0.9028949951919872,0.5113583246347089,3.5051210745188293,0.5932215701073843,0.9028949951919872,0.8522638743911815,0.6678046832264065,0.5932215701073843
Bridge_5-6,..\data\processed\wet\Bridge_5-6_v4.wav,0.8923024981396522,0.1111981077172286,0.8553612298587288,0.2395101699095381,0.8923024981396522,0.1853301795287144,0.0789691621908286,0.2395101699095381
Bridge_5-7,..\data\processed\wet\Bridge_5-7_v0.wav,0.7945782787001903,0.0208021600358899,3.1226307578757035,0.99543751619131,0.7945782787001903,0.0346702667264833,0.5828068350834896,0.99543751619131
Bridge_5-7,..\data\processed\wet\Bridge_5-7_v1.wav,0.8556960938375394,0.3128674134261536,0.7863840917898905,0.8313735143857098,0.8556960938375394,0.5214456890435895,0.0636409092866423,0.8313735143857098
Bridge_5-7,..\data\processed\wet\Bridge_5-7_v2.wav,0.5989785081772105,0.0689597982357401,0.922357781705103,0.9096268194365924,0.5989785081772105,0.1149329970595668,0.0938572848233562,0.9096268194365924
Bridge_5-7,..\data\processed\wet\Bridge_5-7_v3.wav,0.6692002629380784,0.4975720795900533,4.455405051270203,0.5717723520483222,0.6692002629380784,0.8292867993167555,0.8789789002822673,0.5717723520483222
Bridge_5-7,..\data\processed\wet\Bridge_5-7_v4.wav,0.5174463517550413,0.2582564461925941,1.9262596450600369,0.4345959608587117,0.5174463517550413,0.4304274103209901,0.3169465877911193,0.4345959608587117
Bridge_5-8,..\data\processed\wet\Bridge_5-8_v0.wav,0.7738796557301564,0.3611540586090789,4.516354804796808,0.4433800143791877,0.7738796557301564,0.6019234310151316,0.8925232899548461,0.4433800143791877
Bridge_5-8,..\data\processed\wet\Bridge_5-8_v1.wav,0.607089578718754,0.3787845318551932,3.162637230378465,0.7026337730855163,0.607089578718754,0.6313075530919887,0.5916971623063255,0.7026337730855163
Bridge_5-8,..\data\processed\wet\Bridge_5-8_v2.wav,0.2374334683748062,0.3074182665274744,0.9690116126375644,0.3845113276448125,0.2374334683748062,0.5123637775457907,0.1042248028083476,0.3845113276448125
Bridge_5-8,..\data\processed\wet\Bridge_5-8_v3.wav,0.4876670686212644,0.3913345557272835,4.777389736637915,0.6006510665483559,0.4876670686212644,0.6522242595454725,0.9505310525862034,0.6006510665483559
Bridge_5-8,..\data\processed\wet\Bridge_5-8_v4.wav,0.7435939161765598,0.3037596356971216,3.353468141193491,0.0709322161337734,0.7435939161765598,0.5062660594952028,0.6341040313763313,0.0709322161337734
Bridge_6-0,..\data\processed\wet\Bridge_6-0_v0.wav,0.8025856795798129,0.3432291860215805,2.807004766803874,0.2934888232081216,0.8025856795798129,0.5720486433693008,0.5126677259564164,0.2934888232081216
Bridge_6-0,..\data\processed\wet\Bridge_6-0_v1.wav,0.9317537194328164,0.2382090247423149,0.8919174505809717,0.6170665161178013,0.9317537194328164,0.3970150412371916,0.0870927667957714,0.6170665161178013
Bridge_6-0,..\data\processed\wet\Bridge_6-0_v2.wav,0.1138383934766014,0.2071338856810152,2.78335372423014,0.8742225246851758,0.1138383934766014,0.3452231428016921,0.5074119387178089,0.8742225246851758
Bridge_6-0,..\data\processed\wet\Bridge_6-0_v3.wav,0.4935465803401186,0.4213552596189985,4.967675775495817,0.1314891198979816,0.4935465803401186,0.7022587660316643,0.9928168389990704,0.1314891198979816
Bridge_6-0,..\data\processed\wet\Bridge_6-0_v4.wav,0.2747315255195195,0.2367456453585878,2.398226803424741,0.4110210752655457,0.2747315255195195,0.3945760755976464,0.4218281785388313,0.4110210752655457
Bridge_6-1,..\data\processed\wet\Bridge_6-1_v0.wav,0.9076110025565548,0.4284195866801139,3.235573463408167,0.3093727178627821,0.9076110025565548,0.7140326444668564,0.6079052140907037,0.3093727178627821
Bridge_6-1,..\data\processed\wet\Bridge_6-1_v1.wav,0.8237903842212947,0.5730363068909934,4.19539227147602,0.0015651051914729,0.8237903842212947,0.955060511484989,0.8211982825502265,0.0015651051914729
Bridge_6-1,..\data\processed\wet\Bridge_6-1_v2.wav,0.636401370183407,0.0306812288652604,1.6592324915017485,0.0595247003477716,0.636401370183407,0.0511353814421007,0.2576072203337218,0.0595247003477716
Bridge_6-1,..\data\processed\wet\Bridge_6-1_v3.wav,0.6037954529493877,0.411953948095564,1.015194371296573,0.3838388830449795,0.6037954529493877,0.6865899134926068,0.1144876380659051,0.3838388830449795
Bridge_6-1,..\data\processed\wet\Bridge_6-1_v4.wav,0.456236508955542,0.2214318130565499,1.0446125021833688,0.4189477901874754,0.456236508955542,0.3690530217609166,0.121025000485193,0.4189477901874754
Bridge_6-10,..\data\processed\wet\Bridge_6-10_v0.wav,0.7511780478084181,0.0426045987199532,0.8608100633685656,0.3547712918359842,0.7511780478084181,0.0710076645332554,0.0801800140819034,0.3547712918359842
Bridge_6-10,..\data\processed\wet\Bridge_6-10_v1.wav,0.941725711618925,0.4011435880337484,3.554014805026541,0.3619199908378649,0.941725711618925,0.668572646722914,0.6786699566725648,0.3619199908378649
Bridge_6-10,..\data\processed\wet\Bridge_6-10_v2.wav,0.5936607912085384,0.006078710416646,3.36243220884294,0.9132869475762369,0.5936607912085384,0.0101311840277433,0.6360960464095422,0.9132869475762369
Bridge_6-10,..\data\processed\wet\Bridge_6-10_v3.wav,0.6125734683448192,0.524219156079807,3.757878749597422,0.1205584164036902,0.6125734683448192,0.8736985934663449,0.7239730554660938,0.1205584164036902
Bridge_6-10,..\data\processed\wet\Bridge_6-10_v4.wav,0.9024533072858416,0.0398663066134649,2.902853626464937,0.1421371237934576,0.9024533072858416,0.0664438443557748,0.5339674725477638,0.1421371237934576
Bridge_6-12,..\data\processed\wet\Bridge_6-12_v0.wav,0.8224223736682784,0.5145374025967703,4.624858561285433,0.4309852205132962,0.8224223736682784,0.8575623376612839,0.9166352358412072,0.4309852205132962
Bridge_6-12,..\data\processed\wet\Bridge_6-12_v1.wav,0.3188668183211388,0.3493192479564683,2.170275905469324,0.601074166800233,0.3188668183211388,0.5821987465941139,0.3711724234376276,0.601074166800233
Bridge_6-12,..\data\processed\wet\Bridge_6-12_v2.wav,0.7055858626438246,0.4130430110952821,2.185487991590546,0.1668602016987528,0.7055858626438246,0.6884050184921369,0.3745528870201213,0.1668602016987528
Bridge_6-12,..\data\processed\wet\Bridge_6-12_v3.wav,0.4305293384622075,0.0855564864491452,4.505436658327137,0.3458774607378574,0.4305293384622075,0.1425941440819087,0.8900970351838082,0.3458774607378574
Bridge_6-12,..\data\processed\wet\Bridge_6-12_v4.wav,0.1544597472233237,0.0152686559434505,3.4062007382891792,0.6369023174547432,0.1544597472233237,0.0254477599057508,0.6458223862864843,0.6369023174547432
Bridge_6-14,..\data\processed\wet\Bridge_6-14_v0.wav,0.160024936463194,0.0140112577969115,3.902961262775796,0.4585230088818907,0.160024936463194,0.0233520963281859,0.7562136139501768,0.4585230088818907
Bridge_6-14,..\data\processed\wet\Bridge_6-14_v1.wav,0.2892447719726545,0.5400499098098884,1.0226253209023652,0.9559188289553192,0.2892447719726545,0.9000831830164807,0.1161389602005256,0.9559188289553192
Bridge_6-14,..\data\processed\wet\Bridge_6-14_v2.wav,0.3139667173773528,0.5330422033852087,3.213242944157577,0.8267073597414875,0.3139667173773528,0.8884036723086812,0.6029428764794615,0.8267073597414875
Bridge_6-14,..\data\processed\wet\Bridge_6-14_v3.wav,0.9840131632104644,0.1730432626912474,4.825109684334168,0.3894818949024203,0.9840131632104644,0.2884054378187457,0.961135485407593,0.3894818949024203
Bridge_6-14,..\data\processed\wet\Bridge_6-14_v4.wav,0.3855119047369223,0.2042322625527034,2.9363342330641333,0.1541450431784871,0.3855119047369223,0.3403871042545057,0.5414076073475852,0.1541450431784871
Bridge_6-15,..\data\processed\wet\Bridge_6-15_v0.wav,0.5537114853580112,0.3250228874460024,3.928558156721915,0.8336499619375856,0.5537114853580112,0.541704812410004,0.76190181260487,0.8336499619375856
Bridge_6-15,..\data\processed\wet\Bridge_6-15_v1.wav,0.440441350312424,0.1813999496108962,1.667007037926925,0.1946238367048719,0.440441350312424,0.3023332493514937,0.2593348973170944,0.1946238367048719
Bridge_6-15,..\data\processed\wet\Bridge_6-15_v2.wav,0.0576475821990248,0.205468787300828,1.7161146145885249,0.9664173858664074,0.0576475821990248,0.3424479788347133,0.2702476921307832,0.9664173858664074
Bridge_6-15,..\data\processed\wet\Bridge_6-15_v3.wav,0.5577088262500439,0.2083662234183045,3.112104204471632,0.1391967013456955,0.5577088262500439,0.3472770390305075,0.580467600993696,0.1391967013456955
Bridge_6-15,..\data\processed\wet\Bridge_6-15_v4.wav,0.4440437492022029,0.3757405928526383,2.7000402430660317,0.4017788006543242,0.4440437492022029,0.6262343214210638,0.4888978317924514,0.4017788006543242
Bridge_6-16,..\data\processed\wet\Bridge_6-16_v0.wav,0.9938483888996982,0.5281888572893562,3.3053268117174803,0.5693773611822828,0.9938483888996982,0.880314762148927,0.6234059581594401,0.5693773611822828
Bridge_6-16,..\data\processed\wet\Bridge_6-16_v1.wav,0.620660479824584,0.1207872646934599,2.2781198446894337,0.0394595328908993,0.620660479824584,0.2013121078224332,0.3951377432643186,0.0394595328908993
Bridge_6-16,..\data\processed\wet\Bridge_6-16_v2.wav,0.4755460374868266,0.3258147503745979,1.5248738124644432,0.9640288471655136,0.4755460374868266,0.5430245839576632,0.2277497361032096,0.9640288471655136
Bridge_6-16,..\data\processed\wet\Bridge_6-16_v3.wav,0.909454610937242,0.4332859412735435,2.900239829444132,0.869969159647685,0.909454610937242,0.7221432354559059,0.5333866287653626,0.869969159647685
Bridge_6-16,..\data\processed\wet\Bridge_6-16_v4.wav,0.1306523438234629,0.4743058765649309,1.0616936628508171,0.7942106625494054,0.1306523438234629,0.790509794274885,0.1248208139668483,0.7942106625494054
Bridge_6-17,..\data\processed\wet\Bridge_6-17_v0.wav,0.2757675682513569,0.5262543486109134,4.74818942221429,0.1487959694051156,0.2757675682513569,0.8770905810181889,0.9440420938253978,0.1487959694051156
Bridge_6-17,..\data\processed\wet\Bridge_6-17_v1.wav,0.4626756050653935,0.588592426897611,2.67533346187916,0.8635475225145451,0.4626756050653935,0.9809873781626852,0.4834074359731466,0.8635475225145451
Bridge_6-17,..\data\processed\wet\Bridge_6-17_v2.wav,0.5887315221313199,0.2251979447517611,1.786025999866416,0.2032230910860872,0.5887315221313199,0.3753299079196018,0.2857835555258702,0.2032230910860872
Bridge_6-17,..\data\processed\wet\Bridge_6-17_v3.wav,0.7617981913776972,0.2319243040938167,2.80073957990338,0.4923254800011819,0.7617981913776972,0.3865405068230279,0.5112754622007512,0.4923254800011819
Bridge_6-17,..\data\processed\wet\Bridge_6-17_v4.wav,0.5772790292331312,0.5193462873747313,4.913327046125432,0.4075842085738169,0.5772790292331312,0.8655771456245522,0.9807393435834294,0.4075842085738169
Bridge_6-18,..\data\processed\wet\Bridge_6-18_v0.wav,0.8275189221063031,0.4587166767928305,3.08088028155008,0.9560471436119332,0.8275189221063031,0.7645277946547177,0.5735289514555733,0.9560471436119332
Bridge_6-18,..\data\processed\wet\Bridge_6-18_v1.wav,0.2004745155284027,0.0655585261857728,4.3428288512994,0.4391498166337483,0.2004745155284027,0.1092642103096214,0.8539619669554221,0.4391498166337483
Bridge_6-18,..\data\processed\wet\Bridge_6-18_v2.wav,0.8469688542070605,0.5358541231172489,0.7810591712858215,0.8834647629860607,0.8469688542070605,0.8930902051954148,0.0624575936190714,0.8834647629860607
Bridge_6-18,..\data\processed\wet\Bridge_6-18_v3.wav,0.4483190553694222,0.3062594934025393,3.319666299919446,0.9263826067300868,0.4483190553694222,0.5104324890042322,0.6265925110932102,0.9263826067300868
Bridge_6-18,..\data\processed\wet\Bridge_6-18_v4.wav,0.019116094429764,0.2861060809906902,3.594749190937523,0.7227069576982285,0.019116094429764,0.4768434683178171,0.6877220424305607,0.7227069576982285
Bridge_6-19,..\data\processed\wet\Bridge_6-19_v0.wav,0.692532431537108,0.0806610776448731,1.847280147672565,0.3587155254170134,0.692532431537108,0.1344351294081218,0.2993955883716812,0.3587155254170134
Bridge_6-19,..\data\processed\wet\Bridge_6-19_v1.wav,0.804437207679505,0.1672559234487318,1.4481723374024142,0.9574480190380962,0.804437207679505,0.278759872414553,0.2107049638672031,0.9574480190380962
Bridge_6-19,..\data\processed\wet\Bridge_6-19_v2.wav,0.0088632851134689,0.5986925134091869,3.5456958448582805,0.8284692994491171,0.0088632851134689,0.9978208556819784,0.6768212988573956,0.8284692994491171
Bridge_6-19,..\data\processed\wet\Bridge_6-19_v3.wav,0.2946193963461931,0.0085891666002359,3.820412833526885,0.8341445970006758,0.2946193963461931,0.0143152776670599,0.73786951856153,0.8341445970006758
Bridge_6-19,..\data\processed\wet\Bridge_6-19_v4.wav,0.7404761319535191,0.0857101723805031,3.8904256501563608,0.768922782107641,0.7404761319535191,0.1428502873008386,0.7534279222569691,0.768922782107641
Bridge_6-2,..\data\processed\wet\Bridge_6-2_v0.wav,0.6585405156700549,0.4596695596773517,4.306646478549794,0.6136041142374584,0.6585405156700549,0.7661159327955862,0.845921439677732,0.6136041142374584
Bridge_6-2,..\data\processed\wet\Bridge_6-2_v1.wav,0.088604713969679,0.2925766858003265,0.8494220060222228,0.4075430310324308,0.088604713969679,0.4876278096672109,0.077649334671605,0.4075430310324308
Bridge_6-2,..\data\processed\wet\Bridge_6-2_v2.wav,0.4071064891256276,0.0396059064841449,2.069692402862657,0.1109980987913148,0.4071064891256276,0.0660098441402415,0.3488205339694793,0.1109980987913148
Bridge_6-2,..\data\processed\wet\Bridge_6-2_v3.wav,0.8082352100092222,0.5686128155786825,0.8254241386607237,0.9551152072917014,0.8082352100092222,0.9476880259644708,0.0723164752579386,0.9551152072917014
Bridge_6-2,..\data\processed\wet\Bridge_6-2_v4.wav,0.5225765993367452,0.1797394067723243,0.8458793387427358,0.5006242680704178,0.5225765993367452,0.2995656779538739,0.0768620752761635,0.5006242680704178
Bridge_6-20,..\data\processed\wet\Bridge_6-20_v0.wav,0.7945155444907487,0.4242518863600188,0.7260170515878819,0.0729018353679035,0.7945155444907487,0.7070864772666982,0.0502260114639737,0.0729018353679035
Bridge_6-20,..\data\processed\wet\Bridge_6-20_v1.wav,0.4028732826326371,0.1771742964287659,1.5457294537522153,0.2810044989087136,0.4028732826326371,0.2952904940479433,0.2323843230560478,0.2810044989087136
Bridge_6-20,..\data\processed\wet\Bridge_6-20_v2.wav,0.8034827432968846,0.5575368321791123,2.322962125374049,0.9061110021324972,0.8034827432968846,0.929228053631854,0.4051026945275664,0.9061110021324972
Bridge_6-20,..\data\processed\wet\Bridge_6-20_v3.wav,0.3214957012478819,0.285862191806275,1.5171304901719989,0.640476042175844,0.3214957012478819,0.4764369863437916,0.2260289978159997,0.640476042175844
Bridge_6-20,..\data\processed\wet\Bridge_6-20_v4.wav,0.9789811151748088,0.3620958576260272,2.11016337851097,0.6478174459905284,0.9789811151748088,0.6034930960433786,0.3578140841135489,0.6478174459905284
Bridge_6-21,..\data\processed\wet\Bridge_6-21_v0.wav,0.1229206784653875,0.5331954481592391,2.763877778509264,0.449349742039642,0.1229206784653875,0.8886590802653986,0.5030839507798364,0.449349742039642
Bridge_6-21,..\data\processed\wet\Bridge_6-21_v1.wav,0.5858647884535192,0.3748703176736415,0.8229911280193086,0.6826172212234024,0.5858647884535192,0.6247838627894025,0.071775806226513,0.6826172212234024
Bridge_6-21,..\data\processed\wet\Bridge_6-21_v2.wav,0.2419316803155295,0.4283715795039539,4.201406574728885,0.8039585075525203,0.2419316803155295,0.7139526325065898,0.8225347943841967,0.8039585075525203
Bridge_6-21,..\data\processed\wet\Bridge_6-21_v3.wav,0.5525009674078891,0.3121019353864507,1.1429418260273527,0.7753461504031356,0.5525009674078891,0.5201698923107512,0.1428759613394117,0.7753461504031356
Bridge_6-21,..\data\processed\wet\Bridge_6-21_v4.wav,0.2714093804467143,0.2980172536907679,1.7792334181738252,0.1338283629996931,0.2714093804467143,0.4966954228179465,0.2842740929275167,0.1338283629996931
Bridge_6-22,..\data\processed\wet\Bridge_6-22_v0.wav,0.6295576968917366,0.0325992208937422,3.8689035535679,0.3175867952611166,0.6295576968917366,0.0543320348229038,0.7486452341262,0.3175867952611166
Bridge_6-22,..\data\processed\wet\Bridge_6-22_v1.wav,0.0001346930044853,0.3066774835423378,0.7108335883742141,0.2761695578208994,0.0001346930044853,0.5111291392372298,0.0468519085276031,0.2761695578208994
Bridge_6-22,..\data\processed\wet\Bridge_6-22_v2.wav,0.7069764874557162,0.0376137729731195,4.277023215602011,0.0038199226585831,0.7069764874557162,0.0626896216218658,0.8393384923560023,0.0038199226585831
Bridge_6-22,..\data\processed\wet\Bridge_6-22_v3.wav,0.2468238692019022,0.4445424336912428,1.9232156737818804,0.1018923880660135,0.2468238692019022,0.7409040561520714,0.3162701497293068,0.1018923880660135
Bridge_6-22,..\data\processed\wet\Bridge_6-22_v4.wav,0.3602339188004279,0.1622359718307153,4.292203559722497,0.3133479175851431,0.3602339188004279,0.2703932863845255,0.8427119021605548,0.3133479175851431
Bridge_6-6,..\data\processed\wet\Bridge_6-6_v0.wav,0.2675926767279715,0.5012881354453166,0.5661202489472923,0.3790940486719362,0.2675926767279715,0.8354802257421944,0.0146933886549538,0.3790940486719362
Bridge_6-6,..\data\processed\wet\Bridge_6-6_v1.wav,0.3373455467690927,0.0115965785505606,1.059657795502296,0.4136426749186352,0.3373455467690927,0.019327630917601,0.1243683990005102,0.4136426749186352
Bridge_6-6,..\data\processed\wet\Bridge_6-6_v2.wav,0.4928645844474466,0.2425738483529214,2.8892195528544224,0.5951316749056815,0.4928645844474466,0.4042897472548691,0.5309376784120938,0.5951316749056815
Bridge_6-6,..\data\processed\wet\Bridge_6-6_v3.wav,0.0099238211278356,0.2784570956721023,4.835746583994148,0.5190322801295487,0.0099238211278356,0.4640951594535039,0.9634992408875884,0.5190322801295487
Bridge_6-6,..\data\processed\wet\Bridge_6-6_v4.wav,0.6775422674589532,0.1871183147501299,3.982961201687432,0.7729214818761151,0.6775422674589532,0.3118638579168832,0.7739913781527625,0.7729214818761151
Bridge_6-9,..\data\processed\wet\Bridge_6-9_v0.wav,0.3656807482613713,0.1352287608040595,1.3812488786042152,0.140802948892676,0.3656807482613713,0.2253812680067658,0.19583308413427,0.140802948892676
Bridge_6-9,..\data\processed\wet\Bridge_6-9_v1.wav,0.6224136415659967,0.468793113448383,3.102342797391623,0.1469627095882096,0.6224136415659967,0.7813218557473051,0.5782983994203607,0.1469627095882096
Bridge_6-9,..\data\processed\wet\Bridge_6-9_v2.wav,0.8111237699334709,0.3815728242982371,2.24674567757148,0.674130295536063,0.8111237699334709,0.6359547071637285,0.3881657061269954,0.674130295536063
Bridge_6-9,..\data\processed\wet\Bridge_6-9_v3.wav,0.2599049792428328,0.2071153250965263,4.628686294093956,0.2905045056714204,0.2599049792428328,0.3451922084942105,0.9174858431319904,0.2905045056714204
Bridge_6-9,..\data\processed\wet\Bridge_6-9_v4.wav,0.4699882681579366,0.5340846824376088,3.6847460762038735,0.0622032261647027,0.4699882681579366,0.8901411373960146,0.7077213502675275,0.0622032261647027
Bridge-Middle_1-0,..\data\processed\wet\Bridge-Middle_1-0_v0.wav,0.1473030442789703,0.00470495446315,3.3391480560312354,0.4476734254104183,0.1473030442789703,0.0078415907719168,0.6309217902291634,0.4476734254104183
Bridge-Middle_1-0,..\data\processed\wet\Bridge-Middle_1-0_v1.wav,0.1342748509022755,0.5747604726340623,2.8834687577552893,0.2418932941128891,0.1342748509022755,0.9579341210567704,0.5296597239456199,0.2418932941128891
Bridge-Middle_1-0,..\data\processed\wet\Bridge-Middle_1-0_v2.wav,0.5006035711547075,0.4077721996410646,0.8430764808810401,0.274703815047892,0.5006035711547075,0.6796203327351078,0.0762392179735644,0.274703815047892
Bridge-Middle_1-0,..\data\processed\wet\Bridge-Middle_1-0_v3.wav,0.8069654908839936,0.2757989222415967,2.959597139145327,0.4328160022094692,0.8069654908839936,0.4596648704026612,0.5465771420322949,0.4328160022094692
Bridge-Middle_1-0,..\data\processed\wet\Bridge-Middle_1-0_v4.wav,0.0438999426430051,0.0994498678920935,2.504937374338509,0.2091854654079278,0.0438999426430051,0.1657497798201559,0.4455416387418909,0.2091854654079278
Bridge-Middle_1-1,..\data\processed\wet\Bridge-Middle_1-1_v0.wav,0.0499790286596787,0.5061897984310942,4.915366381238521,0.7931428739967394,0.0499790286596787,0.8436496640518237,0.9811925291641158,0.7931428739967394
Bridge-Middle_1-1,..\data\processed\wet\Bridge-Middle_1-1_v1.wav,0.853784921704667,0.1451862781902272,4.822821389809399,0.1969257044534283,0.853784921704667,0.2419771303170453,0.9606269755132,0.1969257044534283
Bridge-Middle_1-1,..\data\processed\wet\Bridge-Middle_1-1_v2.wav,0.9514298103618324,0.5968915763795706,3.702752625857219,0.981143731791822,0.9514298103618324,0.994819293965951,0.7117228057460487,0.981143731791822
Bridge-Middle_1-1,..\data\processed\wet\Bridge-Middle_1-1_v3.wav,0.5695397795671037,0.1557250699056541,2.4664814854952937,0.593560935378786,0.5695397795671037,0.2595417831760903,0.4369958856656208,0.593560935378786
Bridge-Middle_1-1,..\data\processed\wet\Bridge-Middle_1-1_v4.wav,0.0730815620270149,0.3734059587703476,4.915300265430325,0.1901076497837276,0.0730815620270149,0.6223432646172461,0.9811778367622944,0.1901076497837276
Bridge-Middle_1-11,..\data\processed\wet\Bridge-Middle_1-11_v0.wav,0.926194068431782,0.1372060677621652,3.354636599922592,0.2220758706933205,0.926194068431782,0.2286767796036087,0.6343636888716871,0.2220758706933205
Bridge-Middle_1-11,..\data\processed\wet\Bridge-Middle_1-11_v1.wav,0.3216699896595486,0.5088252537608904,3.779876490214761,0.0953992773132106,0.3216699896595486,0.848042089601484,0.7288614422699469,0.0953992773132106
Bridge-Middle_1-11,..\data\processed\wet\Bridge-Middle_1-11_v2.wav,0.4287020209864336,0.0175018581871586,2.6640056597135406,0.6624340117010681,0.4287020209864336,0.0291697636452644,0.480890146603009,0.6624340117010681
Bridge-Middle_1-11,..\data\processed\wet\Bridge-Middle_1-11_v3.wav,0.1185026235981515,0.1733309633454993,2.2902648147597064,0.9195310246560496,0.1185026235981515,0.2888849389091656,0.397836625502157,0.9195310246560496
Bridge-Middle_1-11,..\data\processed\wet\Bridge-Middle_1-11_v4.wav,0.993255015422964,0.0269467793973695,3.924535655729264,0.3717240664023432,0.993255015422964,0.0449112989956158,0.761007923495392,0.3717240664023432
Bridge-Middle_1-12,..\data\processed\wet\Bridge-Middle_1-12_v0.wav,0.39245818622948,0.4525589840082136,4.632918944654339,0.9509285945025484,0.39245818622948,0.7542649733470227,0.9184264321454086,0.9509285945025484
Bridge-Middle_1-12,..\data\processed\wet\Bridge-Middle_1-12_v1.wav,0.5771225860383208,0.2142726955803016,4.043970886364507,0.2510013832623002,0.5771225860383208,0.3571211593005028,0.7875490858587794,0.2510013832623002
Bridge-Middle_1-12,..\data\processed\wet\Bridge-Middle_1-12_v2.wav,0.5640740288335178,0.2151470769149238,3.4548398316854425,0.2403989128935069,0.5640740288335178,0.3585784615248731,0.6566310737078761,0.2403989128935069
Bridge-Middle_1-12,..\data\processed\wet\Bridge-Middle_1-12_v3.wav,0.1915929457348257,0.5509434520052622,0.958116573272916,0.5059579077349317,0.1915929457348257,0.918239086675437,0.1018036829495368,0.5059579077349317
Bridge-Middle_1-12,..\data\processed\wet\Bridge-Middle_1-12_v4.wav,0.2208527829630089,0.0233579779954004,0.6620846823114188,0.1752217721058273,0.2208527829630089,0.0389299633256674,0.0360188182914264,0.1752217721058273
Bridge-Middle_1-13,..\data\processed\wet\Bridge-Middle_1-13_v0.wav,0.8667703545060003,0.1694872463862159,4.777066267588831,0.5816222929891935,0.8667703545060003,0.2824787439770266,0.9504591705752956,0.5816222929891935
Bridge-Middle_1-13,..\data\processed\wet\Bridge-Middle_1-13_v1.wav,0.4366141897687661,0.3480533008016727,2.825142733518205,0.7587762537573252,0.4366141897687661,0.5800888346694546,0.5166983852262678,0.7587762537573252
Bridge-Middle_1-13,..\data\processed\wet\Bridge-Middle_1-13_v2.wav,0.2824960659728522,0.2118302349601814,4.523424361399628,0.9464565131504056,0.2824960659728522,0.3530503916003024,0.8940943025332506,0.9464565131504056
Bridge-Middle_1-13,..\data\processed\wet\Bridge-Middle_1-13_v3.wav,0.8925582274864745,0.2516687963743881,4.011644763530968,0.4763357333010988,0.8925582274864745,0.4194479939573136,0.7803655030068817,0.4763357333010988
Bridge-Middle_1-13,..\data\processed\wet\Bridge-Middle_1-13_v4.wav,0.4975398521461022,0.1228080654343703,3.160086364663324,0.1861358977533479,0.4975398521461022,0.2046801090572839,0.5911303032585165,0.1861358977533479
Bridge-Middle_1-14,..\data\processed\wet\Bridge-Middle_1-14_v0.wav,0.3315646990671937,0.5130181209719611,1.4318411414488486,0.0711582851734328,0.3315646990671937,0.8550302016199351,0.2070758092108552,0.0711582851734328
Bridge-Middle_1-14,..\data\processed\wet\Bridge-Middle_1-14_v1.wav,0.0690075926128163,0.5644707123018647,2.781141970828256,0.4094120718170183,0.0690075926128163,0.940784520503108,0.5069204379618346,0.4094120718170183
Bridge-Middle_1-14,..\data\processed\wet\Bridge-Middle_1-14_v2.wav,0.8108785810079184,0.5014955567463096,1.9948596490202208,0.6936180574737952,0.8108785810079184,0.8358259279105161,0.3321910331156046,0.6936180574737952
Bridge-Middle_1-14,..\data\processed\wet\Bridge-Middle_1-14_v3.wav,0.7711228158518866,0.3927904121195727,1.1821778366004472,0.875883083517057,0.7711228158518866,0.6546506868659545,0.1515950748000993,0.875883083517057
Bridge-Middle_1-14,..\data\processed\wet\Bridge-Middle_1-14_v4.wav,0.5390945527360087,0.1694834558220022,2.4135268344696224,0.0375710903989073,0.5390945527360087,0.2824724263700037,0.4252281854376938,0.0375710903989073
Bridge-Middle_1-16,..\data\processed\wet\Bridge-Middle_1-16_v0.wav,0.3252951340230311,0.4275727998591077,4.175507599275362,0.1816139677566026,0.3252951340230311,0.7126213330985128,0.816779466505636,0.1816139677566026
Bridge-Middle_1-16,..\data\processed\wet\Bridge-Middle_1-16_v1.wav,0.3709410081577652,0.54116411804949,4.130120838626326,0.9848584027624758,0.3709410081577652,0.9019401967491502,0.8066935196947392,0.9848584027624758
Bridge-Middle_1-16,..\data\processed\wet\Bridge-Middle_1-16_v2.wav,0.7542482596820808,0.2359171206167533,3.15787025297587,0.6610142542473203,0.7542482596820808,0.3931952010279222,0.5906378339946378,0.6610142542473203
Bridge-Middle_1-16,..\data\processed\wet\Bridge-Middle_1-16_v3.wav,0.0784558163171239,0.326698175462319,3.691943728126743,0.1673213040010603,0.0784558163171239,0.5444969591038651,0.7093208284726096,0.1673213040010603
Bridge-Middle_1-16,..\data\processed\wet\Bridge-Middle_1-16_v4.wav,0.7806317174255571,0.3502636683084669,4.784998035639176,0.0424222982068916,0.7806317174255571,0.5837727805141116,0.9522217856975946,0.0424222982068916
Bridge-Middle_1-17,..\data\processed\wet\Bridge-Middle_1-17_v0.wav,0.2653261375554669,0.3609323275798944,1.834519604926688,0.7144241640712422,0.2653261375554669,0.6015538792998241,0.2965599122059307,0.7144241640712422
Bridge-Middle_1-17,..\data\processed\wet\Bridge-Middle_1-17_v1.wav,0.759005282521931,0.0615095784398846,2.8123450889304547,0.5088905555910559,0.759005282521931,0.1025159640664744,0.5138544642067677,0.5088905555910559
Bridge-Middle_1-17,..\data\processed\wet\Bridge-Middle_1-17_v2.wav,0.369280770215541,0.5597549175418033,4.223778439429495,0.6972093819096368,0.369280770215541,0.9329248625696722,0.8275063198732211,0.6972093819096368
Bridge-Middle_1-17,..\data\processed\wet\Bridge-Middle_1-17_v3.wav,0.7143266357349976,0.2770296862878714,4.644475344934591,0.6945954272532854,0.7143266357349976,0.4617161438131191,0.9209945210965758,0.6945954272532854
Bridge-Middle_1-17,..\data\processed\wet\Bridge-Middle_1-17_v4.wav,0.7289810616558164,0.5170145422724072,1.7333221520398596,0.807070903866703,0.7289810616558164,0.8616909037873454,0.274071589342191,0.807070903866703
Bridge-Middle_1-19,..\data\processed\wet\Bridge-Middle_1-19_v0.wav,0.4376613281482034,0.1409840429975716,3.671919545195218,0.8171281420155851,0.4376613281482034,0.2349734049959527,0.7048710100433817,0.8171281420155851
Bridge-Middle_1-19,..\data\processed\wet\Bridge-Middle_1-19_v1.wav,0.5464303160778473,0.5802211651536877,0.732509247460825,0.5047955983045281,0.5464303160778473,0.9670352752561462,0.0516687216579611,0.5047955983045281
Bridge-Middle_1-19,..\data\processed\wet\Bridge-Middle_1-19_v2.wav,0.7184539473225501,0.5175842826895074,1.3066502535850553,0.8000034817636814,0.7184539473225501,0.8626404711491791,0.17925561190779,0.8000034817636814
Bridge-Middle_1-19,..\data\processed\wet\Bridge-Middle_1-19_v3.wav,0.5527070757185453,0.2379322091939779,1.092717628605921,0.8652957589089124,0.5527070757185453,0.3965536819899632,0.1317150285790935,0.8652957589089124
Bridge-Middle_1-19,..\data\processed\wet\Bridge-Middle_1-19_v4.wav,0.1572732081797153,0.1858727155254595,1.805204893830966,0.8714140341908543,0.1572732081797153,0.3097878592090992,0.2900455319624369,0.8714140341908543
Bridge-Middle_1-2,..\data\processed\wet\Bridge-Middle_1-2_v0.wav,0.672702994208898,0.4780088383148234,1.6271055445662457,0.6248740996069989,0.672702994208898,0.7966813971913723,0.250467898792499,0.6248740996069989
Bridge-Middle_1-2,..\data\processed\wet\Bridge-Middle_1-2_v1.wav,0.5717459831437487,0.4996982260729626,4.577391772165672,0.0121567714773868,0.5717459831437487,0.8328303767882711,0.9060870604812604,0.0121567714773868
Bridge-Middle_1-2,..\data\processed\wet\Bridge-Middle_1-2_v2.wav,0.6740199190587927,0.0311014794718374,2.9698639928481017,0.2876327290436782,0.6740199190587927,0.051835799119729,0.5488586650773559,0.2876327290436782
Bridge-Middle_1-2,..\data\processed\wet\Bridge-Middle_1-2_v3.wav,0.3067765995221412,0.2117751020714139,3.2958160207232456,0.3340499656687692,0.3067765995221412,0.3529585034523566,0.6212924490496101,0.3340499656687692
Bridge-Middle_1-2,..\data\processed\wet\Bridge-Middle_1-2_v4.wav,0.7326990505902804,0.2427164313443218,0.8075894013948137,0.7837598424841072,0.7326990505902804,0.4045273855738697,0.0683532003099586,0.7837598424841072
Bridge-Middle_1-20,..\data\processed\wet\Bridge-Middle_1-20_v0.wav,0.285758324592706,0.2596601277595575,3.5844974744985567,0.332456157148712,0.285758324592706,0.4327668795992626,0.6854438832219015,0.332456157148712
Bridge-Middle_1-20,..\data\processed\wet\Bridge-Middle_1-20_v1.wav,0.0565856561467156,0.2243526282076881,4.750018622124365,0.6417343972985582,0.0565856561467156,0.3739210470128136,0.9444485826943034,0.6417343972985582
Bridge-Middle_1-20,..\data\processed\wet\Bridge-Middle_1-20_v2.wav,0.6714791486672069,0.3793692921825839,1.3954646253174656,0.4183338641022801,0.6714791486672069,0.6322821536376398,0.1989921389594368,0.4183338641022801
Bridge-Middle_1-20,..\data\processed\wet\Bridge-Middle_1-20_v3.wav,0.7509397983633183,0.0608237385318954,1.7503374924037052,0.2763191084658536,0.7509397983633183,0.1013728975531591,0.2778527760897122,0.2763191084658536
Bridge-Middle_1-20,..\data\processed\wet\Bridge-Middle_1-20_v4.wav,0.432018927594506,0.588221244565311,0.8037614600771987,0.518700994380595,0.432018927594506,0.9803687409421852,0.0675025466838219,0.518700994380595
Bridge-Middle_1-21,..\data\processed\wet\Bridge-Middle_1-21_v0.wav,0.1793646820122104,0.5824059272458465,1.009865771273589,0.4036010023615912,0.1793646820122104,0.9706765454097442,0.1133035047274642,0.4036010023615912
Bridge-Middle_1-21,..\data\processed\wet\Bridge-Middle_1-21_v1.wav,0.7378849848346062,0.4227326568164671,2.4022788660226952,0.3465241679527182,0.7378849848346062,0.7045544280274453,0.4227286368939322,0.3465241679527182
Bridge-Middle_1-21,..\data\processed\wet\Bridge-Middle_1-21_v2.wav,0.3976123785528705,0.1585657578951835,1.423998224180599,0.48303969755889,0.3976123785528705,0.2642762631586393,0.2053329387067998,0.48303969755889
Bridge-Middle_1-21,..\data\processed\wet\Bridge-Middle_1-21_v3.wav,0.2685337560676073,0.17247699893835,3.4554022856355067,0.9685373316998922,0.2685337560676073,0.2874616648972501,0.6567560634745571,0.9685373316998922
Bridge-Middle_1-21,..\data\processed\wet\Bridge-Middle_1-21_v4.wav,0.6036372005593751,0.0461876802389797,0.8401262623433015,0.951423220845566,0.6036372005593751,0.0769794670649662,0.0755836138540669,0.951423220845566
Bridge-Middle_1-22,..\data\processed\wet\Bridge-Middle_1-22_v0.wav,0.2972907903073336,0.0552401916494852,3.195700642176717,0.6236487782902661,0.2972907903073336,0.0920669860824754,0.5990445871503816,0.6236487782902661
Bridge-Middle_1-22,..\data\processed\wet\Bridge-Middle_1-22_v1.wav,0.6485048201186882,0.1604412167145247,0.5679980789651377,0.965015369454472,0.6485048201186882,0.2674020278575413,0.015110684214475,0.965015369454472
Bridge-Middle_1-22,..\data\processed\wet\Bridge-Middle_1-22_v2.wav,0.2508930456911025,0.4056157728315285,3.679834414454193,0.6100074170794857,0.2508930456911025,0.6760262880525475,0.7066298698787096,0.6100074170794857
Bridge-Middle_1-22,..\data\processed\wet\Bridge-Middle_1-22_v3.wav,0.3129073942136482,0.1626577522584394,3.189507272162164,0.8660956336116915,0.3129073942136482,0.2710962537640657,0.5976682827027031,0.8660956336116915
Bridge-Middle_1-22,..\data\processed\wet\Bridge-Middle_1-22_v4.wav,0.9467337289233956,0.0635434826422545,1.196728756689739,0.9447362587830797,0.9467337289233956,0.1059058044037576,0.1548286125977198,0.9447362587830797
Bridge-Middle_1-3,..\data\processed\wet\Bridge-Middle_1-3_v0.wav,0.7365352283347926,0.5297962948978638,1.4118468536090445,0.5875858711094019,0.7365352283347926,0.8829938248297731,0.2026326341353431,0.5875858711094019
Bridge-Middle_1-3,..\data\processed\wet\Bridge-Middle_1-3_v1.wav,0.7011395944174736,0.4080671312681835,2.3366826089001416,0.0153948916913084,0.7011395944174736,0.6801118854469727,0.4081516908666981,0.0153948916913084
Bridge-Middle_1-3,..\data\processed\wet\Bridge-Middle_1-3_v2.wav,0.5829260568042631,0.1518609235077652,2.5261441076430065,0.9575810150838172,0.5829260568042631,0.2531015391796087,0.4502542461428903,0.9575810150838172
Bridge-Middle_1-3,..\data\processed\wet\Bridge-Middle_1-3_v3.wav,0.3990353176424347,0.503880963998656,1.3484327258716302,0.6724604980250288,0.3990353176424347,0.8398016066644267,0.1885406057492511,0.6724604980250288
Bridge-Middle_1-3,..\data\processed\wet\Bridge-Middle_1-3_v4.wav,0.9770069544389436,0.061135860523762,0.537439740022364,0.4335827926326143,0.9770069544389436,0.1018931008729367,0.008319942227192,0.4335827926326143
Bridge-Middle_1-5,..\data\processed\wet\Bridge-Middle_1-5_v0.wav,0.2708063280369726,0.1485358621679318,0.7813683308428059,0.4589405165968203,0.2708063280369726,0.2475597702798863,0.0625262957428457,0.4589405165968203
Bridge-Middle_1-5,..\data\processed\wet\Bridge-Middle_1-5_v1.wav,0.7327334747861651,0.3640390348304618,3.527922508691359,0.0811491785362391,0.7327334747861651,0.6067317247174364,0.6728716685980798,0.0811491785362391
Bridge-Middle_1-5,..\data\processed\wet\Bridge-Middle_1-5_v2.wav,0.9514907101767872,0.5030951003058148,4.122906433230482,0.8229838050417675,0.9514907101767872,0.8384918338430247,0.8050903184956627,0.8229838050417675
Bridge-Middle_1-5,..\data\processed\wet\Bridge-Middle_1-5_v3.wav,0.9327105081327614,0.3265523796682186,1.4012690804043166,0.6167836078525412,0.9327105081327614,0.5442539661136977,0.2002820178676259,0.6167836078525412
Bridge-Middle_1-5,..\data\processed\wet\Bridge-Middle_1-5_v4.wav,0.742881493667939,0.4427504360124152,2.8465206087509607,0.068458719333578,0.742881493667939,0.7379173933540254,0.5214490241668801,0.068458719333578
Bridge-Middle_1-6,..\data\processed\wet\Bridge-Middle_1-6_v0.wav,0.3711129384301278,0.5524599650780144,3.130020093908417,0.5383319432557134,0.3711129384301278,0.9207666084633574,0.584448909757426,0.5383319432557134
Bridge-Middle_1-6,..\data\processed\wet\Bridge-Middle_1-6_v1.wav,0.2688535143821935,0.2210693519499473,4.529057401189261,0.6664630475268357,0.2688535143821935,0.3684489199165789,0.8953460891531692,0.6664630475268357
Bridge-Middle_1-6,..\data\processed\wet\Bridge-Middle_1-6_v2.wav,0.7873870267523329,0.2726072538405931,3.3361124875527106,0.2483836087432075,0.7873870267523329,0.4543454230676552,0.6302472194561579,0.2483836087432075
Bridge-Middle_1-6,..\data\processed\wet\Bridge-Middle_1-6_v3.wav,0.7054608302834863,0.2565608002220024,2.491454816666355,0.6493223245768817,0.7054608302834863,0.4276013337033373,0.4425455148147456,0.6493223245768817
Bridge-Middle_1-6,..\data\processed\wet\Bridge-Middle_1-6_v4.wav,0.9362806214689268,0.0384038079651725,4.211344568061534,0.2923831104121931,0.9362806214689268,0.0640063466086209,0.8247432373470076,0.2923831104121931
Bridge-Middle_1-8,..\data\processed\wet\Bridge-Middle_1-8_v0.wav,0.1104318634111026,0.1735124677775699,1.8941309389511105,0.2499569463976212,0.1104318634111026,0.2891874462959498,0.309806875322469,0.2499569463976212
Bridge-Middle_1-8,..\data\processed\wet\Bridge-Middle_1-8_v1.wav,0.5150056597097231,0.3213322889278035,2.105986888269996,0.353789158736436,0.5150056597097231,0.5355538148796726,0.3568859751711102,0.353789158736436
Bridge-Middle_1-8,..\data\processed\wet\Bridge-Middle_1-8_v2.wav,0.8285555979060814,0.4735757089918113,1.8850812425633556,0.9137884438732592,0.8285555979060814,0.7892928483196856,0.3077958316807456,0.9137884438732592
Bridge-Middle_1-8,..\data\processed\wet\Bridge-Middle_1-8_v3.wav,0.952815017002506,0.1960455252180244,2.0949122695687468,0.5056341534219588,0.952815017002506,0.3267425420300408,0.3544249487930548,0.5056341534219588
Bridge-Middle_1-8,..\data\processed\wet\Bridge-Middle_1-8_v4.wav,0.9411208125336736,0.5257916598853869,0.961555831626154,0.3927307432714162,0.9411208125336736,0.8763194331423115,0.1025679625835898,0.3927307432714162
Bridge-Middle_1-9,..\data\processed\wet\Bridge-Middle_1-9_v0.wav,0.5533711897497718,0.301879483530924,1.3723838057160171,0.8588167711681547,0.5533711897497718,0.50313247255154,0.1938630679368927,0.8588167711681547
Bridge-Middle_1-9,..\data\processed\wet\Bridge-Middle_1-9_v1.wav,0.6769407829968374,0.5027450249110821,4.364439257072625,0.7483558536657398,0.6769407829968374,0.8379083748518035,0.8587642793494723,0.7483558536657398
Bridge-Middle_1-9,..\data\processed\wet\Bridge-Middle_1-9_v2.wav,0.4392106012497173,0.3663280530092547,1.2216443275388442,0.6736454174749077,0.4392106012497173,0.6105467550154245,0.1603654061197431,0.6736454174749077
Bridge-Middle_1-9,..\data\processed\wet\Bridge-Middle_1-9_v3.wav,0.1792532557392807,0.4163697543060941,1.533191723392859,0.1175513001502199,0.1792532557392807,0.6939495905101568,0.2295981607539686,0.1175513001502199
Bridge-Middle_1-9,..\data\processed\wet\Bridge-Middle_1-9_v4.wav,0.1652844901429574,0.0011952811314421,3.734328280340886,0.7324010490583791,0.1652844901429574,0.0019921352190702,0.7187396178535302,0.7324010490583791
Bridge-Middle_2-0,..\data\processed\wet\Bridge-Middle_2-0_v0.wav,0.5149333499132595,0.0968176806332302,0.8759945187981039,0.019128966437287,0.5149333499132595,0.1613628010553837,0.0835543375106897,0.019128966437287
Bridge-Middle_2-0,..\data\processed\wet\Bridge-Middle_2-0_v1.wav,0.1657481769652207,0.534513320989888,1.586915787657568,0.3542713272172156,0.1657481769652207,0.8908555349831467,0.2415368417016817,0.3542713272172156
Bridge-Middle_2-0,..\data\processed\wet\Bridge-Middle_2-0_v2.wav,0.1053454844813331,0.1334167828489021,2.836510568510923,0.6077526830956526,0.1053454844813331,0.2223613047481702,0.5192245707802051,0.6077526830956526
Bridge-Middle_2-0,..\data\processed\wet\Bridge-Middle_2-0_v3.wav,0.245352314166211,0.0346392955350703,2.259647911073294,0.2342033709263341,0.245352314166211,0.0577321592251172,0.3910328691273986,0.2342033709263341
Bridge-Middle_2-0,..\data\processed\wet\Bridge-Middle_2-0_v4.wav,0.2195539232298019,0.5759176816280731,3.2733521866657584,0.5568784431720959,0.2195539232298019,0.9598628027134553,0.6163004859257241,0.5568784431720959
Bridge-Middle_2-1,..\data\processed\wet\Bridge-Middle_2-1_v0.wav,0.4157751035233219,0.2573666000580865,2.9340725172713635,0.6964298070361072,0.4157751035233219,0.4289443334301442,0.5409050038380808,0.6964298070361072
Bridge-Middle_2-1,..\data\processed\wet\Bridge-Middle_2-1_v1.wav,0.7021460961818294,0.1030163446232697,2.7505073843448216,0.4119580950341019,0.7021460961818294,0.1716939077054495,0.500112752076627,0.4119580950341019
Bridge-Middle_2-1,..\data\processed\wet\Bridge-Middle_2-1_v2.wav,0.8705269662693842,0.3788513527310258,2.896268298871918,0.1153946421789173,0.8705269662693842,0.6314189212183764,0.5325040664159818,0.1153946421789173
Bridge-Middle_2-1,..\data\processed\wet\Bridge-Middle_2-1_v3.wav,0.6056378893234114,0.07032234340814,2.017429590045884,0.1428419648143318,0.6056378893234114,0.1172039056802334,0.337206575565752,0.1428419648143318
Bridge-Middle_2-1,..\data\processed\wet\Bridge-Middle_2-1_v4.wav,0.6920736470243689,0.1237512683016915,2.263367179346117,0.8956747776187787,0.6920736470243689,0.2062521138361526,0.391859373188026,0.8956747776187787
Bridge-Middle_2-13,..\data\processed\wet\Bridge-Middle_2-13_v0.wav,0.5484191629935626,0.0398779954657632,3.949317722896631,0.583713587731364,0.5484191629935626,0.0664633257762721,0.7665150495325846,0.583713587731364
Bridge-Middle_2-13,..\data\processed\wet\Bridge-Middle_2-13_v1.wav,0.7819599771579592,0.4510481954375042,4.113509323810267,0.5180080664046248,0.7819599771579592,0.7517469923958404,0.8030020719578371,0.5180080664046248
Bridge-Middle_2-13,..\data\processed\wet\Bridge-Middle_2-13_v2.wav,0.140324518193515,0.4026944840278132,3.292132032733868,0.7422531871990872,0.140324518193515,0.6711574733796887,0.6204737850519706,0.7422531871990872
Bridge-Middle_2-13,..\data\processed\wet\Bridge-Middle_2-13_v3.wav,0.1698810060507353,0.1169851199401735,4.506842827486978,0.7499777984520708,0.1698810060507353,0.1949751999002892,0.8904095172193285,0.7499777984520708
Bridge-Middle_2-13,..\data\processed\wet\Bridge-Middle_2-13_v4.wav,0.9082284887003228,0.4552291926983524,3.1871988769563586,0.6541327370278737,0.9082284887003228,0.7587153211639207,0.5971553059903019,0.6541327370278737
Bridge-Middle_2-15,..\data\processed\wet\Bridge-Middle_2-15_v0.wav,0.7962414505413685,0.1631676236510692,3.6156151510747616,0.2640619846937188,0.7962414505413685,0.2719460394184487,0.6923589224610581,0.2640619846937188
Bridge-Middle_2-15,..\data\processed\wet\Bridge-Middle_2-15_v1.wav,0.9390684794502916,0.3818245689200246,1.9603031007890397,0.2695118622922726,0.9390684794502916,0.6363742815333744,0.3245118001753421,0.2695118622922726
Bridge-Middle_2-15,..\data\processed\wet\Bridge-Middle_2-15_v2.wav,0.1909265850716435,0.4167845753362366,1.484220258490673,0.5953032659274891,0.1909265850716435,0.6946409588937278,0.2187156129979273,0.5953032659274891
Bridge-Middle_2-15,..\data\processed\wet\Bridge-Middle_2-15_v3.wav,0.2646350269253573,0.3971813668763211,4.167228778432426,0.7780252431446532,0.2646350269253573,0.6619689447938686,0.8149397285405391,0.7780252431446532
Bridge-Middle_2-15,..\data\processed\wet\Bridge-Middle_2-15_v4.wav,0.7608513309307817,0.1126334434153512,0.8977322614303342,0.6989488284873856,0.7608513309307817,0.187722405692252,0.0883849469845187,0.6989488284873856
Bridge-Middle_2-16,..\data\processed\wet\Bridge-Middle_2-16_v0.wav,0.3683472137943513,0.2594077358420084,0.6401709175702598,0.2595764492750492,0.3683472137943513,0.4323462264033473,0.031149092793391,0.2595764492750492
Bridge-Middle_2-16,..\data\processed\wet\Bridge-Middle_2-16_v1.wav,0.033676403874464,0.5275114635607485,1.595285074483387,0.557337169573008,0.033676403874464,0.8791857726012475,0.2433966832185304,0.557337169573008
Bridge-Middle_2-16,..\data\processed\wet\Bridge-Middle_2-16_v2.wav,0.0389793206611304,0.4001084347833948,1.9536230558934224,0.8979191869576658,0.0389793206611304,0.6668473913056581,0.3230273457540938,0.8979191869576658
Bridge-Middle_2-16,..\data\processed\wet\Bridge-Middle_2-16_v3.wav,0.8881181889340358,0.1951743710170486,4.5543240306071056,0.9961576734987788,0.8881181889340358,0.3252906183617478,0.900960895690468,0.9961576734987788
Bridge-Middle_2-16,..\data\processed\wet\Bridge-Middle_2-16_v4.wav,0.8254156641239481,0.5069228086531373,1.6205393124909049,0.5767023988577563,0.8254156641239481,0.8448713477552289,0.2490087361090899,0.5767023988577563
Bridge-Middle_2-17,..\data\processed\wet\Bridge-Middle_2-17_v0.wav,0.0672559139673678,0.0569507620930018,4.995016754149808,0.3266392494259109,0.0672559139673678,0.0949179368216697,0.9988926120332908,0.3266392494259109
Bridge-Middle_2-17,..\data\processed\wet\Bridge-Middle_2-17_v1.wav,0.7481839120488464,0.4839990318160898,4.361104719532531,0.9976282974021564,0.7481839120488464,0.8066650530268165,0.8580232710072292,0.9976282974021564
Bridge-Middle_2-17,..\data\processed\wet\Bridge-Middle_2-17_v2.wav,0.2414964852568678,0.0242104961158198,2.350361830975637,0.1300806698289469,0.2414964852568678,0.0403508268596997,0.411191517994586,0.1300806698289469
Bridge-Middle_2-17,..\data\processed\wet\Bridge-Middle_2-17_v3.wav,0.0224258891620551,0.2162560962848916,4.026822129838564,0.5661806912250709,0.0224258891620551,0.3604268271414861,0.7837382510752364,0.5661806912250709
Bridge-Middle_2-17,..\data\processed\wet\Bridge-Middle_2-17_v4.wav,0.312777989210354,0.3926052032956318,1.5440818113896482,0.014381446072085,0.312777989210354,0.6543420054927197,0.2320181803088107,0.014381446072085
Bridge-Middle_2-18,..\data\processed\wet\Bridge-Middle_2-18_v0.wav,0.7643533864364274,0.3742458509184054,3.93036181025432,0.0389380166876656,0.7643533864364274,0.6237430848640091,0.76230262450096,0.0389380166876656
Bridge-Middle_2-18,..\data\processed\wet\Bridge-Middle_2-18_v1.wav,0.8371196278306522,0.371715720021782,3.0352790782068806,0.6246140481145316,0.8371196278306522,0.6195262000363033,0.5633953507126401,0.6246140481145316
Bridge-Middle_2-18,..\data\processed\wet\Bridge-Middle_2-18_v2.wav,0.8644332468683641,0.3521619039353442,3.114276709496807,0.9906791570657658,0.8644332468683641,0.5869365065589071,0.5809503798881793,0.9906791570657658
Bridge-Middle_2-18,..\data\processed\wet\Bridge-Middle_2-18_v3.wav,0.756730167068568,0.2653762832706811,3.683286500148175,0.3892304716917885,0.756730167068568,0.4422938054511352,0.7073970000329277,0.3892304716917885
Bridge-Middle_2-18,..\data\processed\wet\Bridge-Middle_2-18_v4.wav,0.228875462483499,0.3581111261326556,4.676819441512782,0.9291395200154628,0.228875462483499,0.5968518768877594,0.9281820981139516,0.9291395200154628
Bridge-Middle_2-19,..\data\processed\wet\Bridge-Middle_2-19_v0.wav,0.3419052781054903,0.316606479733017,1.4523615435643755,0.9956311094988834,0.3419052781054903,0.527677466221695,0.2116358985698612,0.9956311094988834
Bridge-Middle_2-19,..\data\processed\wet\Bridge-Middle_2-19_v1.wav,0.9811179078679356,0.3897053578244684,4.11986326854863,0.7151001612837,0.9811179078679356,0.6495089297074473,0.8044140596774734,0.7151001612837
Bridge-Middle_2-19,..\data\processed\wet\Bridge-Middle_2-19_v2.wav,0.5931582190394682,0.0320087981933386,2.5464395414869747,0.6747863021674105,0.5931582190394682,0.0533479969888976,0.454764342552661,0.6747863021674105
Bridge-Middle_2-19,..\data\processed\wet\Bridge-Middle_2-19_v3.wav,0.6775316138836847,0.2238735710534301,4.737613939961138,0.167357032236781,0.6775316138836847,0.3731226184223836,0.9416919866580308,0.167357032236781
Bridge-Middle_2-19,..\data\processed\wet\Bridge-Middle_2-19_v4.wav,0.5003594462155606,0.4145303859304937,3.6371111265131417,0.6486389567688156,0.5003594462155606,0.6908839765508228,0.6971358058918092,0.6486389567688156
Bridge-Middle_2-2,..\data\processed\wet\Bridge-Middle_2-2_v0.wav,0.2752882134518601,0.0937239412119731,3.361731470720199,0.5993021161394377,0.2752882134518601,0.1562065686866219,0.6359403268267109,0.5993021161394377
Bridge-Middle_2-2,..\data\processed\wet\Bridge-Middle_2-2_v1.wav,0.1793560102892409,0.4230834873423379,2.5482739628014537,0.6677605916031529,0.1793560102892409,0.7051391455705633,0.4551719917336563,0.6677605916031529
Bridge-Middle_2-2,..\data\processed\wet\Bridge-Middle_2-2_v2.wav,0.8373670797701507,0.1018370571461538,0.586151905985765,0.7791025863957868,0.8373670797701507,0.1697284285769231,0.0191448679968366,0.7791025863957868
Bridge-Middle_2-2,..\data\processed\wet\Bridge-Middle_2-2_v3.wav,0.6096974251526159,0.419783741773273,4.271697387448891,0.8028109348245005,0.6096974251526159,0.6996395696221217,0.8381549749886426,0.8028109348245005
Bridge-Middle_2-2,..\data\processed\wet\Bridge-Middle_2-2_v4.wav,0.9609201469288248,0.3215610473112709,2.698230346969574,0.4018871998907301,0.9609201469288248,0.5359350788521182,0.4884956326599053,0.4018871998907301
Bridge-Middle_2-21,..\data\processed\wet\Bridge-Middle_2-21_v0.wav,0.2865195489271229,0.4815841874117578,4.987570549566212,0.0300260053293928,0.2865195489271229,0.8026403123529297,0.9972378999036028,0.0300260053293928
Bridge-Middle_2-21,..\data\processed\wet\Bridge-Middle_2-21_v1.wav,0.8973658657909319,0.3735783201591948,4.880221786241696,0.4650095175264276,0.8973658657909319,0.622630533598658,0.9733826191648212,0.4650095175264276
Bridge-Middle_2-21,..\data\processed\wet\Bridge-Middle_2-21_v2.wav,0.8473879305713737,0.0374364411589663,2.008755725352331,0.0670165377512099,0.8473879305713737,0.0623940685982772,0.3352790500782958,0.0670165377512099
Bridge-Middle_2-21,..\data\processed\wet\Bridge-Middle_2-21_v3.wav,0.9753431334790704,0.490184344363102,4.336463395606867,0.9379652314338942,0.9753431334790704,0.8169739072718367,0.8525474212459705,0.9379652314338942
Bridge-Middle_2-21,..\data\processed\wet\Bridge-Middle_2-21_v4.wav,0.0851034861197853,0.231358555508,0.8196570006980095,0.2107931015500286,0.0851034861197853,0.3855975925133333,0.0710348890440021,0.2107931015500286
Bridge-Middle_2-3,..\data\processed\wet\Bridge-Middle_2-3_v0.wav,0.2105069396653429,0.4854141841750058,1.1611486561269684,0.3426451465225215,0.2105069396653429,0.8090236402916764,0.1469219235837707,0.3426451465225215
Bridge-Middle_2-3,..\data\processed\wet\Bridge-Middle_2-3_v1.wav,0.8646589218581401,0.0929551866860655,0.8723157602818545,0.4845379950800108,0.8646589218581401,0.1549253111434426,0.0827368356181899,0.4845379950800108
Bridge-Middle_2-3,..\data\processed\wet\Bridge-Middle_2-3_v2.wav,0.3024195112785364,0.3380450186903124,4.117122007175638,0.1371484881527431,0.3024195112785364,0.5634083644838541,0.8038048904834751,0.1371484881527431
Bridge-Middle_2-3,..\data\processed\wet\Bridge-Middle_2-3_v3.wav,0.580699084554285,0.3033052562339183,1.1483545370593982,0.6239984855289824,0.580699084554285,0.5055087603898639,0.1440787860131996,0.6239984855289824
Bridge-Middle_2-3,..\data\processed\wet\Bridge-Middle_2-3_v4.wav,0.2736404178607716,0.2927005911264075,0.8702254592467784,0.459584057213623,0.2736404178607716,0.4878343185440125,0.0822723242770618,0.459584057213623
Bridge-Middle_2-4,..\data\processed\wet\Bridge-Middle_2-4_v0.wav,0.3064634680428203,0.4934287267112126,0.7564042714881573,0.4186072749183299,0.3064634680428203,0.8223812111853543,0.0569787269973682,0.4186072749183299
Bridge-Middle_2-4,..\data\processed\wet\Bridge-Middle_2-4_v1.wav,0.458431424131438,0.4350036457794712,3.084294087905949,0.667212337194181,0.458431424131438,0.7250060762991187,0.574287575090211,0.667212337194181
Bridge-Middle_2-4,..\data\processed\wet\Bridge-Middle_2-4_v2.wav,0.7770492856517561,0.5173217841949133,1.912439735251117,0.538022705363903,0.7770492856517561,0.8622029736581888,0.3138754967224705,0.538022705363903
Bridge-Middle_2-4,..\data\processed\wet\Bridge-Middle_2-4_v3.wav,0.8401080784391999,0.5936706785790339,4.502836899696934,0.3714672626243768,0.8401080784391999,0.9894511309650564,0.8895193110437631,0.3714672626243768
Bridge-Middle_2-4,..\data\processed\wet\Bridge-Middle_2-4_v4.wav,0.1951665172186504,0.2936355224439532,3.83738653326219,0.4925690707532976,0.1951665172186504,0.4893925374065888,0.7416414518360422,0.4925690707532976
Bridge-Middle_2-5,..\data\processed\wet\Bridge-Middle_2-5_v0.wav,0.4831808633136685,0.5029382526490803,2.1263170058023384,0.8597946748116456,0.4831808633136685,0.8382304210818006,0.3614037790671863,0.8597946748116456
Bridge-Middle_2-5,..\data\processed\wet\Bridge-Middle_2-5_v1.wav,0.4068048009517235,0.1969398634070036,2.5429546003986454,0.7624469586748684,0.4068048009517235,0.3282331056783394,0.453989911199699,0.7624469586748684
Bridge-Middle_2-5,..\data\processed\wet\Bridge-Middle_2-5_v2.wav,0.1260020278639942,0.1178515295232104,4.7815017154839135,0.1754916273813573,0.1260020278639942,0.1964192158720173,0.951444825663092,0.1754916273813573
Bridge-Middle_2-5,..\data\processed\wet\Bridge-Middle_2-5_v3.wav,0.5677273179310546,0.3475886799971627,2.7033100792261013,0.6447452485768186,0.5677273179310546,0.5793144666619379,0.4896244620502447,0.6447452485768186
Bridge-Middle_2-5,..\data\processed\wet\Bridge-Middle_2-5_v4.wav,0.2298267257976184,0.3315973606660489,2.174779648611037,0.661667259629189,0.2298267257976184,0.5526622677767482,0.3721732552468971,0.661667259629189
Bridge-Middle_2-6,..\data\processed\wet\Bridge-Middle_2-6_v0.wav,0.1412235433731494,0.3425264501036857,1.333716599224957,0.2786430631150364,0.1412235433731494,0.5708774168394762,0.1852703553833237,0.2786430631150364
Bridge-Middle_2-6,..\data\processed\wet\Bridge-Middle_2-6_v1.wav,0.2187098003235832,0.1097026679212902,4.215699282023001,0.2857075676608903,0.2187098003235832,0.1828377798688171,0.825710951560667,0.2857075676608903
Bridge-Middle_2-6,..\data\processed\wet\Bridge-Middle_2-6_v2.wav,0.9271237818644492,0.5819559152071145,3.0706721147169382,0.1430011226657264,0.9271237818644492,0.969926525345191,0.5712604699370973,0.1430011226657264
Bridge-Middle_2-6,..\data\processed\wet\Bridge-Middle_2-6_v3.wav,0.3745482433795812,0.4786393580089284,2.153258279136817,0.0870172183027887,0.3745482433795812,0.797732263348214,0.3673907286970704,0.0870172183027887
Bridge-Middle_2-6,..\data\processed\wet\Bridge-Middle_2-6_v4.wav,0.5567849109281879,0.5070725108976208,4.0816687421457605,0.1751231401303532,0.5567849109281879,0.8451208514960348,0.7959263871435023,0.1751231401303532
Bridge-Middle_2-9,..\data\processed\wet\Bridge-Middle_2-9_v0.wav,0.5098540095504577,0.3007653867754376,0.7260935442034195,0.0349115526562238,0.5098540095504577,0.5012756446257294,0.0502430098229821,0.0349115526562238
Bridge-Middle_2-9,..\data\processed\wet\Bridge-Middle_2-9_v1.wav,0.5511599619163721,0.2629071679490067,4.276311777411344,0.1606795847118451,0.5511599619163721,0.4381786132483445,0.8391803949802986,0.1606795847118451
Bridge-Middle_2-9,..\data\processed\wet\Bridge-Middle_2-9_v2.wav,0.0249716621170495,0.2694232607580755,1.568653505385159,0.0496143733388374,0.0249716621170495,0.4490387679301258,0.2374785567522574,0.0496143733388374
Bridge-Middle_2-9,..\data\processed\wet\Bridge-Middle_2-9_v3.wav,0.724598286847629,0.0669557999743484,3.2374377500349727,0.2810497501668891,0.724598286847629,0.1115929999572474,0.6083195000077717,0.2810497501668891
Bridge-Middle_2-9,..\data\processed\wet\Bridge-Middle_2-9_v4.wav,0.173496050355022,0.2278509137515904,4.106505993003291,0.3920935769045727,0.173496050355022,0.3797515229193174,0.8014457762229537,0.3920935769045727
Bridge-Middle_3-0,..\data\processed\wet\Bridge-Middle_3-0_v0.wav,0.7507696492110557,0.0752917780794904,3.977471388492856,0.2369333249066486,0.7507696492110557,0.1254862967991507,0.7727714196650791,0.2369333249066486
Bridge-Middle_3-0,..\data\processed\wet\Bridge-Middle_3-0_v1.wav,0.6773931298888728,0.3394689329045978,4.6811512274525935,0.387322517975314,0.6773931298888728,0.5657815548409963,0.9291447172116876,0.387322517975314
Bridge-Middle_3-0,..\data\processed\wet\Bridge-Middle_3-0_v2.wav,0.0661651888344404,0.0114932913307517,4.220863524377389,0.5247356376614322,0.0661651888344404,0.0191554855512529,0.8268585609727531,0.5247356376614322
Bridge-Middle_3-0,..\data\processed\wet\Bridge-Middle_3-0_v3.wav,0.7752440518349493,0.1406553600069088,2.0528768548095515,0.0301038722113189,0.7752440518349493,0.2344256000115147,0.3450837455132337,0.0301038722113189
Bridge-Middle_3-0,..\data\processed\wet\Bridge-Middle_3-0_v4.wav,0.9614923245741122,0.400720744020488,4.699422894916878,0.2654964074290723,0.9614923245741122,0.6678679067008134,0.933205087759306,0.2654964074290723
Bridge-Middle_3-1,..\data\processed\wet\Bridge-Middle_3-1_v0.wav,0.6114636112256608,0.4070999809755827,1.928973651159148,0.8481092350156301,0.6114636112256608,0.6784999682926378,0.3175497002575884,0.8481092350156301
Bridge-Middle_3-1,..\data\processed\wet\Bridge-Middle_3-1_v1.wav,0.9471614629002478,0.5309130706176026,3.825801391727176,0.277464679724954,0.9471614629002478,0.8848551176960044,0.7390669759393725,0.277464679724954
Bridge-Middle_3-1,..\data\processed\wet\Bridge-Middle_3-1_v2.wav,0.2816160421056317,0.5780161922676227,0.5462802317106141,0.7160499732421445,0.2816160421056317,0.9633603204460378,0.010284495935692,0.7160499732421445
Bridge-Middle_3-1,..\data\processed\wet\Bridge-Middle_3-1_v3.wav,0.7062461625552622,0.3736137245698784,4.955489807390896,0.3118794357637252,0.7062461625552622,0.6226895409497974,0.990108846086866,0.3118794357637252
Bridge-Middle_3-1,..\data\processed\wet\Bridge-Middle_3-1_v4.wav,0.3399718637932482,0.0473636417679333,2.4925916144468188,0.2610485262348481,0.3399718637932482,0.0789394029465555,0.4427981365437375,0.2610485262348481
Bridge-Middle_3-10,..\data\processed\wet\Bridge-Middle_3-10_v0.wav,0.3433867021776442,0.5007430741533766,4.709680310873731,0.1857330720051856,0.3433867021776442,0.8345717902556277,0.9354845135274956,0.1857330720051856
Bridge-Middle_3-10,..\data\processed\wet\Bridge-Middle_3-10_v1.wav,0.3725089315534658,0.5571783372692364,0.7781380731015018,0.0923605281113785,0.3725089315534658,0.928630562115394,0.0618084606892226,0.0923605281113785
Bridge-Middle_3-10,..\data\processed\wet\Bridge-Middle_3-10_v2.wav,0.1627909892062293,0.3571277004761248,1.1771252195269886,0.9680763814507336,0.1627909892062293,0.5952128341268748,0.1504722710059974,0.9680763814507336
Bridge-Middle_3-10,..\data\processed\wet\Bridge-Middle_3-10_v3.wav,0.4467145272585203,0.3009107762100998,1.609963771124329,0.4709602524347335,0.4467145272585203,0.5015179603501664,0.2466586158054065,0.4709602524347335
Bridge-Middle_3-10,..\data\processed\wet\Bridge-Middle_3-10_v4.wav,0.6619136326370115,0.4507062821724256,3.8924063721946087,0.5778911126940883,0.6619136326370115,0.7511771369540428,0.753868082709913,0.5778911126940883
Bridge-Middle_3-11,..\data\processed\wet\Bridge-Middle_3-11_v0.wav,0.9043597749938572,0.4904447083836656,3.906716516143814,0.0556055216804606,0.9043597749938572,0.8174078473061094,0.7570481146986254,0.0556055216804606
Bridge-Middle_3-11,..\data\processed\wet\Bridge-Middle_3-11_v1.wav,0.0068779622196493,0.1274683663172837,3.4858561726105357,0.4111974888825458,0.0068779622196493,0.212447277195473,0.6635235939134523,0.4111974888825458
Bridge-Middle_3-11,..\data\processed\wet\Bridge-Middle_3-11_v2.wav,0.4024062592993117,0.5307521329377682,4.530032816593274,0.9091752640535856,0.4024062592993117,0.8845868882296137,0.8955628481318387,0.9091752640535856
Bridge-Middle_3-11,..\data\processed\wet\Bridge-Middle_3-11_v3.wav,0.3138780765150273,0.414633487643557,1.7223493157346634,0.1906098330744497,0.3138780765150273,0.6910558127392618,0.2716331812743696,0.1906098330744497
Bridge-Middle_3-11,..\data\processed\wet\Bridge-Middle_3-11_v4.wav,0.1846324573473692,0.2052645725181564,2.434809289009197,0.8309491710550684,0.1846324573473692,0.342107620863594,0.4299576197798216,0.8309491710550684
Bridge-Middle_3-12,..\data\processed\wet\Bridge-Middle_3-12_v0.wav,0.1198910934727121,0.4409555084369365,2.8915471138518742,0.2879453426759925,0.1198910934727121,0.7349258473948942,0.5314549141893053,0.2879453426759925
Bridge-Middle_3-12,..\data\processed\wet\Bridge-Middle_3-12_v1.wav,0.4928195845328246,0.1799652418662135,3.182368798572377,0.4338439228552442,0.4928195845328246,0.2999420697770226,0.596081955238306,0.4338439228552442
Bridge-Middle_3-12,..\data\processed\wet\Bridge-Middle_3-12_v2.wav,0.1644055290788787,0.069949844733418,2.9601305693245856,0.9024130332861034,0.1644055290788787,0.1165830745556967,0.5466956820721302,0.9024130332861034
Bridge-Middle_3-12,..\data\processed\wet\Bridge-Middle_3-12_v3.wav,0.3439576865576855,0.4398000643335739,3.4639760972289517,0.931554914309481,0.3439576865576855,0.7330001072226232,0.658661354939767,0.931554914309481
Bridge-Middle_3-12,..\data\processed\wet\Bridge-Middle_3-12_v4.wav,0.8209810172991409,0.3399631553432777,3.4566372420534828,0.8983864665840349,0.8209810172991409,0.566605258905463,0.6570304982341073,0.8983864665840349
Bridge-Middle_3-13,..\data\processed\wet\Bridge-Middle_3-13_v0.wav,0.3995187845869348,0.1960768235146664,0.5486498763583836,0.8265510741914642,0.3995187845869348,0.3267947058577773,0.0108110836351963,0.8265510741914642
Bridge-Middle_3-13,..\data\processed\wet\Bridge-Middle_3-13_v1.wav,0.8009807004033649,0.0626727108600908,3.095858215097151,0.4639816981668874,0.8009807004033649,0.1044545181001513,0.5768573811327002,0.4639816981668874
Bridge-Middle_3-13,..\data\processed\wet\Bridge-Middle_3-13_v2.wav,0.1187090955091114,0.5883409362364341,1.4661314935850995,0.0672341800905611,0.1187090955091114,0.9805682270607236,0.2146958874633554,0.0672341800905611
Bridge-Middle_3-13,..\data\processed\wet\Bridge-Middle_3-13_v3.wav,0.5948473795019096,0.4433200062798196,0.6459955072123413,0.6587176387270222,0.5948473795019096,0.7388666771330327,0.0324434460471869,0.6587176387270222
Bridge-Middle_3-13,..\data\processed\wet\Bridge-Middle_3-13_v4.wav,0.5322918759514544,0.061959005325029,1.2763574462586291,0.5679742973160805,0.5322918759514544,0.1032650088750484,0.172523876946362,0.5679742973160805
Bridge-Middle_3-14,..\data\processed\wet\Bridge-Middle_3-14_v0.wav,0.2963576135132884,0.5629894371907896,4.184331032678228,0.983567206513663,0.2963576135132884,0.938315728651316,0.8187402294840508,0.983567206513663
Bridge-Middle_3-14,..\data\processed\wet\Bridge-Middle_3-14_v1.wav,0.259670838950414,0.5818341796787861,2.4405524140620103,0.3475187953137546,0.259670838950414,0.9697236327979768,0.4312338697915578,0.3475187953137546
Bridge-Middle_3-14,..\data\processed\wet\Bridge-Middle_3-14_v2.wav,0.0503495269693532,0.0316591547157615,3.614050651759946,0.4579289944340279,0.0503495269693532,0.0527652578596026,0.6920112559466547,0.4579289944340279
Bridge-Middle_3-14,..\data\processed\wet\Bridge-Middle_3-14_v3.wav,0.2265216260361057,0.3683821837951396,1.6378615321255003,0.5776317543444226,0.2265216260361057,0.6139703063252326,0.2528581182501112,0.5776317543444226
Bridge-Middle_3-14,..\data\processed\wet\Bridge-Middle_3-14_v4.wav,0.3592087469826903,0.4941313359670914,4.193132723450507,0.4773503981224013,0.3592087469826903,0.823552226611819,0.8206961607667793,0.4773503981224013
Bridge-Middle_3-15,..\data\processed\wet\Bridge-Middle_3-15_v0.wav,0.3508191093350156,0.2175358779354567,4.125715365506981,0.328179482797612,0.3508191093350156,0.3625597965590945,0.8057145256682179,0.328179482797612
Bridge-Middle_3-15,..\data\processed\wet\Bridge-Middle_3-15_v1.wav,0.209059373706846,0.050813005125184,2.600119043979838,0.4821320989198419,0.209059373706846,0.0846883418753068,0.4666931208844084,0.4821320989198419
Bridge-Middle_3-15,..\data\processed\wet\Bridge-Middle_3-15_v2.wav,0.8409087104029072,0.1327432178676383,2.2144607315077995,0.8084057388936909,0.8409087104029072,0.2212386964460639,0.3809912736683999,0.8084057388936909
Bridge-Middle_3-15,..\data\processed\wet\Bridge-Middle_3-15_v3.wav,0.8236236107489735,0.2307666455872609,2.566058104790064,0.3032858908492829,0.8236236107489735,0.3846110759787682,0.4591240232866809,0.3032858908492829
Bridge-Middle_3-15,..\data\processed\wet\Bridge-Middle_3-15_v4.wav,0.932554878419312,0.0711862594449481,4.701872403506615,0.6838664518353432,0.932554878419312,0.1186437657415803,0.93374942300147,0.6838664518353432
Bridge-Middle_3-17,..\data\processed\wet\Bridge-Middle_3-17_v0.wav,0.8146710047099892,0.3670986120619328,2.180560753097174,0.2553363737632441,0.8146710047099892,0.6118310201032214,0.3734579451327053,0.2553363737632441
Bridge-Middle_3-17,..\data\processed\wet\Bridge-Middle_3-17_v1.wav,0.1058743182131293,0.2129386100919324,2.359276327434738,0.6758229251040736,0.1058743182131293,0.354897683486554,0.4131725172077195,0.6758229251040736
Bridge-Middle_3-17,..\data\processed\wet\Bridge-Middle_3-17_v2.wav,0.6581598242975735,0.0420648837847541,2.27866691944021,0.1817788672173619,0.6581598242975735,0.0701081396412569,0.3952593154311578,0.1817788672173619
Bridge-Middle_3-17,..\data\processed\wet\Bridge-Middle_3-17_v3.wav,0.1568127053168057,0.4963812898423475,0.6886184752231589,0.4191828759021213,0.1568127053168057,0.8273021497372459,0.0419152167162575,0.4191828759021213
Bridge-Middle_3-17,..\data\processed\wet\Bridge-Middle_3-17_v4.wav,0.1682036557665182,0.5275981294070844,3.0066823097376583,0.231380636376848,0.1682036557665182,0.879330215678474,0.5570405132750351,0.231380636376848
Bridge-Middle_3-18,..\data\processed\wet\Bridge-Middle_3-18_v0.wav,0.5024272871663764,0.4388918158218695,4.811531040137452,0.2204460042454189,0.5024272871663764,0.7314863597031158,0.9581180089194338,0.2204460042454189
Bridge-Middle_3-18,..\data\processed\wet\Bridge-Middle_3-18_v1.wav,0.8861817721293451,0.5605824685004941,4.623892450394298,0.6354143568619098,0.8861817721293451,0.9343041141674902,0.9164205445320665,0.6354143568619098
Bridge-Middle_3-18,..\data\processed\wet\Bridge-Middle_3-18_v2.wav,0.6298206544347077,0.2419263799102936,3.885790470367045,0.5312940183509319,0.6298206544347077,0.4032106331838228,0.7523978823037879,0.5312940183509319
Bridge-Middle_3-18,..\data\processed\wet\Bridge-Middle_3-18_v3.wav,0.6774380712282945,0.2570747423092772,3.7917340881941257,0.8244715176045491,0.6774380712282945,0.4284579038487954,0.7314964640431391,0.8244715176045491
Bridge-Middle_3-18,..\data\processed\wet\Bridge-Middle_3-18_v4.wav,0.1464362566028161,0.4997578293445368,2.9313343930563827,0.8446659090902243,0.1464362566028161,0.832929715574228,0.5402965317903072,0.8446659090902243
Bridge-Middle_3-19,..\data\processed\wet\Bridge-Middle_3-19_v0.wav,0.4313017063410146,0.227424291229821,4.617773296327501,0.2511692675484013,0.4313017063410146,0.379040485383035,0.9150607325172224,0.2511692675484013
Bridge-Middle_3-19,..\data\processed\wet\Bridge-Middle_3-19_v1.wav,0.8442123252861431,0.2904123435056424,2.813429491480669,0.308468281489484,0.8442123252861431,0.484020572509404,0.5140954425512597,0.308468281489484
Bridge-Middle_3-19,..\data\processed\wet\Bridge-Middle_3-19_v2.wav,0.5730422006190157,0.1951267177657268,0.6767123640874354,0.271998605344356,0.5730422006190157,0.3252111962762113,0.0392694142416523,0.271998605344356
Bridge-Middle_3-19,..\data\processed\wet\Bridge-Middle_3-19_v3.wav,0.0063790434065906,0.5870128722341139,4.845862444188864,0.395155297472305,0.0063790434065906,0.9783547870568564,0.9657472098197476,0.395155297472305
Bridge-Middle_3-19,..\data\processed\wet\Bridge-Middle_3-19_v4.wav,0.728370854339646,0.207483659046255,3.5199192068868923,0.8054300430459791,0.728370854339646,0.345806098410425,0.671093157085976,0.8054300430459791
Bridge-Middle_3-2,..\data\processed\wet\Bridge-Middle_3-2_v0.wav,0.9467562446922408,0.2401273655098031,4.024840923302214,0.2659284506321188,0.9467562446922408,0.400212275849672,0.7832979829560477,0.2659284506321188
Bridge-Middle_3-2,..\data\processed\wet\Bridge-Middle_3-2_v1.wav,0.9903323037936484,0.0154617592586106,3.215879629255044,0.6595059816513271,0.9903323037936484,0.0257695987643511,0.603528806501121,0.6595059816513271
Bridge-Middle_3-2,..\data\processed\wet\Bridge-Middle_3-2_v2.wav,0.6880455570741288,0.0722325472734534,4.723384025629087,0.1811832790500828,0.6880455570741288,0.120387578789089,0.9385297834731304,0.1811832790500828
Bridge-Middle_3-2,..\data\processed\wet\Bridge-Middle_3-2_v3.wav,0.6227534032398411,0.1336056474738509,1.882473876595719,0.5464585417281244,0.6227534032398411,0.2226760791230849,0.3072164170212709,0.5464585417281244
Bridge-Middle_3-2,..\data\processed\wet\Bridge-Middle_3-2_v4.wav,0.4171934185645765,0.0961353605859037,1.2692138108938174,0.4181447881627996,0.4171934185645765,0.1602256009765063,0.1709364024208483,0.4181447881627996
Bridge-Middle_3-20,..\data\processed\wet\Bridge-Middle_3-20_v0.wav,0.7572829782755007,0.5387787881086731,0.8785744801672228,0.393103907559401,0.7572829782755007,0.8979646468477885,0.0841276622593828,0.393103907559401
Bridge-Middle_3-20,..\data\processed\wet\Bridge-Middle_3-20_v1.wav,0.1002455637228766,0.0099554883795587,3.477734071897805,0.6024494419665878,0.1002455637228766,0.0165924806325978,0.6617186826439566,0.6024494419665878
Bridge-Middle_3-20,..\data\processed\wet\Bridge-Middle_3-20_v2.wav,0.1630191138148862,0.1402876998558384,0.6066848914003327,0.8349472056944037,0.1630191138148862,0.2338128330930641,0.0237077536445183,0.8349472056944037
Bridge-Middle_3-20,..\data\processed\wet\Bridge-Middle_3-20_v3.wav,0.9746905960485516,0.0812757220768144,1.5416384619438417,0.868409523946934,0.9746905960485516,0.1354595367946908,0.2314752137652981,0.868409523946934
Bridge-Middle_3-20,..\data\processed\wet\Bridge-Middle_3-20_v4.wav,0.9264637979561848,0.2517764296840862,0.7278011252108336,0.0393918336928194,0.9264637979561848,0.4196273828068103,0.0506224722690741,0.0393918336928194
Bridge-Middle_3-21,..\data\processed\wet\Bridge-Middle_3-21_v0.wav,0.5739498660690104,0.2357370653359074,0.6289359240994453,0.5832523923125568,0.5739498660690104,0.392895108893179,0.0286524275776545,0.5832523923125568
Bridge-Middle_3-21,..\data\processed\wet\Bridge-Middle_3-21_v1.wav,0.0113025365890224,0.4724231748895637,1.878947702165172,0.0402580030092321,0.0113025365890224,0.787371958149273,0.3064328227033716,0.0402580030092321
Bridge-Middle_3-21,..\data\processed\wet\Bridge-Middle_3-21_v2.wav,0.5883522209831533,0.2386106486598328,4.882101860107173,0.5441986625037022,0.5883522209831533,0.3976844144330547,0.9738004133571496,0.5441986625037022
Bridge-Middle_3-21,..\data\processed\wet\Bridge-Middle_3-21_v3.wav,0.2752391810370083,0.4256633187803848,1.721714011442201,0.9042432914075652,0.2752391810370083,0.7094388646339748,0.2714920025427113,0.9042432914075652
Bridge-Middle_3-21,..\data\processed\wet\Bridge-Middle_3-21_v4.wav,0.3747219705073764,0.3299211376657231,0.7275789672090298,0.4261212379522308,0.3747219705073764,0.5498685627762052,0.0505731038242288,0.4261212379522308
Bridge-Middle_3-3,..\data\processed\wet\Bridge-Middle_3-3_v0.wav,0.5719958782835928,0.4832593975799917,3.920724184055715,0.1538999046937736,0.5719958782835928,0.8054323292999863,0.760160929790159,0.1538999046937736
Bridge-Middle_3-3,..\data\processed\wet\Bridge-Middle_3-3_v1.wav,0.1492494697414739,0.160904620646948,2.124836268534668,0.4084555814084826,0.1492494697414739,0.2681743677449133,0.3610747263410372,0.4084555814084826
Bridge-Middle_3-3,..\data\processed\wet\Bridge-Middle_3-3_v2.wav,0.6796972168333453,0.0340082592995012,0.6560271690172987,0.391910562943909,0.6796972168333453,0.0566804321658354,0.0346727042260663,0.391910562943909
Bridge-Middle_3-3,..\data\processed\wet\Bridge-Middle_3-3_v3.wav,0.6971636921379805,0.1160612057738895,3.386770165653133,0.2598281379402994,0.6971636921379805,0.1934353429564825,0.6415044812562517,0.2598281379402994
Bridge-Middle_3-3,..\data\processed\wet\Bridge-Middle_3-3_v4.wav,0.8860861088135163,0.5374139665599699,1.8377924192659687,0.2299937539632405,0.8860861088135163,0.8956899442666165,0.2972872042813265,0.2299937539632405
Bridge-Middle_3-4,..\data\processed\wet\Bridge-Middle_3-4_v0.wav,0.4113039720662312,0.1443189511080892,3.5257272948126666,0.8260646845482855,0.4113039720662312,0.2405315851801487,0.6723838432917036,0.8260646845482855
Bridge-Middle_3-4,..\data\processed\wet\Bridge-Middle_3-4_v1.wav,0.673092130911217,0.4946102683496096,2.2864647299336336,0.1563169707088608,0.673092130911217,0.8243504472493495,0.3969921622074741,0.1563169707088608
Bridge-Middle_3-4,..\data\processed\wet\Bridge-Middle_3-4_v2.wav,0.7379509473975921,0.2162847030849323,3.5207187135310964,0.2706439419817656,0.7379509473975921,0.3604745051415539,0.6712708252291325,0.2706439419817656
Bridge-Middle_3-4,..\data\processed\wet\Bridge-Middle_3-4_v3.wav,0.0812296348066726,0.595549077292658,1.2029067856876967,0.988420993963481,0.0812296348066726,0.9925817954877636,0.1562015079305992,0.988420993963481
Bridge-Middle_3-4,..\data\processed\wet\Bridge-Middle_3-4_v4.wav,0.9772799325664472,0.4762908623448237,3.467403329368989,0.5778070502510847,0.9772799325664472,0.7938181039080396,0.6594229620819976,0.5778070502510847
Bridge-Middle_3-5,..\data\processed\wet\Bridge-Middle_3-5_v0.wav,0.8661015453778347,0.1736637129716927,2.6045654561819465,0.6193899693665019,0.8661015453778347,0.2894395216194879,0.467681212484877,0.6193899693665019
Bridge-Middle_3-5,..\data\processed\wet\Bridge-Middle_3-5_v1.wav,0.4111904758694911,0.2564918724541608,1.98628100375938,0.564231816684536,0.4111904758694911,0.427486454090268,0.3302846675020844,0.564231816684536
Bridge-Middle_3-5,..\data\processed\wet\Bridge-Middle_3-5_v2.wav,0.850574528015116,0.1209170268037877,4.704948674390487,0.6890876537482297,0.850574528015116,0.2015283780063128,0.9344330387534414,0.6890876537482297
Bridge-Middle_3-5,..\data\processed\wet\Bridge-Middle_3-5_v3.wav,0.8232732126800302,0.3337144155780069,4.007825156408286,0.0162003973394672,0.8232732126800302,0.5561906926300116,0.7795167014240635,0.0162003973394672
Bridge-Middle_3-5,..\data\processed\wet\Bridge-Middle_3-5_v4.wav,0.8183804247795352,0.0240833154512199,4.504610193632881,0.9919627472386432,0.8183804247795352,0.0401388590853665,0.8899133763628624,0.9919627472386432
Bridge-Middle_3-6,..\data\processed\wet\Bridge-Middle_3-6_v0.wav,0.2940674621767778,0.1261911337714762,3.944135137361183,0.2530263409202532,0.2940674621767778,0.2103185562857936,0.7653633638580407,0.2530263409202532
Bridge-Middle_3-6,..\data\processed\wet\Bridge-Middle_3-6_v1.wav,0.8655623831722035,0.061705555294486,1.0667983837071122,0.9791515551006156,0.8655623831722035,0.1028425921574767,0.1259551963793582,0.9791515551006156
Bridge-Middle_3-6,..\data\processed\wet\Bridge-Middle_3-6_v2.wav,0.6738388982700046,0.5081323346573716,1.959482198081831,0.6764837495206044,0.6738388982700046,0.8468872244289527,0.324329377351518,0.6764837495206044
Bridge-Middle_3-6,..\data\processed\wet\Bridge-Middle_3-6_v3.wav,0.5942418273085972,0.3618900720737681,3.571396067919747,0.5753591731290986,0.5942418273085972,0.603150120122947,0.6825324595377216,0.5753591731290986
Bridge-Middle_3-6,..\data\processed\wet\Bridge-Middle_3-6_v4.wav,0.4290623693026659,0.1655536166283281,3.958615989109409,0.2262724300031862,0.4290623693026659,0.2759226943805468,0.768581330913202,0.2262724300031862
Bridge-Middle_3-8,..\data\processed\wet\Bridge-Middle_3-8_v0.wav,0.631375326048251,0.2558390140809735,2.966653412276099,0.1746471858963295,0.631375326048251,0.4263983568016224,0.548145202728022,0.1746471858963295
Bridge-Middle_3-8,..\data\processed\wet\Bridge-Middle_3-8_v1.wav,0.2959320294366161,0.398294684911635,4.8438622563368,0.0504167736022092,0.2959320294366161,0.6638244748527251,0.9653027236304,0.0504167736022092
Bridge-Middle_3-8,..\data\processed\wet\Bridge-Middle_3-8_v2.wav,0.8903843208552661,0.3461287207867251,3.037638050400307,0.5002785352077603,0.8903843208552661,0.5768812013112085,0.5639195667556237,0.5002785352077603
Bridge-Middle_3-8,..\data\processed\wet\Bridge-Middle_3-8_v3.wav,0.0693940859041833,0.0539261110416964,3.2041040254658872,0.3409585714355583,0.0693940859041833,0.0898768517361606,0.6009120056590861,0.3409585714355583
Bridge-Middle_3-8,..\data\processed\wet\Bridge-Middle_3-8_v4.wav,0.9172680665776808,0.2439543224156833,1.144766564161885,0.714718833502036,0.9172680665776808,0.4065905373594722,0.143281458702641,0.714718833502036
Bridge-Middle_3-9,..\data\processed\wet\Bridge-Middle_3-9_v0.wav,0.2933534214410098,0.3152821844135359,3.640247534773265,0.9002641112020704,0.2933534214410098,0.5254703073558932,0.69783278550517,0.9002641112020704
Bridge-Middle_3-9,..\data\processed\wet\Bridge-Middle_3-9_v1.wav,0.7921911948016761,0.4058166407236344,3.558349320778146,0.9459246440320864,0.7921911948016761,0.6763610678727241,0.6796331823951436,0.9459246440320864
Bridge-Middle_3-9,..\data\processed\wet\Bridge-Middle_3-9_v2.wav,0.295824097496536,0.0006672565177124,1.7237955172918942,0.217891379626744,0.295824097496536,0.0011120941961874,0.2719545593981987,0.217891379626744
Bridge-Middle_3-9,..\data\processed\wet\Bridge-Middle_3-9_v3.wav,0.6618345851139982,0.3802269598593174,3.170576222171257,0.0162434432094537,0.6618345851139982,0.633711599765529,0.5934613827047238,0.0162434432094537
Bridge-Middle_3-9,..\data\processed\wet\Bridge-Middle_3-9_v4.wav,0.7287780544506475,0.1941182474912949,3.49275195052984,0.5565784285021533,0.7287780544506475,0.3235304124854915,0.6650559890066311,0.5565784285021533
Bridge-Middle_4-0,..\data\processed\wet\Bridge-Middle_4-0_v0.wav,0.3427309254279072,0.0807457602624646,0.9248850394721644,0.8315183331122236,0.3427309254279072,0.1345762671041077,0.0944188976604809,0.8315183331122236
Bridge-Middle_4-0,..\data\processed\wet\Bridge-Middle_4-0_v1.wav,0.918397542081558,0.3898728280585797,0.9654535168721752,0.4020272168882407,0.918397542081558,0.6497880467642996,0.1034341148604833,0.4020272168882407
Bridge-Middle_4-0,..\data\processed\wet\Bridge-Middle_4-0_v2.wav,0.7289392001051572,0.4678925304060408,1.031983800309899,3.071884538241587e-05,0.7289392001051572,0.7798208840100681,0.1182186222910886,3.071884538241587e-05
Bridge-Middle_4-0,..\data\processed\wet\Bridge-Middle_4-0_v3.wav,0.712137045880605,0.2139577055917233,1.645165992282171,0.0128974697895254,0.712137045880605,0.3565961759862056,0.2544813316182602,0.0128974697895254
Bridge-Middle_4-0,..\data\processed\wet\Bridge-Middle_4-0_v4.wav,0.5402994067614997,0.510690441255589,4.809342408226645,0.5657449506132892,0.5402994067614997,0.8511507354259817,0.957631646272588,0.5657449506132892
Bridge-Middle_4-15,..\data\processed\wet\Bridge-Middle_4-15_v0.wav,0.1626608151054851,0.440619405895331,1.439739209725655,0.0585653052845338,0.1626608151054851,0.7343656764922184,0.2088309354945899,0.0585653052845338
Bridge-Middle_4-15,..\data\processed\wet\Bridge-Middle_4-15_v1.wav,0.5523661378172343,0.357137839631641,4.423608775762275,0.5769816124176819,0.5523661378172343,0.5952297327194016,0.8719130612805055,0.5769816124176819
Bridge-Middle_4-15,..\data\processed\wet\Bridge-Middle_4-15_v2.wav,0.3454808537234457,0.4818071289157923,2.9312550193433946,0.0792802846311917,0.3454808537234457,0.8030118815263205,0.5402788931874211,0.0792802846311917
Bridge-Middle_4-15,..\data\processed\wet\Bridge-Middle_4-15_v3.wav,0.5658505603132467,0.5448111272529974,2.2834068147419924,0.2963258018998,0.5658505603132467,0.9080185454216624,0.3963126254982205,0.2963258018998
Bridge-Middle_4-15,..\data\processed\wet\Bridge-Middle_4-15_v4.wav,0.14346945701802,0.0908673131612144,2.447471679538185,0.5956798241615295,0.14346945701802,0.1514455219353573,0.4327714843418189,0.5956798241615295
Bridge-Middle_4-17,..\data\processed\wet\Bridge-Middle_4-17_v0.wav,0.5806452259096341,0.5615623489491357,3.525128092823876,0.481277951219237,0.5806452259096341,0.9359372482485596,0.6722506872941947,0.481277951219237
Bridge-Middle_4-17,..\data\processed\wet\Bridge-Middle_4-17_v1.wav,0.8096750362658893,0.5703196925726454,0.5992976690703088,0.9825212722560388,0.8096750362658893,0.9505328209544088,0.0220661486822908,0.9825212722560388
Bridge-Middle_4-17,..\data\processed\wet\Bridge-Middle_4-17_v2.wav,0.0861321390636803,0.4886320675612567,1.7615063864813565,0.1321796577538717,0.0861321390636803,0.8143867792687614,0.2803347525514125,0.1321796577538717
Bridge-Middle_4-17,..\data\processed\wet\Bridge-Middle_4-17_v3.wav,0.4398556397138349,0.3863739476685681,2.214283302605637,0.0545654082826989,0.4398556397138349,0.6439565794476135,0.380951845023475,0.0545654082826989
Bridge-Middle_4-17,..\data\processed\wet\Bridge-Middle_4-17_v4.wav,0.5994611396587166,0.5414419656664048,2.2244691467626327,0.216332777630827,0.5994611396587166,0.9024032761106748,0.3832153659472517,0.216332777630827
Bridge-Middle_4-18,..\data\processed\wet\Bridge-Middle_4-18_v0.wav,0.4425773459328154,0.0290176266292685,4.192194130161237,0.8263408109501867,0.4425773459328154,0.0483627110487808,0.8204875844802749,0.8263408109501867
Bridge-Middle_4-18,..\data\processed\wet\Bridge-Middle_4-18_v1.wav,0.5880004634296284,0.2118617333630336,4.099025140006026,0.5546870247883672,0.5880004634296284,0.3531028889383895,0.7997833644457835,0.5546870247883672
Bridge-Middle_4-18,..\data\processed\wet\Bridge-Middle_4-18_v2.wav,0.8259323085500162,0.3788752755498124,4.029824629457588,0.59856299321776,0.8259323085500162,0.6314587925830206,0.7844054732127973,0.59856299321776
Bridge-Middle_4-18,..\data\processed\wet\Bridge-Middle_4-18_v3.wav,0.4141410682156662,0.5747675159556825,2.935012211954801,0.6050895185405384,0.4141410682156662,0.9579458599261376,0.5411138248788447,0.6050895185405384
Bridge-Middle_4-18,..\data\processed\wet\Bridge-Middle_4-18_v4.wav,0.2204876394147492,0.3753904736563658,3.0722344226732474,0.1848383979470249,0.2204876394147492,0.6256507894272765,0.5716076494829438,0.1848383979470249
Bridge-Middle_4-2,..\data\processed\wet\Bridge-Middle_4-2_v0.wav,0.0620414169565542,0.0426934073267458,3.0823963235469334,0.566018424887821,0.0620414169565542,0.0711556788779097,0.5738658496770963,0.566018424887821
Bridge-Middle_4-2,..\data\processed\wet\Bridge-Middle_4-2_v1.wav,0.878033512844457,0.3347242053960439,4.8190595918218255,0.0486948483999297,0.878033512844457,0.5578736756600732,0.95979102040485,0.0486948483999297
Bridge-Middle_4-2,..\data\processed\wet\Bridge-Middle_4-2_v2.wav,0.098007684780741,0.0264395169422288,1.33374582650093,0.5412701109416781,0.098007684780741,0.0440658615703813,0.18527685033354,0.5412701109416781
Bridge-Middle_4-2,..\data\processed\wet\Bridge-Middle_4-2_v3.wav,0.645572181427428,0.0273510947692012,4.756869004305197,0.842165376650381,0.645572181427428,0.0455851579486688,0.9459708898455994,0.842165376650381
Bridge-Middle_4-2,..\data\processed\wet\Bridge-Middle_4-2_v4.wav,0.2966124821570931,0.0463125181358807,1.2644918294857577,0.1269444137549726,0.2966124821570931,0.0771875302264679,0.1698870732190572,0.1269444137549726
Bridge-Middle_4-21,..\data\processed\wet\Bridge-Middle_4-21_v0.wav,0.0984241891013687,0.5740322603336099,3.1971187626897453,0.7286562842366027,0.0984241891013687,0.9567204338893498,0.5993597250421656,0.7286562842366027
Bridge-Middle_4-21,..\data\processed\wet\Bridge-Middle_4-21_v1.wav,0.3153637432661175,0.2358882776964091,1.5661579725352557,0.0969656709654247,0.3153637432661175,0.3931471294940152,0.2369239938967234,0.0969656709654247
Bridge-Middle_4-21,..\data\processed\wet\Bridge-Middle_4-21_v2.wav,0.1790316374415838,0.4785084271778915,3.5489561233269917,0.5469288759854769,0.1790316374415838,0.7975140452964858,0.6775458051837758,0.5469288759854769
Bridge-Middle_4-21,..\data\processed\wet\Bridge-Middle_4-21_v3.wav,0.475089872866768,0.5534605701936747,0.8273072650040079,0.2806008132379159,0.475089872866768,0.9224342836561245,0.0727349477786684,0.2806008132379159
Bridge-Middle_4-21,..\data\processed\wet\Bridge-Middle_4-21_v4.wav,0.349937853570714,0.4694554873276726,4.966315790728871,0.240670514757153,0.349937853570714,0.7824258122127878,0.9925146201619712,0.240670514757153
Bridge-Middle_4-22,..\data\processed\wet\Bridge-Middle_4-22_v0.wav,0.8743073341370806,0.4983736562590747,1.5109582893879498,0.3993325801992226,0.8743073341370806,0.8306227604317913,0.2246573976417666,0.3993325801992226
Bridge-Middle_4-22,..\data\processed\wet\Bridge-Middle_4-22_v1.wav,0.4096728692925191,0.5869324011159349,1.3140135562050426,0.799157971104782,0.4096728692925191,0.9782206685265582,0.1808919013788983,0.799157971104782
Bridge-Middle_4-22,..\data\processed\wet\Bridge-Middle_4-22_v2.wav,0.3341927141731099,0.4385222074656962,2.390049519330483,0.57835976311654,0.3341927141731099,0.7308703457761604,0.4200110042956628,0.57835976311654
Bridge-Middle_4-22,..\data\processed\wet\Bridge-Middle_4-22_v3.wav,0.8326117733261311,0.4824993389903305,4.398904325928651,0.059617325344659,0.8326117733261311,0.8041655649838841,0.8664231835397003,0.059617325344659
Bridge-Middle_4-22,..\data\processed\wet\Bridge-Middle_4-22_v4.wav,0.6920505530397448,0.0839924260330577,2.3711835560828494,0.5485884150546885,0.6920505530397448,0.1399873767217628,0.415818568018411,0.5485884150546885
Bridge-Middle_4-4,..\data\processed\wet\Bridge-Middle_4-4_v0.wav,0.16145783406424,0.2830439025110634,2.9906229929443247,0.5702869387313905,0.16145783406424,0.471739837518439,0.5534717762098499,0.5702869387313905
Bridge-Middle_4-4,..\data\processed\wet\Bridge-Middle_4-4_v1.wav,0.2101071929123518,0.445362835351372,0.6133959266948134,0.3548318555431626,0.2101071929123518,0.7422713922522868,0.0251990948210696,0.3548318555431626
Bridge-Middle_4-4,..\data\processed\wet\Bridge-Middle_4-4_v2.wav,0.7802126485356335,0.3383357526332414,1.675230946298871,0.6949531193430477,0.7802126485356335,0.5638929210554023,0.2611624325108602,0.6949531193430477
Bridge-Middle_4-4,..\data\processed\wet\Bridge-Middle_4-4_v3.wav,0.5673909441560734,0.4777461656738322,3.807613337854205,0.6101079220362347,0.5673909441560734,0.7962436094563872,0.7350251861898234,0.6101079220362347
Bridge-Middle_4-4,..\data\processed\wet\Bridge-Middle_4-4_v4.wav,0.488177675310814,0.079909275400514,1.675998580484227,0.4190994729170852,0.488177675310814,0.1331821256675234,0.2613330178853837,0.4190994729170852
Bridge-Middle_4-5,..\data\processed\wet\Bridge-Middle_4-5_v0.wav,0.5992992870063887,0.3082247131291828,1.7968303668178829,0.0064643577897105,0.5992992870063887,0.5137078552153048,0.2881845259595295,0.0064643577897105
Bridge-Middle_4-5,..\data\processed\wet\Bridge-Middle_4-5_v1.wav,0.4962392219008139,0.1713755931373458,3.805737353197408,0.0239462652704834,0.4962392219008139,0.2856259885622431,0.7346083007105351,0.0239462652704834
Bridge-Middle_4-5,..\data\processed\wet\Bridge-Middle_4-5_v2.wav,0.5848278113057909,0.5648845425036392,1.2848417020017475,0.4716494907505953,0.5848278113057909,0.9414742375060652,0.1744092671114995,0.4716494907505953
Bridge-Middle_4-5,..\data\processed\wet\Bridge-Middle_4-5_v3.wav,0.0914219918171381,0.3754091473568116,2.9773925626830158,0.4073655242128323,0.0914219918171381,0.6256819122613526,0.5505316805962256,0.4073655242128323
Bridge-Middle_4-5,..\data\processed\wet\Bridge-Middle_4-5_v4.wav,0.5213770214737412,0.5379447950814061,1.3833243603998016,0.0225645117053472,0.5213770214737412,0.8965746584690103,0.196294302311067,0.0225645117053472
Bridge-Middle_4-6,..\data\processed\wet\Bridge-Middle_4-6_v0.wav,0.861664884699101,0.3462702494327438,4.507963049578291,0.5969452234131726,0.861664884699101,0.5771170823879065,0.8906584554618424,0.5969452234131726
Bridge-Middle_4-6,..\data\processed\wet\Bridge-Middle_4-6_v1.wav,0.8101610899597025,0.2578040180130888,3.8743696907972094,0.913041466889856,0.8101610899597025,0.429673363355148,0.7498599312882688,0.913041466889856
Bridge-Middle_4-6,..\data\processed\wet\Bridge-Middle_4-6_v2.wav,0.5721229637222063,0.1084710903374277,1.7095892676358917,0.1986445768974057,0.5721229637222063,0.1807851505623795,0.2687976150301981,0.1986445768974057
Bridge-Middle_4-6,..\data\processed\wet\Bridge-Middle_4-6_v3.wav,0.2468570275957329,0.1838492696106218,2.998102040389348,0.5879916294638328,0.2468570275957329,0.3064154493510364,0.5551337867531885,0.5879916294638328
Bridge-Middle_4-6,..\data\processed\wet\Bridge-Middle_4-6_v4.wav,0.4264997472418611,0.3692524678925012,0.8670871652511467,0.0877882370581599,0.4264997472418611,0.6154207798208354,0.0815749256113659,0.0877882370581599
Bridge-Middle_4-8,..\data\processed\wet\Bridge-Middle_4-8_v0.wav,0.7201574609309402,0.1723327255230904,4.458885810324546,0.0492209145407616,0.7201574609309402,0.2872212092051508,0.8797524022943435,0.0492209145407616
Bridge-Middle_4-8,..\data\processed\wet\Bridge-Middle_4-8_v1.wav,0.2310808528744962,0.538431430478229,1.6528618149770973,0.2206510596217484,0.2310808528744962,0.897385717463715,0.2561915144393549,0.2206510596217484
Bridge-Middle_4-8,..\data\processed\wet\Bridge-Middle_4-8_v2.wav,0.1381252931402472,0.5154670545881499,2.75026216635989,0.6748932030541548,0.1381252931402472,0.8591117576469165,0.5000582591910867,0.6748932030541548
Bridge-Middle_4-8,..\data\processed\wet\Bridge-Middle_4-8_v3.wav,0.2390663840750296,0.4548242526067299,3.920024952329443,0.3125980249083001,0.2390663840750296,0.7580404210112165,0.7600055449620985,0.3125980249083001
Bridge-Middle_4-8,..\data\processed\wet\Bridge-Middle_4-8_v4.wav,0.4106826330102828,0.1258141664581205,4.8945246049530695,0.6456025770584116,0.4106826330102828,0.2096902774302008,0.9765610233229044,0.6456025770584116
Bridge-Middle_4-9,..\data\processed\wet\Bridge-Middle_4-9_v0.wav,0.9345438807155156,0.1820313261774798,4.018509108486004,0.765858643884742,0.9345438807155156,0.3033855436291331,0.7818909129968898,0.765858643884742
Bridge-Middle_4-9,..\data\processed\wet\Bridge-Middle_4-9_v1.wav,0.6916556518665415,0.5793833851600803,2.27099901247842,0.1307173235897573,0.6916556518665415,0.9656389752668004,0.3935553361063155,0.1307173235897573
Bridge-Middle_4-9,..\data\processed\wet\Bridge-Middle_4-9_v2.wav,0.6717088592440608,0.4375858802863236,3.087772580564666,0.2068178931333962,0.6717088592440608,0.7293098004772062,0.5750605734588147,0.2068178931333962
Bridge-Middle_4-9,..\data\processed\wet\Bridge-Middle_4-9_v3.wav,0.5044559416693554,0.1873138419414776,2.4235993767501007,0.6452185758446639,0.5044559416693554,0.3121897365691294,0.427466528166689,0.6452185758446639
Bridge-Middle_4-9,..\data\processed\wet\Bridge-Middle_4-9_v4.wav,0.7452147426908345,0.1393348145408058,2.32396412291129,0.2691615709916292,0.7452147426908345,0.2322246909013431,0.4053253606469533,0.2691615709916292
Bridge-Middle_5-0,..\data\processed\wet\Bridge-Middle_5-0_v0.wav,0.1986316138618691,0.470032331997503,4.591637124966466,0.3702321856845767,0.1986316138618691,0.7833872199958384,0.9092526944369924,0.3702321856845767
Bridge-Middle_5-0,..\data\processed\wet\Bridge-Middle_5-0_v1.wav,0.7512789243737669,0.5381971736186466,4.307558947386042,0.1828133885392259,0.7512789243737669,0.8969952893644111,0.8461242105302316,0.1828133885392259
Bridge-Middle_5-0,..\data\processed\wet\Bridge-Middle_5-0_v2.wav,0.9562918815133612,0.2260058642576774,2.0265829752822637,0.0624313272777803,0.9562918815133612,0.3766764404294624,0.3392406611738363,0.0624313272777803
Bridge-Middle_5-0,..\data\processed\wet\Bridge-Middle_5-0_v3.wav,0.486173654104883,0.0654081693845572,1.618429194173417,0.3169426217672814,0.486173654104883,0.1090136156409287,0.248539820927426,0.3169426217672814
Bridge-Middle_5-0,..\data\processed\wet\Bridge-Middle_5-0_v4.wav,0.808826323491684,0.5252931902375378,1.8610984285766132,0.8586981212445739,0.808826323491684,0.8754886503958964,0.3024663174614697,0.8586981212445739
Bridge-Middle_5-10,..\data\processed\wet\Bridge-Middle_5-10_v0.wav,0.94574970222593,0.1877517288172935,4.363279045481995,0.131686903436207,0.94574970222593,0.3129195480288226,0.8585064545515545,0.131686903436207
Bridge-Middle_5-10,..\data\processed\wet\Bridge-Middle_5-10_v1.wav,0.7050409063535927,0.4451866377083915,3.549754585405942,0.252314736135153,0.7050409063535927,0.7419777295139859,0.6777232412013204,0.252314736135153
Bridge-Middle_5-10,..\data\processed\wet\Bridge-Middle_5-10_v2.wav,0.8730431470152034,0.101315078022237,0.7413565618437388,0.7174649906119122,0.8730431470152034,0.168858463370395,0.0536347915208308,0.7174649906119122
Bridge-Middle_5-10,..\data\processed\wet\Bridge-Middle_5-10_v3.wav,0.4754757152327337,0.5094588119752056,2.225287134762165,0.1682785885077128,0.4754757152327337,0.8490980199586761,0.3833971410582589,0.1682785885077128
Bridge-Middle_5-10,..\data\processed\wet\Bridge-Middle_5-10_v4.wav,0.8364421924698697,0.329345778984043,1.351381065756597,0.7203839985864458,0.8364421924698697,0.5489096316400717,0.1891957923903549,0.7203839985864458
Bridge-Middle_5-11,..\data\processed\wet\Bridge-Middle_5-11_v0.wav,0.5111136384895005,0.3625877893441919,2.5740425219296186,0.8287089838180064,0.5111136384895005,0.6043129822403198,0.4608983382065819,0.8287089838180064
Bridge-Middle_5-11,..\data\processed\wet\Bridge-Middle_5-11_v1.wav,0.8295627156830498,0.4256332930946317,0.9743061982840802,0.8388538619040689,0.8295627156830498,0.7093888218243862,0.1054013773964622,0.8388538619040689
Bridge-Middle_5-11,..\data\processed\wet\Bridge-Middle_5-11_v2.wav,0.6710129805329098,0.4182144996025796,2.1334227818174223,0.8792795561570067,0.6710129805329098,0.6970241660042995,0.3629828404038716,0.8792795561570067
Bridge-Middle_5-11,..\data\processed\wet\Bridge-Middle_5-11_v3.wav,0.7253716002348575,0.0675542799175166,2.335001154827732,0.8863803619601417,0.7253716002348575,0.1125904665291944,0.4077780344061626,0.8863803619601417
Bridge-Middle_5-11,..\data\processed\wet\Bridge-Middle_5-11_v4.wav,0.0471967016973789,0.5768499717852297,3.5562315574380325,0.6313759776433766,0.0471967016973789,0.9614166196420496,0.6791625683195628,0.6313759776433766
Bridge-Middle_5-12,..\data\processed\wet\Bridge-Middle_5-12_v0.wav,0.2705592564879914,0.1492750732435062,4.739261987698679,0.2982724542341227,0.2705592564879914,0.248791788739177,0.9420582194885954,0.2982724542341227
Bridge-Middle_5-12,..\data\processed\wet\Bridge-Middle_5-12_v1.wav,0.7755052967189994,0.2358730789242474,1.126643318531168,0.0107152976953589,0.7755052967189994,0.3931217982070791,0.1392540707847039,0.0107152976953589
Bridge-Middle_5-12,..\data\processed\wet\Bridge-Middle_5-12_v2.wav,0.5442573370152508,0.5854672911293596,2.16111287214142,0.3571923339930448,0.5442573370152508,0.9757788185489328,0.3691361938092045,0.3571923339930448
Bridge-Middle_5-12,..\data\processed\wet\Bridge-Middle_5-12_v3.wav,0.3440916178494421,0.312326302382915,2.482991975409321,0.8799146267270145,0.3440916178494421,0.5205438373048584,0.4406648834242935,0.8799146267270145
Bridge-Middle_5-12,..\data\processed\wet\Bridge-Middle_5-12_v4.wav,0.5055207917234903,0.3046547029131413,1.1226721762425047,0.982739540910386,0.5055207917234903,0.5077578381885688,0.1383715947205566,0.982739540910386
Bridge-Middle_5-14,..\data\processed\wet\Bridge-Middle_5-14_v0.wav,0.3450168399245661,0.0328396241549915,1.41908947865793,0.4186951433276842,0.3450168399245661,0.0547327069249858,0.2042421063684288,0.4186951433276842
Bridge-Middle_5-14,..\data\processed\wet\Bridge-Middle_5-14_v1.wav,0.219634928594569,0.0001362229309533,4.617506919863873,0.843879411230929,0.219634928594569,0.0002270382182555,0.9150015377475272,0.843879411230929
Bridge-Middle_5-14,..\data\processed\wet\Bridge-Middle_5-14_v2.wav,0.7422922314869471,0.1006887573876171,1.0416360929449373,0.0676047494723831,0.7422922314869471,0.1678145956460286,0.120363576209986,0.0676047494723831
Bridge-Middle_5-14,..\data\processed\wet\Bridge-Middle_5-14_v3.wav,0.7240291887729212,0.5572847764127311,2.4374111941086665,0.1191406719960481,0.7240291887729212,0.9288079606878852,0.430535820913037,0.1191406719960481
Bridge-Middle_5-14,..\data\processed\wet\Bridge-Middle_5-14_v4.wav,0.5123928207321066,0.209299144475178,2.1867121595749897,0.6213306241557073,0.5123928207321066,0.3488319074586301,0.3748249243499977,0.6213306241557073
Bridge-Middle_5-15,..\data\processed\wet\Bridge-Middle_5-15_v0.wav,0.7187181132622024,0.0663621593238965,0.6601560386291437,0.9943303026857148,0.7187181132622024,0.1106035988731608,0.0355902308064763,0.9943303026857148
Bridge-Middle_5-15,..\data\processed\wet\Bridge-Middle_5-15_v1.wav,0.2327283489155518,0.0322983149450754,1.35443898093164,0.0389578463484642,0.2327283489155518,0.053830524908459,0.1898753290959199,0.0389578463484642
Bridge-Middle_5-15,..\data\processed\wet\Bridge-Middle_5-15_v2.wav,0.3918108946171716,0.4814410706707945,2.0356000239097427,0.4441834068783665,0.3918108946171716,0.8024017844513243,0.3412444497577206,0.4441834068783665
Bridge-Middle_5-15,..\data\processed\wet\Bridge-Middle_5-15_v3.wav,0.6755867735674388,0.3053364420419281,4.376505587095959,0.8660356750457565,0.6755867735674388,0.5088940700698802,0.8614456860213243,0.8660356750457565
Bridge-Middle_5-15,..\data\processed\wet\Bridge-Middle_5-15_v4.wav,0.0099106954911536,0.4668277838899194,2.573301201087532,0.9888405413036632,0.0099106954911536,0.7780463064831992,0.4607336002416738,0.9888405413036632
Bridge-Middle_5-16,..\data\processed\wet\Bridge-Middle_5-16_v0.wav,0.4832320758754351,0.5921375672329785,3.895562125425815,0.2486048846133063,0.4832320758754351,0.9868959453882976,0.7545693612057366,0.2486048846133063
Bridge-Middle_5-16,..\data\processed\wet\Bridge-Middle_5-16_v1.wav,0.5383949792869577,0.5952813836871497,4.358887734883657,0.0973668937912211,0.5383949792869577,0.9921356394785829,0.8575306077519238,0.0973668937912211
Bridge-Middle_5-16,..\data\processed\wet\Bridge-Middle_5-16_v2.wav,0.7063719968099961,0.2073477515224878,0.5314201784615665,0.4034809690269996,0.7063719968099961,0.345579585870813,0.0069822618803481,0.4034809690269996
Bridge-Middle_5-16,..\data\processed\wet\Bridge-Middle_5-16_v3.wav,0.2347544217249713,0.4913215623122829,2.0179877398059447,0.8275236939538171,0.2347544217249713,0.8188692705204715,0.3373306088457655,0.8275236939538171
Bridge-Middle_5-16,..\data\processed\wet\Bridge-Middle_5-16_v4.wav,0.0005979388347953,0.1846914900156714,1.5852434643849287,0.2335673610686109,0.0005979388347953,0.3078191500261191,0.2411652143077619,0.2335673610686109
Bridge-Middle_5-17,..\data\processed\wet\Bridge-Middle_5-17_v0.wav,0.0681866197654627,0.112274562246301,2.9999730644852893,0.2913610728377445,0.0681866197654627,0.1871242704105017,0.5555495698856199,0.2913610728377445
Bridge-Middle_5-17,..\data\processed\wet\Bridge-Middle_5-17_v1.wav,0.4173947823291479,0.2261201282083131,4.441572162499526,0.9052989990105156,0.4173947823291479,0.3768668803471885,0.8759049249998946,0.9052989990105156
Bridge-Middle_5-17,..\data\processed\wet\Bridge-Middle_5-17_v2.wav,0.49295697165586,0.1980935701893626,0.9806031680106364,0.953402879382095,0.49295697165586,0.3301559503156044,0.1068007040023636,0.953402879382095
Bridge-Middle_5-17,..\data\processed\wet\Bridge-Middle_5-17_v3.wav,0.0602269449002974,0.1785901665409682,1.841297905265019,0.3204012861402149,0.0602269449002974,0.2976502775682804,0.2980662011700041,0.3204012861402149
Bridge-Middle_5-17,..\data\processed\wet\Bridge-Middle_5-17_v4.wav,0.1642868432724092,0.4698968585542182,1.0512403788469515,0.6349066591531628,0.1642868432724092,0.7831614309236972,0.1224978619659892,0.6349066591531628
Bridge-Middle_5-18,..\data\processed\wet\Bridge-Middle_5-18_v0.wav,0.1238460267058174,0.0423213825557739,4.592432766586445,0.1901287663187056,0.1238460267058174,0.0705356375929565,0.9094295036858766,0.1901287663187056
Bridge-Middle_5-18,..\data\processed\wet\Bridge-Middle_5-18_v1.wav,0.8212501545597043,0.3267785226642815,0.8503543382394632,0.9554481914380676,0.8212501545597043,0.5446308711071358,0.0778565196087695,0.9554481914380676
Bridge-Middle_5-18,..\data\processed\wet\Bridge-Middle_5-18_v2.wav,0.2469611669918925,0.5157872072115639,1.2596450260305387,0.8539428821418529,0.2469611669918925,0.8596453453526065,0.1688100057845641,0.8539428821418529
Bridge-Middle_5-18,..\data\processed\wet\Bridge-Middle_5-18_v3.wav,0.0132288129052939,0.3070682739416884,3.9624916073970056,0.9347955174927832,0.0132288129052939,0.5117804565694807,0.7694425794215568,0.9347955174927832
Bridge-Middle_5-18,..\data\processed\wet\Bridge-Middle_5-18_v4.wav,0.909202136206487,0.4917749217285869,4.496861073475868,0.1992196858370765,0.909202136206487,0.8196248695476449,0.888191349661304,0.1992196858370765
Bridge-Middle_5-19,..\data\processed\wet\Bridge-Middle_5-19_v0.wav,0.2841842957117287,0.1733811149526351,2.1967426895076447,0.3933206703851887,0.2841842957117287,0.2889685249210585,0.3770539310016988,0.3933206703851887
Bridge-Middle_5-19,..\data\processed\wet\Bridge-Middle_5-19_v1.wav,0.5445553246546755,0.0959278580198648,3.610609987036952,0.1675665393045065,0.5445553246546755,0.1598797633664413,0.6912466637859893,0.1675665393045065
Bridge-Middle_5-19,..\data\processed\wet\Bridge-Middle_5-19_v2.wav,0.3103084821045475,0.3020070783636924,4.083982526855648,0.7394692332387273,0.3103084821045475,0.503345130606154,0.7964405615234773,0.7394692332387273
Bridge-Middle_5-19,..\data\processed\wet\Bridge-Middle_5-19_v3.wav,0.6455343564105223,0.093463956348102,2.9617040552701,0.0874465017998854,0.6455343564105223,0.1557732605801701,0.5470453456155777,0.0874465017998854
Bridge-Middle_5-19,..\data\processed\wet\Bridge-Middle_5-19_v4.wav,0.3773631767966507,0.2481099181739754,0.6791514775058922,0.2739880994699718,0.3773631767966507,0.4135165302899591,0.0398114394457538,0.2739880994699718
Bridge-Middle_5-2,..\data\processed\wet\Bridge-Middle_5-2_v0.wav,0.9556494672664894,0.5721795646978137,2.0854717441364268,0.043100108948324,0.9556494672664894,0.9536326078296896,0.3523270542525393,0.043100108948324
Bridge-Middle_5-2,..\data\processed\wet\Bridge-Middle_5-2_v1.wav,0.1790949393281815,0.235330676060124,4.765008640861534,0.1411990635371849,0.1790949393281815,0.3922177934335401,0.94777969796923,0.1411990635371849
Bridge-Middle_5-2,..\data\processed\wet\Bridge-Middle_5-2_v2.wav,0.7635158436682122,0.0652095236248152,4.915659098260746,0.381616499109135,0.7635158436682122,0.108682539374692,0.9812575773912768,0.381616499109135
Bridge-Middle_5-2,..\data\processed\wet\Bridge-Middle_5-2_v3.wav,0.775234538899056,0.205554649686679,3.324509947214639,0.1920160847400367,0.775234538899056,0.3425910828111318,0.6276688771588087,0.1920160847400367
Bridge-Middle_5-2,..\data\processed\wet\Bridge-Middle_5-2_v4.wav,0.1460210192969625,0.5628384837408787,4.629412750569951,0.8874689402128824,0.1460210192969625,0.9380641395681312,0.9176472779044336,0.8874689402128824
Bridge-Middle_5-20,..\data\processed\wet\Bridge-Middle_5-20_v0.wav,0.6254334501665935,0.4849609267297669,0.810666216101187,0.3347890418906791,0.6254334501665935,0.8082682112162782,0.0690369369113749,0.3347890418906791
Bridge-Middle_5-20,..\data\processed\wet\Bridge-Middle_5-20_v1.wav,0.3137031247571562,0.3813871931715679,2.1018099806178823,0.1485067816436808,0.3137031247571562,0.6356453219526133,0.3559577734706405,0.1485067816436808
Bridge-Middle_5-20,..\data\processed\wet\Bridge-Middle_5-20_v2.wav,0.5964670754135437,0.4886303524014488,2.2195557250698794,0.1322687150984817,0.5964670754135437,0.8143839206690815,0.3821234944599732,0.1322687150984817
Bridge-Middle_5-20,..\data\processed\wet\Bridge-Middle_5-20_v3.wav,0.196688197312823,0.1424899831016303,1.849539168475413,0.6427950705063091,0.196688197312823,0.2374833051693839,0.2998975929945362,0.6427950705063091
Bridge-Middle_5-20,..\data\processed\wet\Bridge-Middle_5-20_v4.wav,0.600945484537719,0.4176479169402234,2.131258930391809,0.8239976518799783,0.600945484537719,0.6960798615670392,0.3625019845315131,0.8239976518799783
Bridge-Middle_5-22,..\data\processed\wet\Bridge-Middle_5-22_v0.wav,0.0060470431839784,0.2903161313185868,1.0546135615964816,0.3076790894779485,0.0060470431839784,0.4838602188643114,0.1232474581325514,0.3076790894779485
Bridge-Middle_5-22,..\data\processed\wet\Bridge-Middle_5-22_v1.wav,0.9260595598182656,0.0970167319643921,4.846245438732497,0.2057943769894217,0.9260595598182656,0.1616945532739868,0.9658323197183328,0.2057943769894217
Bridge-Middle_5-22,..\data\processed\wet\Bridge-Middle_5-22_v2.wav,0.7415661084668296,0.328006358938387,4.480154274185416,0.5539932555031309,0.7415661084668296,0.5466772648973117,0.8844787275967592,0.5539932555031309
Bridge-Middle_5-22,..\data\processed\wet\Bridge-Middle_5-22_v3.wav,0.5345592191563087,0.1172748002210399,1.2480321292324643,0.9164891511155142,0.5345592191563087,0.1954580003683999,0.1662293620516587,0.9164891511155142
Bridge-Middle_5-22,..\data\processed\wet\Bridge-Middle_5-22_v4.wav,0.327838198850034,0.2232493529777375,3.919206462927748,0.3388234824228073,0.327838198850034,0.3720822549628959,0.7598236584283884,0.3388234824228073
Bridge-Middle_5-3,..\data\processed\wet\Bridge-Middle_5-3_v0.wav,0.9520624466390027,0.4427566613992801,3.18843159158039,0.8808951605447525,0.9520624466390027,0.7379277689988003,0.59742924257342,0.8808951605447525
Bridge-Middle_5-3,..\data\processed\wet\Bridge-Middle_5-3_v1.wav,0.0496059083494827,0.1542376153135252,2.592663503994095,0.226978539471521,0.0496059083494827,0.2570626921892087,0.4650363342209099,0.226978539471521
Bridge-Middle_5-3,..\data\processed\wet\Bridge-Middle_5-3_v2.wav,0.7439051873021519,0.5515248186322351,2.406965539689155,0.3421326001118949,0.7439051873021519,0.9192080310537252,0.4237701199309234,0.3421326001118949
Bridge-Middle_5-3,..\data\processed\wet\Bridge-Middle_5-3_v3.wav,0.9615507321375664,0.2669114596965244,2.7007178020217744,0.3516498723419053,0.9615507321375664,0.4448524328275408,0.4890484004492832,0.3516498723419053
Bridge-Middle_5-3,..\data\processed\wet\Bridge-Middle_5-3_v4.wav,0.9095484730121384,0.3413732899691104,3.929785642317401,0.8118067183508864,0.9095484730121384,0.5689554832818507,0.7621745871816447,0.8118067183508864
Bridge-Middle_5-8,..\data\processed\wet\Bridge-Middle_5-8_v0.wav,0.6669274474586807,0.2612377940398508,4.78904051477362,0.7192452005758319,0.6669274474586807,0.4353963233997515,0.9531201143941378,0.7192452005758319
Bridge-Middle_5-8,..\data\processed\wet\Bridge-Middle_5-8_v1.wav,0.93016520286255,0.3165527839632994,1.6650692365691282,0.0528266863647219,0.93016520286255,0.5275879732721657,0.2589042747931396,0.0528266863647219
Bridge-Middle_5-8,..\data\processed\wet\Bridge-Middle_5-8_v2.wav,0.7260848514838505,0.0727817988033204,1.8624880772238523,0.5324709078838974,0.7260848514838505,0.1213029980055341,0.3027751282719672,0.5324709078838974
Bridge-Middle_5-8,..\data\processed\wet\Bridge-Middle_5-8_v3.wav,0.5644165877797477,0.3603499181922816,1.2481489865736528,0.3797374048216487,0.5644165877797477,0.600583196987136,0.1662553303497006,0.3797374048216487
Bridge-Middle_5-8,..\data\processed\wet\Bridge-Middle_5-8_v4.wav,0.6171942271169667,0.5818913187802708,3.774340119648599,0.9226037570939578,0.6171942271169667,0.9698188646337846,0.7276311376996887,0.9226037570939578
Bridge-Middle_5-9,..\data\processed\wet\Bridge-Middle_5-9_v0.wav,0.762212058314177,0.3550301813354402,1.3641051611135504,0.666685651892513,0.762212058314177,0.5917169688924004,0.1920233691363445,0.666685651892513
Bridge-Middle_5-9,..\data\processed\wet\Bridge-Middle_5-9_v1.wav,0.6233795659599071,0.3614815022743599,2.7040364059470834,0.5286566039892756,0.6233795659599071,0.6024691704572664,0.4897858679882407,0.5286566039892756
Bridge-Middle_5-9,..\data\processed\wet\Bridge-Middle_5-9_v2.wav,0.334442527118104,0.3115876155853819,1.3890015755531522,0.8051743973603768,0.334442527118104,0.5193126926423032,0.1975559056784782,0.8051743973603768
Bridge-Middle_5-9,..\data\processed\wet\Bridge-Middle_5-9_v3.wav,0.1857769546987078,0.0509797739336798,2.4631071186072084,0.6583074395060619,0.1857769546987078,0.0849662898894664,0.4362460263571574,0.6583074395060619
Bridge-Middle_5-9,..\data\processed\wet\Bridge-Middle_5-9_v4.wav,0.4377168249335413,0.1660524791707851,3.011770327506983,0.3470023354121999,0.4377168249335413,0.2767541319513086,0.5581711838904407,0.3470023354121999
Bridge-Middle_6-0,..\data\processed\wet\Bridge-Middle_6-0_v0.wav,0.9328676901266332,0.5535870837621433,2.7606731898744297,0.3278839940182585,0.9328676901266332,0.9226451396035722,0.5023718199720955,0.3278839940182585
Bridge-Middle_6-0,..\data\processed\wet\Bridge-Middle_6-0_v1.wav,0.7371324139566391,0.0220277660898399,2.6364605271964305,0.3363233942703335,0.7371324139566391,0.0367129434830666,0.4747690060436512,0.3363233942703335
Bridge-Middle_6-0,..\data\processed\wet\Bridge-Middle_6-0_v2.wav,0.9205358851025548,0.0072018163636095,2.987666940732571,0.740663581066626,0.9205358851025548,0.0120030272726825,0.5528148757183491,0.740663581066626
Bridge-Middle_6-0,..\data\processed\wet\Bridge-Middle_6-0_v3.wav,0.4850179875240412,0.0512418180976329,4.87607625512556,0.5180104313760979,0.4850179875240412,0.0854030301627216,0.9724613900279022,0.5180104313760979
Bridge-Middle_6-0,..\data\processed\wet\Bridge-Middle_6-0_v4.wav,0.6141862443190114,0.1419658696245044,2.6757413829806174,0.4291494919583218,0.6141862443190114,0.2366097827075073,0.4834980851068038,0.4291494919583218
Bridge-Middle_6-1,..\data\processed\wet\Bridge-Middle_6-1_v0.wav,0.0748958420019837,0.0636962121284803,4.268626338284486,0.2398199522065902,0.0748958420019837,0.1061603535474672,0.8374725196187747,0.2398199522065902
Bridge-Middle_6-1,..\data\processed\wet\Bridge-Middle_6-1_v1.wav,0.1949582714986305,0.3029468707500835,3.959362091131308,0.0619465185789879,0.1949582714986305,0.5049114512501393,0.7687471313625129,0.0619465185789879
Bridge-Middle_6-1,..\data\processed\wet\Bridge-Middle_6-1_v2.wav,0.5768079196382558,0.071526265704344,0.6640747287152831,0.0527439521622173,0.5768079196382558,0.1192104428405733,0.0364610508256184,0.0527439521622173
Bridge-Middle_6-1,..\data\processed\wet\Bridge-Middle_6-1_v3.wav,0.8341641082084413,0.0707834901768369,0.7031811398553138,0.4378998871429123,0.8341641082084413,0.1179724836280615,0.0451513644122919,0.4378998871429123
Bridge-Middle_6-1,..\data\processed\wet\Bridge-Middle_6-1_v4.wav,0.8439934719420248,0.1574450258935811,2.397706778866624,0.0399225325637512,0.8439934719420248,0.2624083764893019,0.4217126175259164,0.0399225325637512
Bridge-Middle_6-10,..\data\processed\wet\Bridge-Middle_6-10_v0.wav,0.4490785141348759,0.3465678483822802,3.069081741884652,0.3324266921743651,0.4490785141348759,0.5776130806371337,0.5709070537521448,0.3324266921743651
Bridge-Middle_6-10,..\data\processed\wet\Bridge-Middle_6-10_v1.wav,0.3155331806631355,0.0639741713619587,2.1505924429082075,0.0994946688729646,0.3155331806631355,0.1066236189365978,0.3667983206462683,0.0994946688729646
Bridge-Middle_6-10,..\data\processed\wet\Bridge-Middle_6-10_v2.wav,0.7665959447120516,0.5797645786489115,4.865335055000181,0.8650710993753938,0.7665959447120516,0.966274297748186,0.970074456666707,0.8650710993753938
Bridge-Middle_6-10,..\data\processed\wet\Bridge-Middle_6-10_v3.wav,0.6007921493396191,0.4205194183463279,1.7834261120618633,0.6307704201726206,0.6007921493396191,0.7008656972438799,0.285205802680414,0.6307704201726206
Bridge-Middle_6-10,..\data\processed\wet\Bridge-Middle_6-10_v4.wav,0.4556495494398774,0.2892104038661595,3.9099945216882106,0.2819183555972516,0.4556495494398774,0.4820173397769325,0.757776560375158,0.2819183555972516
Bridge-Middle_6-13,..\data\processed\wet\Bridge-Middle_6-13_v0.wav,0.6166219781652751,0.0242003112830711,1.9677661435771407,0.4685569945911346,0.6166219781652751,0.0403338521384519,0.3261702541282535,0.4685569945911346
Bridge-Middle_6-13,..\data\processed\wet\Bridge-Middle_6-13_v1.wav,0.1479583341094058,0.5907926865545037,1.4409381406532642,0.1303531300432655,0.1479583341094058,0.9846544775908396,0.2090973645896142,0.1303531300432655
Bridge-Middle_6-13,..\data\processed\wet\Bridge-Middle_6-13_v2.wav,0.2035348738868964,0.4614366798958345,2.414775466723293,0.565415939752538,0.2035348738868964,0.7690611331597242,0.4255056592718428,0.565415939752538
Bridge-Middle_6-13,..\data\processed\wet\Bridge-Middle_6-13_v3.wav,0.0210091569863607,0.0206587851439887,2.5062149742215727,0.8166552432016235,0.0210091569863607,0.0344313085733145,0.4458255498270161,0.8166552432016235
Bridge-Middle_6-13,..\data\processed\wet\Bridge-Middle_6-13_v4.wav,0.8852388787075652,0.0520239405573841,2.9226339594546027,0.9132296862792704,0.8852388787075652,0.0867065675956402,0.5383631021010228,0.9132296862792704
Bridge-Middle_6-14,..\data\processed\wet\Bridge-Middle_6-14_v0.wav,0.3879727543978863,0.4977394988570211,1.101630444797463,0.9353944896677988,0.3879727543978863,0.8295658314283686,0.1336956543994362,0.9353944896677988
Bridge-Middle_6-14,..\data\processed\wet\Bridge-Middle_6-14_v1.wav,0.7514233175313026,0.564800635672141,3.544777550986279,0.363403931999427,0.7514233175313026,0.9413343927869016,0.6766172335525065,0.363403931999427
Bridge-Middle_6-14,..\data\processed\wet\Bridge-Middle_6-14_v2.wav,0.9381811725247224,0.165340065785507,1.9947763492777963,0.7008084180017403,0.9381811725247224,0.2755667763091785,0.3321725220617325,0.7008084180017403
Bridge-Middle_6-14,..\data\processed\wet\Bridge-Middle_6-14_v3.wav,0.7653162995253863,0.5576420903094923,1.4216108407529426,0.797998035219224,0.7653162995253863,0.9294034838491538,0.2048024090562094,0.797998035219224
Bridge-Middle_6-14,..\data\processed\wet\Bridge-Middle_6-14_v4.wav,0.7385460533969634,0.0382767337521587,2.242504135445931,0.2827654570600986,0.7385460533969634,0.0637945562535978,0.3872231412102069,0.2827654570600986
Bridge-Middle_6-16,..\data\processed\wet\Bridge-Middle_6-16_v0.wav,0.2999293974730662,0.2845851989210581,1.2560902348670535,0.3547972896563887,0.2999293974730662,0.4743086648684302,0.1680200521926785,0.3547972896563887
Bridge-Middle_6-16,..\data\processed\wet\Bridge-Middle_6-16_v1.wav,0.3999830182935685,0.0344351062129641,3.1248826168289203,0.8843434279712875,0.3999830182935685,0.0573918436882735,0.5833072481842045,0.8843434279712875
Bridge-Middle_6-16,..\data\processed\wet\Bridge-Middle_6-16_v2.wav,0.1517429129530524,0.3586848080409084,3.4913264220988083,0.4193346804192883,0.1517429129530524,0.597808013401514,0.6647392049108463,0.4193346804192883
Bridge-Middle_6-16,..\data\processed\wet\Bridge-Middle_6-16_v3.wav,0.70109758736427,0.2464389260946072,2.770867795898457,0.0073530445544269,0.70109758736427,0.410731543491012,0.5046372879774349,0.0073530445544269
Bridge-Middle_6-16,..\data\processed\wet\Bridge-Middle_6-16_v4.wav,0.6917201141346888,0.3968056073668346,0.6728039479685506,0.3682501073951331,0.6917201141346888,0.6613426789447244,0.0384008773263445,0.3682501073951331
Bridge-Middle_6-17,..\data\processed\wet\Bridge-Middle_6-17_v0.wav,0.9790318407916674,0.25244193754117,2.758754323093288,0.9099301581597186,0.9790318407916674,0.4207365625686168,0.5019454051318417,0.9099301581597186
Bridge-Middle_6-17,..\data\processed\wet\Bridge-Middle_6-17_v1.wav,0.7172618758657564,0.3492420786745341,4.090121066034826,0.8643662664559733,0.7172618758657564,0.5820701311242236,0.7978046813410725,0.8643662664559733
Bridge-Middle_6-17,..\data\processed\wet\Bridge-Middle_6-17_v2.wav,0.4568880717372668,0.2850650189591012,2.237229210433261,0.9667061400184606,0.4568880717372668,0.4751083649318354,0.3860509356518358,0.9667061400184606
Bridge-Middle_6-17,..\data\processed\wet\Bridge-Middle_6-17_v3.wav,0.6971662542903504,0.0499338397248433,4.383318304908583,0.4805599408362681,0.6971662542903504,0.0832230662080723,0.8629596233130185,0.4805599408362681
Bridge-Middle_6-17,..\data\processed\wet\Bridge-Middle_6-17_v4.wav,0.0687539064224874,0.3298303530979866,2.377239255390659,0.8777494048626249,0.0687539064224874,0.549717255163311,0.417164278975702,0.8777494048626249
Bridge-Middle_6-18,..\data\processed\wet\Bridge-Middle_6-18_v0.wav,0.2039946036093873,0.4958787656953097,3.009599110334537,0.054610303213469,0.2039946036093873,0.8264646094921829,0.5576886911854527,0.054610303213469
Bridge-Middle_6-18,..\data\processed\wet\Bridge-Middle_6-18_v1.wav,0.9718453013254846,0.3075691464619199,1.808945844042121,0.4694068419892581,0.9718453013254846,0.5126152441031999,0.2908768542315825,0.4694068419892581
Bridge-Middle_6-18,..\data\processed\wet\Bridge-Middle_6-18_v2.wav,0.857857783517489,0.1829418746310381,1.3670437841901515,0.1290712469308814,0.857857783517489,0.3049031243850635,0.1926763964867003,0.1290712469308814
Bridge-Middle_6-18,..\data\processed\wet\Bridge-Middle_6-18_v3.wav,0.2978593983902112,0.468028852224026,2.6223186433786774,0.2274816036935399,0.2978593983902112,0.7800480870400435,0.4716263651952616,0.2274816036935399
Bridge-Middle_6-18,..\data\processed\wet\Bridge-Middle_6-18_v4.wav,0.1661849996097492,0.1996376859062274,4.72965967798569,0.3430267125900244,0.1661849996097492,0.3327294765103791,0.9399243728857088,0.3430267125900244
Bridge-Middle_6-2,..\data\processed\wet\Bridge-Middle_6-2_v0.wav,0.7835015025879088,0.006307934724992,3.928504524698678,0.8933044937881227,0.7835015025879088,0.0105132245416534,0.761889894377484,0.8933044937881227
Bridge-Middle_6-2,..\data\processed\wet\Bridge-Middle_6-2_v1.wav,0.4328399210571723,0.3213254838586789,2.646425266779442,0.3892086186234388,0.4328399210571723,0.5355424730977982,0.4769833926176537,0.3892086186234388
Bridge-Middle_6-2,..\data\processed\wet\Bridge-Middle_6-2_v2.wav,0.8874245353703603,0.5363601064019943,2.0111736408869056,0.615069754014698,0.8874245353703603,0.8939335106699905,0.3358163646415346,0.615069754014698
Bridge-Middle_6-2,..\data\processed\wet\Bridge-Middle_6-2_v3.wav,0.926907562145864,0.5772350993648109,2.790315681899214,0.4528248052843268,0.926907562145864,0.9620584989413516,0.5089590404220475,0.4528248052843268
Bridge-Middle_6-2,..\data\processed\wet\Bridge-Middle_6-2_v4.wav,0.2786943159285258,0.575323123914246,1.1426643701279031,0.579829576047725,0.2786943159285258,0.95887187319041,0.1428143044728673,0.579829576047725
Bridge-Middle_6-20,..\data\processed\wet\Bridge-Middle_6-20_v0.wav,0.2825502675186389,0.1674049742086779,2.322358643192848,0.9987929358156544,0.2825502675186389,0.2790082903477966,0.4049685873761884,0.9987929358156544
Bridge-Middle_6-20,..\data\processed\wet\Bridge-Middle_6-20_v1.wav,0.054966306839822,0.3471250909221188,0.8715747111587473,0.1545208299905189,0.054966306839822,0.5785418182035315,0.0825721580352771,0.1545208299905189
Bridge-Middle_6-20,..\data\processed\wet\Bridge-Middle_6-20_v2.wav,0.4395629417728987,0.3062760788078648,1.664565837640358,0.3164571308744162,0.4395629417728987,0.5104601313464413,0.258792408364524,0.3164571308744162
Bridge-Middle_6-20,..\data\processed\wet\Bridge-Middle_6-20_v3.wav,0.086967020255933,0.1819318703065503,4.849512977212449,0.9447073816724816,0.086967020255933,0.3032197838442505,0.966558439380544,0.9447073816724816
Bridge-Middle_6-20,..\data\processed\wet\Bridge-Middle_6-20_v4.wav,0.334878290136985,0.3425123617672569,4.59317925999925,0.0061838226408966,0.334878290136985,0.5708539362787616,0.9095953911109445,0.0061838226408966
Bridge-Middle_6-21,..\data\processed\wet\Bridge-Middle_6-21_v0.wav,0.8106835703375919,0.5690217316733513,0.9109658045010068,0.161447686032921,0.8106835703375919,0.948369552788919,0.091325734333557,0.161447686032921
Bridge-Middle_6-21,..\data\processed\wet\Bridge-Middle_6-21_v1.wav,0.9607463027713554,0.3225240861842077,0.5638848551227567,0.2576319987635291,0.9607463027713554,0.5375401436403463,0.0141966344717237,0.2576319987635291
Bridge-Middle_6-21,..\data\processed\wet\Bridge-Middle_6-21_v2.wav,0.4499436742688596,0.4157453466148606,3.7992217016155982,0.995421512925456,0.4499436742688596,0.6929089110247677,0.7331603781367996,0.995421512925456
Bridge-Middle_6-21,..\data\processed\wet\Bridge-Middle_6-21_v3.wav,0.287511199383759,0.3229320611210851,2.8999559653682225,0.4056452594472375,0.287511199383759,0.5382201018684752,0.533323547859605,0.4056452594472375
Bridge-Middle_6-21,..\data\processed\wet\Bridge-Middle_6-21_v4.wav,0.1691618938424202,0.5864739379103056,4.339927339999637,0.4983330282942372,0.1691618938424202,0.9774565631838428,0.853317186666586,0.4983330282942372
Bridge-Middle_6-22,..\data\processed\wet\Bridge-Middle_6-22_v0.wav,0.6032454226840298,0.1363566321357973,2.947041816762861,0.6949701331214758,0.6032454226840298,0.2272610535596623,0.5437870703917469,0.6949701331214758
Bridge-Middle_6-22,..\data\processed\wet\Bridge-Middle_6-22_v1.wav,0.5151670283865888,0.5941711023509647,3.251037453114768,0.370973712592169,0.5151670283865888,0.9902851705849413,0.6113416562477262,0.370973712592169
Bridge-Middle_6-22,..\data\processed\wet\Bridge-Middle_6-22_v2.wav,0.7721520276158381,0.1022775069489852,2.2303211616781997,0.3469589503775858,0.7721520276158381,0.170462511581642,0.3845158137062665,0.3469589503775858
Bridge-Middle_6-22,..\data\processed\wet\Bridge-Middle_6-22_v3.wav,0.4318070951077772,0.4690678955572357,2.678778644735333,0.7940144502659627,0.4318070951077772,0.7817798259287263,0.4841730321634074,0.7940144502659627
Bridge-Middle_6-22,..\data\processed\wet\Bridge-Middle_6-22_v4.wav,0.5764889031398659,0.2052416607945332,4.1449043465756255,0.2382896705530915,0.5764889031398659,0.3420694346575553,0.8099787436834723,0.2382896705530915
Bridge-Middle_6-3,..\data\processed\wet\Bridge-Middle_6-3_v0.wav,0.2243829797997955,0.3027017544329014,1.6738216068294,0.0090870349512163,0.2243829797997955,0.5045029240548358,0.2608492459620889,0.0090870349512163
Bridge-Middle_6-3,..\data\processed\wet\Bridge-Middle_6-3_v1.wav,0.6482975272988015,0.3066562928834388,2.504830165219225,0.9669685146183152,0.6482975272988015,0.511093821472398,0.4455178144931612,0.9669685146183152
Bridge-Middle_6-3,..\data\processed\wet\Bridge-Middle_6-3_v2.wav,0.5711991839629137,0.5180589466736307,1.1275260629232209,0.5692064631294277,0.5711991839629137,0.8634315777893846,0.1394502362051602,0.5692064631294277
Bridge-Middle_6-3,..\data\processed\wet\Bridge-Middle_6-3_v3.wav,0.8679796267309029,0.3498634543679388,3.7310638015715063,0.3720435678122074,0.8679796267309029,0.583105757279898,0.7180141781270015,0.3720435678122074
Bridge-Middle_6-3,..\data\processed\wet\Bridge-Middle_6-3_v4.wav,0.0924495170370666,0.2747401770762428,2.275157258774859,0.8670601823789473,0.0924495170370666,0.4579002951270713,0.3944793908388575,0.8670601823789473
Bridge-Middle_6-4,..\data\processed\wet\Bridge-Middle_6-4_v0.wav,0.2439953023524722,0.5800405365210648,4.811621539120233,0.2476316430714387,0.2439953023524722,0.966734227535108,0.958138119804496,0.2476316430714387
Bridge-Middle_6-4,..\data\processed\wet\Bridge-Middle_6-4_v1.wav,0.3480519554773205,0.537333444524331,4.849799994032484,0.443439102836044,0.3480519554773205,0.895555740873885,0.9666222208961076,0.443439102836044
Bridge-Middle_6-4,..\data\processed\wet\Bridge-Middle_6-4_v2.wav,0.3209970456408978,0.3156564079509252,3.5949614286458065,0.2734745153749798,0.3209970456408978,0.526094013251542,0.6877692063657348,0.2734745153749798
Bridge-Middle_6-4,..\data\processed\wet\Bridge-Middle_6-4_v3.wav,0.7364731746190728,0.0309944142687846,0.721825217439874,0.3862877051455452,0.7364731746190728,0.051657357114641,0.0492944927644164,0.3862877051455452
Bridge-Middle_6-4,..\data\processed\wet\Bridge-Middle_6-4_v4.wav,0.3534731920607206,0.1893799292202913,2.709588932010095,0.3207335823115712,0.3534731920607206,0.3156332153671523,0.49101976266891,0.3207335823115712
Bridge-Middle_6-5,..\data\processed\wet\Bridge-Middle_6-5_v0.wav,0.1922579184680919,0.1856817294531605,4.887069227646057,0.4111134169948486,0.1922579184680919,0.3094695490886009,0.9749042728102348,0.4111134169948486
Bridge-Middle_6-5,..\data\processed\wet\Bridge-Middle_6-5_v1.wav,0.4447127768583357,0.345926993970684,4.92503345786402,0.241601276435763,0.4447127768583357,0.57654498995114,0.9833407684142266,0.241601276435763
Bridge-Middle_6-5,..\data\processed\wet\Bridge-Middle_6-5_v2.wav,0.6812821105324338,0.4295908161250344,3.2329598755687967,0.088578339636644,0.6812821105324338,0.7159846935417241,0.6073244167930659,0.088578339636644
Bridge-Middle_6-5,..\data\processed\wet\Bridge-Middle_6-5_v3.wav,0.6768722758275765,0.0384568266217052,3.182641922974536,0.7395811772217427,0.6768722758275765,0.0640947110361754,0.5961426495498969,0.7395811772217427
Bridge-Middle_6-5,..\data\processed\wet\Bridge-Middle_6-5_v4.wav,0.2109698906199504,0.5049732045256644,0.6365921248985191,0.8438128636583061,0.2109698906199504,0.841622007542774,0.0303538055330042,0.8438128636583061
Bridge-Middle_6-6,..\data\processed\wet\Bridge-Middle_6-6_v0.wav,0.4603290506427651,0.1305527639589866,1.102001652472856,0.9533071675823724,0.4603290506427651,0.2175879399316445,0.133778144993968,0.9533071675823724
Bridge-Middle_6-6,..\data\processed\wet\Bridge-Middle_6-6_v1.wav,0.0726655875811567,0.1194560519615554,2.0652005634487067,0.6202348489611205,0.0726655875811567,0.1990934199359256,0.3478223474330459,0.6202348489611205
Bridge-Middle_6-6,..\data\processed\wet\Bridge-Middle_6-6_v2.wav,0.5448010852760984,0.0753860954473883,1.8037759268219655,0.238751771086024,0.5448010852760984,0.1256434924123139,0.2897279837382146,0.238751771086024
Bridge-Middle_6-6,..\data\processed\wet\Bridge-Middle_6-6_v3.wav,0.2135428544903413,0.2466866018879922,3.668141536662456,0.2174529322172359,0.2135428544903413,0.411144336479987,0.7040314525916569,0.2174529322172359
Bridge-Middle_6-6,..\data\processed\wet\Bridge-Middle_6-6_v4.wav,0.3666788797029814,0.2345504561046973,4.894054382459346,0.9546663568790688,0.3666788797029814,0.3909174268411622,0.9764565294354102,0.9546663568790688
Bridge-Middle_6-7,..\data\processed\wet\Bridge-Middle_6-7_v0.wav,0.8001375827520759,0.1449953524915111,0.8061679134125136,0.3169041377206247,0.8001375827520759,0.2416589208191852,0.0680373140916696,0.3169041377206247
Bridge-Middle_6-7,..\data\processed\wet\Bridge-Middle_6-7_v1.wav,0.2667945494338308,0.3035554800878363,3.999775595305069,0.858322938878858,0.2667945494338308,0.5059258001463939,0.7777279100677931,0.858322938878858
Bridge-Middle_6-7,..\data\processed\wet\Bridge-Middle_6-7_v2.wav,0.8448640854105085,0.2158053367338406,3.592554545573073,0.31283419752422,0.8448640854105085,0.3596755612230677,0.6872343434606829,0.31283419752422
Bridge-Middle_6-7,..\data\processed\wet\Bridge-Middle_6-7_v3.wav,0.0609055432351827,0.4209391593617653,0.5442239865640452,0.4091825874584885,0.0609055432351827,0.7015652656029423,0.0098275525697878,0.4091825874584885
Bridge-Middle_6-7,..\data\processed\wet\Bridge-Middle_6-7_v4.wav,0.3293792693020757,0.4160265231113114,3.948104627421705,0.3040946359712838,0.3293792693020757,0.6933775385188524,0.7662454727603789,0.3040946359712838
Bridge-Middle_6-8,..\data\processed\wet\Bridge-Middle_6-8_v0.wav,0.8116270144448535,0.1763500563029602,2.5084686199395256,0.7270185270141339,0.8116270144448535,0.2939167605049337,0.4463263599865612,0.7270185270141339
Bridge-Middle_6-8,..\data\processed\wet\Bridge-Middle_6-8_v1.wav,0.6929202292247886,0.59242108338732,1.5132246089716934,0.6623179135395824,0.6929202292247886,0.9873684723122,0.2251610242159318,0.6623179135395824
Bridge-Middle_6-8,..\data\processed\wet\Bridge-Middle_6-8_v2.wav,0.6096819082757774,0.5490590726940179,1.2036296374019375,0.751798163586933,0.6096819082757774,0.9150984544900298,0.156362141644875,0.751798163586933
Bridge-Middle_6-8,..\data\processed\wet\Bridge-Middle_6-8_v3.wav,0.5682686162687683,0.1647995218727432,2.634957113662284,0.3337765970697978,0.5682686162687683,0.2746658697879054,0.4744349141471741,0.3337765970697978
Bridge-Middle_6-8,..\data\processed\wet\Bridge-Middle_6-8_v4.wav,0.5793134027884609,0.5334003664887995,3.061872429854909,0.631722418326584,0.5793134027884609,0.8890006108146659,0.569304984412202,0.631722418326584
Middle_1-0,..\data\processed\wet\Middle_1-0_v0.wav,0.8343247957493986,0.3464120407318006,3.4088331885264003,0.4583634794263062,0.8343247957493986,0.5773534012196677,0.646407375228089,0.4583634794263062
Middle_1-0,..\data\processed\wet\Middle_1-0_v1.wav,0.5287073198840526,0.0206261150110351,3.375333598879781,0.0814472128911591,0.5287073198840526,0.0343768583517252,0.6389630219732846,0.0814472128911591
Middle_1-0,..\data\processed\wet\Middle_1-0_v2.wav,0.4350145943402234,0.1755930586004447,2.954425775952709,0.133416335523207,0.4350145943402234,0.2926550976674078,0.5454279502117131,0.133416335523207
Middle_1-0,..\data\processed\wet\Middle_1-0_v3.wav,0.6916434019733182,0.4770069221570822,1.2350950238442042,0.1043130873518821,0.6916434019733182,0.7950115369284704,0.1633544497431565,0.1043130873518821
Middle_1-0,..\data\processed\wet\Middle_1-0_v4.wav,0.1455154827873591,0.526276537139101,2.876851677903603,0.4672609960075026,0.1455154827873591,0.8771275618985018,0.5281892617563562,0.4672609960075026
Middle_1-11,..\data\processed\wet\Middle_1-11_v0.wav,0.0399479732860943,0.2173760940001229,4.218756402202498,0.701499101465166,0.0399479732860943,0.3622934900002048,0.8263903116005551,0.701499101465166
Middle_1-11,..\data\processed\wet\Middle_1-11_v1.wav,0.4593436555939564,0.0330609210952986,2.421026275204862,0.4690249397178835,0.4593436555939564,0.0551015351588311,0.4268947278233026,0.4690249397178835
Middle_1-11,..\data\processed\wet\Middle_1-11_v2.wav,0.928555532894136,0.3846516621492956,1.90243812494592,0.5253182644507214,0.928555532894136,0.6410861035821595,0.3116529166546489,0.5253182644507214
Middle_1-11,..\data\processed\wet\Middle_1-11_v3.wav,0.06605530782216,0.583540941389842,2.120269558688267,0.4778673549131358,0.06605530782216,0.9725682356497368,0.360059901930726,0.4778673549131358
Middle_1-11,..\data\processed\wet\Middle_1-11_v4.wav,0.3552839742369226,0.40950703806972,3.480044712483169,0.7153223105291356,0.3552839742369226,0.6825117301162001,0.662232158329593,0.7153223105291356
Middle_1-12,..\data\processed\wet\Middle_1-12_v0.wav,0.2681432296119208,0.1894010886984395,1.0636305399329358,0.6555099718461126,0.2681432296119208,0.315668481164066,0.1252512310962079,0.6555099718461126
Middle_1-12,..\data\processed\wet\Middle_1-12_v1.wav,0.0397971273356525,0.3586094013140754,4.413631481832352,0.8908321482896335,0.0397971273356525,0.5976823355234591,0.8696958848516338,0.8908321482896335
Middle_1-12,..\data\processed\wet\Middle_1-12_v2.wav,0.4490377603699617,0.2755822129278442,0.8463613235360781,0.6707650254430357,0.4490377603699617,0.4593036882130737,0.0769691830080173,0.6707650254430357
Middle_1-12,..\data\processed\wet\Middle_1-12_v3.wav,0.8212594203728455,0.1467930327628278,2.395853967350141,0.8388393367652703,0.8212594203728455,0.244655054604713,0.4213008816333647,0.8388393367652703
Middle_1-12,..\data\processed\wet\Middle_1-12_v4.wav,0.877120467662288,0.1459079881585355,2.977567855436139,0.192493150635827,0.877120467662288,0.2431799802642259,0.5505706345413642,0.192493150635827
Middle_1-14,..\data\processed\wet\Middle_1-14_v0.wav,0.5727702766869458,0.4916974112316313,1.9703250075588512,0.3496143988077221,0.5727702766869458,0.8194956853860523,0.3267388905686336,0.3496143988077221
Middle_1-14,..\data\processed\wet\Middle_1-14_v1.wav,0.5963464974967759,0.1645277334744881,0.6197376473495786,0.7352285181015961,0.5963464974967759,0.274212889124147,0.0266083660776841,0.7352285181015961
Middle_1-14,..\data\processed\wet\Middle_1-14_v2.wav,0.6256499129414531,0.3484535994333954,3.837578580463204,0.6752308375620375,0.6256499129414531,0.5807559990556591,0.7416841289918231,0.6752308375620375
Middle_1-14,..\data\processed\wet\Middle_1-14_v3.wav,0.2058819881783211,0.2114886281660107,1.0674956375538125,0.129857013417881,0.2058819881783211,0.3524810469433511,0.126110141678625,0.129857013417881
Middle_1-14,..\data\processed\wet\Middle_1-14_v4.wav,0.6761957463565392,0.5151600641894989,4.8322966273751256,0.6283471175494444,0.6761957463565392,0.8586001069824982,0.962732583861139,0.6283471175494444
Middle_1-15,..\data\processed\wet\Middle_1-15_v0.wav,0.1841013233609569,0.0633902072693584,4.15782937191541,0.5787564763599993,0.1841013233609569,0.1056503454489306,0.8128509715367578,0.5787564763599993
Middle_1-15,..\data\processed\wet\Middle_1-15_v1.wav,0.6182850210137198,0.4688772532528255,3.664747524796032,0.8344582528560966,0.6182850210137198,0.7814620887547092,0.7032772277324516,0.8344582528560966
Middle_1-15,..\data\processed\wet\Middle_1-15_v2.wav,0.0562139054598784,0.4485123820479029,4.328837407949429,0.2861350424583143,0.0562139054598784,0.7475206367465048,0.8508527573220953,0.2861350424583143
Middle_1-15,..\data\processed\wet\Middle_1-15_v3.wav,0.6404472739932529,0.1884972383021832,4.810869799171043,0.0334235724355037,0.6404472739932529,0.3141620638369721,0.957971066482454,0.0334235724355037
Middle_1-15,..\data\processed\wet\Middle_1-15_v4.wav,0.579792843832955,0.099902128229709,3.7049909232972142,0.175890283418662,0.579792843832955,0.1665035470495151,0.7122202051771587,0.175890283418662
Middle_1-17,..\data\processed\wet\Middle_1-17_v0.wav,0.2948172383467669,0.2127289252971644,3.040673365806447,0.2523227442637452,0.2948172383467669,0.3545482088286074,0.5645940812903215,0.2523227442637452
Middle_1-17,..\data\processed\wet\Middle_1-17_v1.wav,0.915289940379274,0.1594113389197581,4.531170792020876,0.1034750636465846,0.915289940379274,0.2656855648662635,0.8958157315601947,0.1034750636465846
Middle_1-17,..\data\processed\wet\Middle_1-17_v2.wav,0.6565627023996523,0.5441913110629462,1.259372472792033,0.968326960099255,0.6565627023996523,0.9069855184382436,0.1687494383982295,0.968326960099255
Middle_1-17,..\data\processed\wet\Middle_1-17_v3.wav,0.4528833604155117,0.5674290650646147,3.545690196335212,0.3015868698735515,0.4528833604155117,0.9457151084410244,0.676820043630047,0.3015868698735515
Middle_1-17,..\data\processed\wet\Middle_1-17_v4.wav,0.1883025249171064,0.1822410277350596,0.9185783416820374,0.1438679663433297,0.1883025249171064,0.3037350462250994,0.0930174092626749,0.1438679663433297
Middle_1-19,..\data\processed\wet\Middle_1-19_v0.wav,0.8909738846907038,0.3416983551111455,4.245759687658586,0.991624342961228,0.8909738846907038,0.5694972585185759,0.8323910417019079,0.991624342961228
Middle_1-19,..\data\processed\wet\Middle_1-19_v1.wav,0.1636162041382762,0.4150665834851894,3.534321081650111,0.9799554473582784,0.1636162041382762,0.6917776391419823,0.6742935737000246,0.9799554473582784
Middle_1-19,..\data\processed\wet\Middle_1-19_v2.wav,0.9856007339528003,0.4120071670344776,1.5962665639198743,0.798555838130599,0.9856007339528003,0.6866786117241295,0.2436147919821943,0.798555838130599
Middle_1-19,..\data\processed\wet\Middle_1-19_v3.wav,0.1070291342110381,0.4684195825029772,4.595882558651134,0.3828333947684352,0.1070291342110381,0.7806993041716287,0.9101961241446964,0.3828333947684352
Middle_1-19,..\data\processed\wet\Middle_1-19_v4.wav,0.6306352949830805,0.2580856392580957,2.469942747446578,0.31037088910812,0.6306352949830805,0.4301427320968262,0.4377650549881284,0.31037088910812
Middle_1-2,..\data\processed\wet\Middle_1-2_v0.wav,0.7621296204503246,0.5617059384999031,4.733378866555075,0.1747812848749338,0.7621296204503246,0.9361765641665052,0.9407508592344612,0.1747812848749338
Middle_1-2,..\data\processed\wet\Middle_1-2_v1.wav,0.874743649656566,0.4424588648562733,1.6377683031063015,0.0672846129215145,0.874743649656566,0.7374314414271221,0.2528374006902892,0.0672846129215145
Middle_1-2,..\data\processed\wet\Middle_1-2_v2.wav,0.2679972668843779,0.5473249420689154,3.3493040370309752,0.7210546608978718,0.2679972668843779,0.9122082367815256,0.6331786748957723,0.7210546608978718
Middle_1-2,..\data\processed\wet\Middle_1-2_v3.wav,0.2571523511090958,0.4316328933448921,0.6265467782506569,0.3753213457730138,0.2571523511090958,0.7193881555748203,0.0281215062779237,0.3753213457730138
Middle_1-2,..\data\processed\wet\Middle_1-2_v4.wav,0.6267533485423312,0.0876579393247921,4.203516085011206,0.2350312988119186,0.6267533485423312,0.1460965655413202,0.8230035744469346,0.2350312988119186
Middle_1-21,..\data\processed\wet\Middle_1-21_v0.wav,0.2994231248031066,0.0600929985040601,1.7227291950418089,0.8159557894152066,0.2994231248031066,0.1001549975067669,0.2717175988981797,0.8159557894152066
Middle_1-21,..\data\processed\wet\Middle_1-21_v1.wav,0.3783156071652594,0.053038180288055,2.0400148615050706,0.98138333424128,0.3783156071652594,0.0883969671467583,0.3422255247789045,0.98138333424128
Middle_1-21,..\data\processed\wet\Middle_1-21_v2.wav,0.6296835952592029,0.2496965678436946,1.249423310737715,0.9861767972836948,0.6296835952592029,0.4161609464061577,0.16653851349727,0.9861767972836948
Middle_1-21,..\data\processed\wet\Middle_1-21_v3.wav,0.8208490092631288,0.1688863814705516,0.8153091307453526,0.056625557377558,0.8208490092631288,0.2814773024509194,0.0700686957211894,0.056625557377558
Middle_1-21,..\data\processed\wet\Middle_1-21_v4.wav,0.1203781495055338,0.348461150168653,4.679435395424716,0.4967434280059845,0.1203781495055338,0.5807685836144216,0.9287634212054924,0.4967434280059845
Middle_1-22,..\data\processed\wet\Middle_1-22_v0.wav,0.8429454824561972,0.2675319719158847,3.6886259559552137,0.7318727372865008,0.8429454824561972,0.4458866198598078,0.7085835457678252,0.7318727372865008
Middle_1-22,..\data\processed\wet\Middle_1-22_v1.wav,0.1739637059033386,0.216729635385487,3.3678597044211074,0.0706966081843661,0.1739637059033386,0.3612160589758117,0.6373021565380239,0.0706966081843661
Middle_1-22,..\data\processed\wet\Middle_1-22_v2.wav,0.3615401877629566,0.3208796797687154,4.9830102187008745,0.4745335626224407,0.3615401877629566,0.5347994662811925,0.9962244930446388,0.4745335626224407
Middle_1-22,..\data\processed\wet\Middle_1-22_v3.wav,0.8160567571143236,0.2592403710399706,4.08375825178869,0.5954148016201084,0.8160567571143236,0.4320672850666177,0.7963907226197089,0.5954148016201084
Middle_1-22,..\data\processed\wet\Middle_1-22_v4.wav,0.8865954415023983,0.2465655314100659,3.219369889196655,0.6300186806188274,0.8865954415023983,0.4109425523501099,0.6043044198214789,0.6300186806188274
Middle_1-4,..\data\processed\wet\Middle_1-4_v0.wav,0.4553949052479408,0.3108092093451118,0.5335841318774873,0.4226866196574257,0.4553949052479408,0.5180153489085197,0.0074631404172194,0.4226866196574257
Middle_1-4,..\data\processed\wet\Middle_1-4_v1.wav,0.7180681612008608,0.2656162211804615,3.794986428405,0.2330189643968347,0.7180681612008608,0.4426937019674359,0.7322192063122223,0.2330189643968347
Middle_1-4,..\data\processed\wet\Middle_1-4_v2.wav,0.8131420044817255,0.3530587442720713,1.448433947434578,0.2367204758538329,0.8131420044817255,0.5884312404534523,0.2107630994299062,0.2367204758538329
Middle_1-4,..\data\processed\wet\Middle_1-4_v3.wav,0.628030464569537,0.497963755927466,2.370325019131198,0.2583004291275922,0.628030464569537,0.8299395932124434,0.4156277820291552,0.2583004291275922
Middle_1-4,..\data\processed\wet\Middle_1-4_v4.wav,0.8670116069106004,0.4015609750505009,2.5163846927738445,0.4879001952793018,0.8670116069106004,0.6692682917508349,0.4480854872830765,0.4879001952793018
Middle_1-6,..\data\processed\wet\Middle_1-6_v0.wav,0.6315443786761603,0.3257642666935966,1.082212776350154,0.3758212190079409,0.6315443786761603,0.5429404444893278,0.1293806169667009,0.3758212190079409
Middle_1-6,..\data\processed\wet\Middle_1-6_v1.wav,0.0991461122776239,0.373772426510029,2.5109338784019752,0.7779849715709368,0.0991461122776239,0.6229540441833817,0.4468741952004389,0.7779849715709368
Middle_1-6,..\data\processed\wet\Middle_1-6_v2.wav,0.2204704809993698,0.0987396350576009,2.3284950393369552,0.9265853832183812,0.2204704809993698,0.1645660584293349,0.4063322309637678,0.9265853832183812
Middle_1-6,..\data\processed\wet\Middle_1-6_v3.wav,0.7104218150124118,0.2513541748757512,2.8277247638943974,0.0842130111770983,0.7104218150124118,0.4189236247929186,0.5172721697543106,0.0842130111770983
Middle_1-6,..\data\processed\wet\Middle_1-6_v4.wav,0.9845758963761132,0.3998443828169513,1.784318308085401,0.5858083942152443,0.9845758963761132,0.6664073046949189,0.2854040684634225,0.5858083942152443
Middle_1-8,..\data\processed\wet\Middle_1-8_v0.wav,0.4111272782593792,0.140595039390316,0.5884316723608152,0.8793930568071955,0.4111272782593792,0.2343250656505267,0.0196514827468478,0.8793930568071955
Middle_1-8,..\data\processed\wet\Middle_1-8_v1.wav,0.965609831380884,0.2049422322189407,2.023280957414628,0.0070918127743709,0.965609831380884,0.3415703870315679,0.3385068794254728,0.0070918127743709
Middle_1-8,..\data\processed\wet\Middle_1-8_v2.wav,0.680250688330374,0.4952639374491772,1.1597373516200142,0.1596663493671507,0.680250688330374,0.8254398957486287,0.1466083003600031,0.1596663493671507
Middle_1-8,..\data\processed\wet\Middle_1-8_v3.wav,0.7900832499714378,0.3697744490124868,0.7018725093247266,0.6225469904622817,0.7900832499714378,0.6162907483541447,0.044860557627717,0.6225469904622817
Middle_1-8,..\data\processed\wet\Middle_1-8_v4.wav,0.308917722843766,0.2212350932825075,3.9637913823359607,0.8109351926726106,0.308917722843766,0.3687251554708459,0.7697314182968802,0.8109351926726106
Middle_1-9,..\data\processed\wet\Middle_1-9_v0.wav,0.4003566268398306,0.5682917616038128,2.329082230784325,0.7718360352301099,0.4003566268398306,0.9471529360063546,0.4064627179520722,0.7718360352301099
Middle_1-9,..\data\processed\wet\Middle_1-9_v1.wav,0.483877264564259,0.5385193959132504,4.584925596425804,0.0874168078710838,0.483877264564259,0.897532326522084,0.9077612436501786,0.0874168078710838
Middle_1-9,..\data\processed\wet\Middle_1-9_v2.wav,0.9364933313102256,0.4953209049122494,4.0608982144070005,0.2009113396855224,0.9364933313102256,0.8255348415204157,0.7913107143126668,0.2009113396855224
Middle_1-9,..\data\processed\wet\Middle_1-9_v3.wav,0.8051192087546649,0.5100796408110221,1.8011765050436792,0.9522600783623236,0.8051192087546649,0.8501327346850368,0.2891503344541509,0.9522600783623236
Middle_1-9,..\data\processed\wet\Middle_1-9_v4.wav,0.0498601463991642,0.0899455519482838,2.9191151212318145,0.5757924711223097,0.0498601463991642,0.1499092532471396,0.5375811380515143,0.5757924711223097
Middle_2-0,..\data\processed\wet\Middle_2-0_v0.wav,0.6451500833009034,0.0101814775892798,4.821650485799586,0.0445880927341439,0.6451500833009034,0.0169691293154664,0.9603667746221304,0.0445880927341439
Middle_2-0,..\data\processed\wet\Middle_2-0_v1.wav,0.1430619527234023,0.0084087105156341,3.050862949823426,0.9322668839209722,0.1430619527234023,0.0140145175260569,0.5668584332940947,0.9322668839209722
Middle_2-0,..\data\processed\wet\Middle_2-0_v2.wav,0.6659471660804642,0.4935944810882564,0.5597654155636104,0.5420152984797261,0.6659471660804642,0.8226574684804273,0.01328120345858,0.5420152984797261
Middle_2-0,..\data\processed\wet\Middle_2-0_v3.wav,0.4595629775055219,0.2993807665324758,0.8249593340083458,0.6844353610693075,0.4595629775055219,0.498967944220793,0.0722131853351879,0.6844353610693075
Middle_2-0,..\data\processed\wet\Middle_2-0_v4.wav,0.5032204148586344,0.4590893099167583,2.683807853277719,0.149381636226432,0.5032204148586344,0.765148849861264,0.4852906340617153,0.149381636226432
Middle_2-1,..\data\processed\wet\Middle_2-1_v0.wav,0.648256954077822,0.1034318172630997,4.425775535096667,0.6131162390692415,0.648256954077822,0.1723863621051662,0.8723945633548149,0.6131162390692415
Middle_2-1,..\data\processed\wet\Middle_2-1_v1.wav,0.1572038835569542,0.5774028344887241,2.832644585008943,0.072898451871655,0.1572038835569542,0.9623380574812068,0.5183654633353206,0.072898451871655
Middle_2-1,..\data\processed\wet\Middle_2-1_v2.wav,0.6268329044150672,0.1519193442076861,4.116620533447861,0.8178220735661906,0.6268329044150672,0.2531989070128102,0.8036934518773025,0.8178220735661906
Middle_2-1,..\data\processed\wet\Middle_2-1_v3.wav,0.978947355854662,0.3011217186147022,2.547305958774817,0.7534756054464806,0.978947355854662,0.5018695310245037,0.4549568797277371,0.7534756054464806
Middle_2-1,..\data\processed\wet\Middle_2-1_v4.wav,0.1324706563419265,0.3281493082758745,2.958114200588829,0.0894731228103872,0.1324706563419265,0.5469155137931242,0.5462476001308509,0.0894731228103872
Middle_2-10,..\data\processed\wet\Middle_2-10_v0.wav,0.4179840855069135,0.5119708791403211,4.352691298975971,0.099237664919681,0.4179840855069135,0.853284798567202,0.8561536219946603,0.099237664919681
Middle_2-10,..\data\processed\wet\Middle_2-10_v1.wav,0.0907208827478308,0.1576172862011611,4.4364472814929705,0.1289025850734989,0.0907208827478308,0.2626954770019353,0.8747660625539935,0.1289025850734989
Middle_2-10,..\data\processed\wet\Middle_2-10_v2.wav,0.7199968026274463,0.0606993717678619,3.304120341865214,0.3560672991191448,0.7199968026274463,0.1011656196131032,0.6231378537478254,0.3560672991191448
Middle_2-10,..\data\processed\wet\Middle_2-10_v3.wav,0.788913962965867,0.1402142692952181,3.3764082322548195,0.2356825345758849,0.788913962965867,0.2336904488253636,0.6392018293899598,0.2356825345758849
Middle_2-10,..\data\processed\wet\Middle_2-10_v4.wav,0.7136602831121538,0.5242068207364492,1.07060809607042,0.8665956885955035,0.7136602831121538,0.8736780345607487,0.12680179912676,0.8665956885955035
Middle_2-12,..\data\processed\wet\Middle_2-12_v0.wav,0.4035199924402112,0.199979915922315,2.713676108176082,0.572772509737109,0.4035199924402112,0.333299859870525,0.4919280240391293,0.572772509737109
Middle_2-12,..\data\processed\wet\Middle_2-12_v1.wav,0.2383372106279969,0.4763730508293543,2.689172445795903,0.3340455484199596,0.2383372106279969,0.7939550847155906,0.4864827657324229,0.3340455484199596
Middle_2-12,..\data\processed\wet\Middle_2-12_v2.wav,0.1068209929639906,0.1433070962421641,4.771765272901927,0.3050996868195266,0.1068209929639906,0.2388451604036069,0.9492811717559838,0.3050996868195266
Middle_2-12,..\data\processed\wet\Middle_2-12_v3.wav,0.1688592893670353,0.2764036749929959,1.881894845121119,0.0351592502711941,0.1688592893670353,0.4606727916549932,0.3070877433602487,0.0351592502711941
Middle_2-12,..\data\processed\wet\Middle_2-12_v4.wav,0.3231452172794172,0.3264651743636811,2.982705674089851,0.3565589211768887,0.3231452172794172,0.5441086239394686,0.5517123720199669,0.3565589211768887
Middle_2-13,..\data\processed\wet\Middle_2-13_v0.wav,0.4473027562526006,0.5793107509408598,2.1980681475364023,0.258226813259983,0.4473027562526006,0.9655179182347664,0.3773484772303116,0.258226813259983
Middle_2-13,..\data\processed\wet\Middle_2-13_v1.wav,0.2434670440667601,0.2746587676224805,3.917840669226248,0.2059881841884732,0.2434670440667601,0.4577646127041341,0.7595201487169441,0.2059881841884732
Middle_2-13,..\data\processed\wet\Middle_2-13_v2.wav,0.7092961271407681,0.0126898940096497,2.385198400927757,0.7758650652027869,0.7092961271407681,0.0211498233494162,0.418932977983946,0.7758650652027869
Middle_2-13,..\data\processed\wet\Middle_2-13_v3.wav,0.3387329557744314,0.3382422608672397,1.4224065477165986,0.7419953911261723,0.3387329557744314,0.5637371014453995,0.2049792328259108,0.7419953911261723
Middle_2-13,..\data\processed\wet\Middle_2-13_v4.wav,0.0522791032687596,0.5115255869253001,1.3918837388975067,0.8743980317083307,0.0522791032687596,0.8525426448755002,0.1981963864216681,0.8743980317083307
Middle_2-14,..\data\processed\wet\Middle_2-14_v0.wav,0.3525292413005173,0.4336101446846919,1.936513840037848,0.9059116712346476,0.3525292413005173,0.7226835744744866,0.3192252977861884,0.9059116712346476
Middle_2-14,..\data\processed\wet\Middle_2-14_v1.wav,0.1266371255183743,0.1071118735635592,2.7186355632146104,0.0819384390381461,0.1266371255183743,0.1785197892725987,0.4930301251588023,0.0819384390381461
Middle_2-14,..\data\processed\wet\Middle_2-14_v2.wav,0.1959801847017619,0.5662598293272086,4.894203475165492,0.3762593293304219,0.1959801847017619,0.9437663822120144,0.976489661147887,0.3762593293304219
Middle_2-14,..\data\processed\wet\Middle_2-14_v3.wav,0.9232860210139356,0.326894805404059,1.7138410964319517,0.7023987210805986,0.9232860210139356,0.5448246756734317,0.269742465873767,0.7023987210805986
Middle_2-14,..\data\processed\wet\Middle_2-14_v4.wav,0.6589018065748572,0.59347519146524,1.6927127933417747,0.6720595026617354,0.6589018065748572,0.9891253191087334,0.2650472874092833,0.6720595026617354
Middle_2-15,..\data\processed\wet\Middle_2-15_v0.wav,0.0520237550294468,0.0681876232180316,0.5176326872799197,0.9994606810596732,0.0520237550294468,0.1136460386967194,0.0039183749510932,0.9994606810596732
Middle_2-15,..\data\processed\wet\Middle_2-15_v1.wav,0.8022736971474778,0.4720338088401244,2.7937673387968087,0.3000670829054399,0.8022736971474778,0.7867230147335408,0.5097260752881797,0.3000670829054399
Middle_2-15,..\data\processed\wet\Middle_2-15_v2.wav,0.1512642844626759,0.1708048433078781,2.191870498681126,0.756310096980294,0.1512642844626759,0.2846747388464636,0.3759712219291391,0.756310096980294
Middle_2-15,..\data\processed\wet\Middle_2-15_v3.wav,0.5396617889031524,0.0464901759332896,0.581130540315105,0.1023321795340631,0.5396617889031524,0.0774836265554826,0.0180290089589122,0.1023321795340631
Middle_2-15,..\data\processed\wet\Middle_2-15_v4.wav,0.4104987136973793,0.559915750229411,3.368311165441497,0.8018258998755151,0.4104987136973793,0.9331929170490184,0.6374024812092216,0.8018258998755151
Middle_2-16,..\data\processed\wet\Middle_2-16_v0.wav,0.4663745945045485,0.2169996499170256,0.9878016772248024,0.875933022186205,0.4663745945045485,0.3616660831950428,0.1084003727166227,0.875933022186205
Middle_2-16,..\data\processed\wet\Middle_2-16_v1.wav,0.7831600290279028,0.100870858558635,2.8051725374431724,0.4873748079212449,0.7831600290279028,0.1681180975977251,0.5122605638762605,0.4873748079212449
Middle_2-16,..\data\processed\wet\Middle_2-16_v2.wav,0.6250915526865286,0.5677121363947567,3.1089714879311585,0.5402172667786186,0.6250915526865286,0.9461868939912612,0.5797714417624796,0.5402172667786186
Middle_2-16,..\data\processed\wet\Middle_2-16_v3.wav,0.0503229329346639,0.0377444856108143,1.34306056097055,0.0324707716917482,0.0503229329346639,0.0629074760180239,0.1873467913267889,0.0324707716917482
Middle_2-16,..\data\processed\wet\Middle_2-16_v4.wav,0.7433528955700124,0.4339981823963779,1.1122530549423932,0.8360789007952809,0.7433528955700124,0.7233303039939631,0.1360562344316429,0.8360789007952809
Middle_2-17,..\data\processed\wet\Middle_2-17_v0.wav,0.1547860348461119,0.1807053521984152,1.6203960462261424,0.3723070985730478,0.1547860348461119,0.3011755869973588,0.2489768991613649,0.3723070985730478
Middle_2-17,..\data\processed\wet\Middle_2-17_v1.wav,0.2546637658899618,0.2933705558630712,2.3333354660960843,0.9865694907793264,0.2546637658899618,0.488950926438452,0.4074078813546854,0.9865694907793264
Middle_2-17,..\data\processed\wet\Middle_2-17_v2.wav,0.0559263501282256,0.0853088258324109,0.7377165225887112,0.6258411949823758,0.0559263501282256,0.1421813763873516,0.0528258939086025,0.6258411949823758
Middle_2-17,..\data\processed\wet\Middle_2-17_v3.wav,0.0545092774137195,0.501863842425674,2.803723838068675,0.5270076245815337,0.0545092774137195,0.8364397373761233,0.5119386306819278,0.5270076245815337
Middle_2-17,..\data\processed\wet\Middle_2-17_v4.wav,0.5615945077121942,0.1024882237837264,1.389606364015194,0.3188173228730047,0.5615945077121942,0.1708137063062107,0.1976903031144875,0.3188173228730047
Middle_2-18,..\data\processed\wet\Middle_2-18_v0.wav,0.5934964158218514,0.1260706655641287,1.0234927720996756,0.9701168864184322,0.5934964158218514,0.2101177759402145,0.1163317271332612,0.9701168864184322
Middle_2-18,..\data\processed\wet\Middle_2-18_v1.wav,0.0219818148096229,0.4816184432016129,4.0461581730876,0.297214113845096,0.0219818148096229,0.8026974053360216,0.7880351495750221,0.297214113845096
Middle_2-18,..\data\processed\wet\Middle_2-18_v2.wav,0.1356266160073134,0.087377188023254,3.6384422775673664,0.6428065910861737,0.1356266160073134,0.1456286467054234,0.6974316172371925,0.6428065910861737
Middle_2-18,..\data\processed\wet\Middle_2-18_v3.wav,0.7827456742513867,0.5624887034394628,3.613673134699664,0.1558515365514434,0.7827456742513867,0.9374811723991048,0.691927363266592,0.1558515365514434
Middle_2-18,..\data\processed\wet\Middle_2-18_v4.wav,0.2434426167654106,0.5053162385238688,1.4418773412539383,0.0725223169544814,0.2434426167654106,0.8421937308731147,0.2093060758342085,0.0725223169544814
Middle_2-2,..\data\processed\wet\Middle_2-2_v0.wav,0.7984535050511905,0.4243369970012539,1.3567180383366564,0.366721908593799,0.7984535050511905,0.7072283283354233,0.1903817862970347,0.366721908593799
Middle_2-2,..\data\processed\wet\Middle_2-2_v1.wav,0.1058050248565142,0.3769239582558263,1.0461736604687886,0.9859341686249178,0.1058050248565142,0.6282065970930439,0.1213719245486196,0.9859341686249178
Middle_2-2,..\data\processed\wet\Middle_2-2_v2.wav,0.7806820746878623,0.234143129750397,3.1035376952570948,0.9113418162164088,0.7806820746878623,0.390238549583995,0.5785639322793544,0.9113418162164088
Middle_2-2,..\data\processed\wet\Middle_2-2_v3.wav,0.5540992803958261,0.1046990918387731,2.204165100115217,0.8431448650297454,0.5540992803958261,0.1744984863979551,0.3787033555811593,0.8431448650297454
Middle_2-2,..\data\processed\wet\Middle_2-2_v4.wav,0.6442130159896179,0.3904346306002801,4.400696685598201,0.8939730574625047,0.6442130159896179,0.6507243843338003,0.8668214856884892,0.8939730574625047
Middle_2-20,..\data\processed\wet\Middle_2-20_v0.wav,0.9197925717794364,0.0569095159518936,2.948567008833954,0.7405095212183186,0.9197925717794364,0.0948491932531561,0.5441260019631009,0.7405095212183186
Middle_2-20,..\data\processed\wet\Middle_2-20_v1.wav,0.7569268451270138,0.3640297211820023,1.2505430083265336,0.7974205539416643,0.7569268451270138,0.6067162019700039,0.1667873351836741,0.7974205539416643
Middle_2-20,..\data\processed\wet\Middle_2-20_v2.wav,0.7201113335149457,0.0516814629294217,2.587144211034693,0.1739773995218035,0.7201113335149457,0.0861357715490362,0.4638098246743762,0.1739773995218035
Middle_2-20,..\data\processed\wet\Middle_2-20_v3.wav,0.3374770457129719,0.0108486553234112,2.301484407848412,0.5498769211562105,0.3374770457129719,0.0180810922056854,0.4003298684107583,0.5498769211562105
Middle_2-20,..\data\processed\wet\Middle_2-20_v4.wav,0.6195825928270868,0.398094207077226,4.26331090896107,0.21546290727573,0.6195825928270868,0.6634903451287101,0.83629131310246,0.21546290727573
Middle_2-21,..\data\processed\wet\Middle_2-21_v0.wav,0.1204818224384679,0.5109223031387554,1.2047576670169244,0.9747600813361952,0.1204818224384679,0.8515371718979258,0.1566128148926499,0.9747600813361952
Middle_2-21,..\data\processed\wet\Middle_2-21_v1.wav,0.842538229398637,0.3005259635337595,4.916396412149114,0.0973767291080042,0.842538229398637,0.5008766058895991,0.9814214249220252,0.0973767291080042
Middle_2-21,..\data\processed\wet\Middle_2-21_v2.wav,0.3030657611751016,0.3829346490243668,2.075030908129304,0.9283725519807918,0.3030657611751016,0.6382244150406114,0.3500068684731787,0.9283725519807918
Middle_2-21,..\data\processed\wet\Middle_2-21_v3.wav,0.0656260881778175,0.3296470992365787,3.158898203278015,0.6527281237772241,0.0656260881778175,0.5494118320609646,0.5908662673951145,0.6527281237772241
Middle_2-21,..\data\processed\wet\Middle_2-21_v4.wav,0.2556662233318144,0.2187398565119186,4.296562383492399,0.1949427689701598,0.2556662233318144,0.3645664275198644,0.8436805296649776,0.1949427689701598
Middle_2-3,..\data\processed\wet\Middle_2-3_v0.wav,0.7829236142575724,0.2655929089562598,2.683700340541797,0.7779094067485368,0.7829236142575724,0.4426548482604331,0.4852667423426215,0.7779094067485368
Middle_2-3,..\data\processed\wet\Middle_2-3_v1.wav,0.3823633310616279,0.2658764071937487,2.1928571094633,0.3673405152772799,0.3823633310616279,0.4431273453229145,0.3761904687696222,0.3673405152772799
Middle_2-3,..\data\processed\wet\Middle_2-3_v2.wav,0.5259465769014594,0.4852796667006904,2.1279574036515463,0.5242547205377367,0.5259465769014594,0.8087994445011507,0.3617683119225658,0.5242547205377367
Middle_2-3,..\data\processed\wet\Middle_2-3_v3.wav,0.6707273254426008,0.161663667782193,1.7488526220607663,0.9334131270234548,0.6707273254426008,0.269439446303655,0.2775228049023925,0.9334131270234548
Middle_2-3,..\data\processed\wet\Middle_2-3_v4.wav,0.7235345733310886,0.3463120057339853,3.4147402448927537,0.0292994431034183,0.7235345733310886,0.5771866762233089,0.647720054420612,0.0292994431034183
Middle_2-4,..\data\processed\wet\Middle_2-4_v0.wav,0.6181029655616969,0.3057053239345211,2.9558735590074603,0.3594238268308171,0.6181029655616969,0.5095088732242019,0.5457496797794357,0.3594238268308171
Middle_2-4,..\data\processed\wet\Middle_2-4_v1.wav,0.0814738977129418,0.1160035401672313,4.778351209457023,0.4086995622709339,0.0814738977129418,0.1933392336120521,0.9507447132126718,0.4086995622709339
Middle_2-4,..\data\processed\wet\Middle_2-4_v2.wav,0.4666831558308641,0.0316258739120633,0.6690480329479127,0.7171814470467577,0.4666831558308641,0.0527097898534389,0.0375662295439806,0.7171814470467577
Middle_2-4,..\data\processed\wet\Middle_2-4_v3.wav,0.5380946641211113,0.30522359052976,1.5940603869020091,0.7447507316299222,0.5380946641211113,0.5087059842162667,0.2431245304226686,0.7447507316299222
Middle_2-4,..\data\processed\wet\Middle_2-4_v4.wav,0.1682365791084918,0.113960846196612,2.5732047710672394,0.2862798621119409,0.1682365791084918,0.18993474366102,0.4607121713482754,0.2862798621119409
Middle_2-5,..\data\processed\wet\Middle_2-5_v0.wav,0.2474629812331463,0.3871425867319989,3.4293728534834504,0.8245170697999292,0.2474629812331463,0.6452376445533317,0.6509717452185445,0.8245170697999292
Middle_2-5,..\data\processed\wet\Middle_2-5_v1.wav,0.4177085669729758,0.0438510546156901,1.7314987321465596,0.9800054631968168,0.4177085669729758,0.0730850910261502,0.2736663849214577,0.9800054631968168
Middle_2-5,..\data\processed\wet\Middle_2-5_v2.wav,0.5962585752327021,0.4258422508806121,0.5331102333143654,0.5182057321825209,0.5962585752327021,0.7097370848010203,0.0073578296254145,0.5182057321825209
Middle_2-5,..\data\processed\wet\Middle_2-5_v3.wav,0.0375286575318031,0.3415381272548687,4.643468823362339,0.9684191305004078,0.0375286575318031,0.569230212091448,0.9207708496360753,0.9684191305004078
Middle_2-5,..\data\processed\wet\Middle_2-5_v4.wav,0.5405526753889242,0.2749228831513295,4.752576924118223,0.6736098319966951,0.5405526753889242,0.4582048052522159,0.945017094248494,0.6736098319966951
Middle_2-7,..\data\processed\wet\Middle_2-7_v0.wav,0.6005347682064148,0.3180314035274285,0.6252847306816383,0.2466564468447778,0.6005347682064148,0.5300523392123808,0.0278410512625862,0.2466564468447778
Middle_2-7,..\data\processed\wet\Middle_2-7_v1.wav,0.4596147517329264,0.3771023400501407,3.007633249932848,0.7426359896816905,0.4596147517329264,0.6285039000835678,0.5572518333184107,0.7426359896816905
Middle_2-7,..\data\processed\wet\Middle_2-7_v2.wav,0.2797669308870408,0.3389715645914839,0.8966400952585646,0.4136655235832069,0.2797669308870408,0.5649526076524732,0.0881422433907921,0.4136655235832069
Middle_2-7,..\data\processed\wet\Middle_2-7_v3.wav,0.750160832954601,0.4160405120574263,4.957892317274806,0.277891125987756,0.750160832954601,0.693400853429044,0.9906427371721792,0.277891125987756
Middle_2-7,..\data\processed\wet\Middle_2-7_v4.wav,0.4981892991739791,0.197718248264398,2.4827140132662864,0.8569501298693881,0.4981892991739791,0.3295304137739967,0.4406031140591747,0.8569501298693881
Middle_3-0,..\data\processed\wet\Middle_3-0_v0.wav,0.2688615449790066,0.0126221414762811,3.752776417550956,0.0324865966901649,0.2688615449790066,0.0210369024604686,0.7228392039002123,0.0324865966901649
Middle_3-0,..\data\processed\wet\Middle_3-0_v1.wav,0.5952768411040545,0.3235162764763886,4.85966610760012,0.4842131393476416,0.5952768411040545,0.5391937941273144,0.9688146905778044,0.4842131393476416
Middle_3-0,..\data\processed\wet\Middle_3-0_v2.wav,0.0636014363777973,0.331012780683877,4.284932767772457,0.99684928428144,0.0636014363777973,0.5516879678064617,0.8410961706161015,0.99684928428144
Middle_3-0,..\data\processed\wet\Middle_3-0_v3.wav,0.4303431736890725,0.1921792454980455,4.579939836283995,0.1912421290761213,0.4303431736890725,0.3202987424967425,0.9066532969519988,0.1912421290761213
Middle_3-0,..\data\processed\wet\Middle_3-0_v4.wav,0.6154289150329266,0.2434286545085686,0.6848706422999988,0.3472884743056977,0.6154289150329266,0.4057144241809477,0.0410823649555553,0.3472884743056977
Middle_3-1,..\data\processed\wet\Middle_3-1_v0.wav,0.2652285225026746,0.4116546923660921,4.769557239613632,0.2680471873786377,0.2652285225026746,0.6860911539434869,0.948790497691918,0.2680471873786377
Middle_3-1,..\data\processed\wet\Middle_3-1_v1.wav,0.8114659391516817,0.0332158901630457,2.921544545179159,0.0705500637098945,0.8114659391516817,0.0553598169384095,0.5381210100398132,0.0705500637098945
Middle_3-1,..\data\processed\wet\Middle_3-1_v2.wav,0.9340329911306392,0.4598107683344341,3.460774600420665,0.8238963816246643,0.9340329911306392,0.7663512805573902,0.6579499112045923,0.8238963816246643
Middle_3-1,..\data\processed\wet\Middle_3-1_v3.wav,0.6475197955701631,0.5813666383045747,3.712810765391472,0.9246586095822468,0.6475197955701631,0.9689443971742911,0.7139579478647715,0.9246586095822468
Middle_3-1,..\data\processed\wet\Middle_3-1_v4.wav,0.517131892010638,0.0702386477891175,2.876799746403577,0.1268728280630933,0.517131892010638,0.1170644129818626,0.5281777214230171,0.1268728280630933
Middle_3-10,..\data\processed\wet\Middle_3-10_v0.wav,0.592493479176405,0.2894958363165977,3.301589290247517,0.0100469810548315,0.592493479176405,0.4824930605276629,0.6225753978327817,0.0100469810548315
Middle_3-10,..\data\processed\wet\Middle_3-10_v1.wav,0.1948404916553641,0.2947982591472785,4.777266027151107,0.3836090403551584,0.1948404916553641,0.4913304319121309,0.950503561589135,0.3836090403551584
Middle_3-10,..\data\processed\wet\Middle_3-10_v2.wav,0.4243720260536346,0.4288176534039733,3.217067407787531,0.2989261500983332,0.4243720260536346,0.7146960890066222,0.603792757286118,0.2989261500983332
Middle_3-10,..\data\processed\wet\Middle_3-10_v3.wav,0.4108163955674278,0.1306198793143394,4.847096566085939,0.1306343815573597,0.4108163955674278,0.2176997988572324,0.9660214591302084,0.1306343815573597
Middle_3-10,..\data\processed\wet\Middle_3-10_v4.wav,0.3718367845664194,0.0155033833320067,1.4980077137009589,0.7804711383801549,0.3718367845664194,0.0258389722200111,0.2217794919335464,0.7804711383801549
Middle_3-11,..\data\processed\wet\Middle_3-11_v0.wav,0.2011752322888794,0.0480380415173793,2.635039309300355,0.0099692347345184,0.2011752322888794,0.0800634025289656,0.4744531798445233,0.0099692347345184
Middle_3-11,..\data\processed\wet\Middle_3-11_v1.wav,0.0847661544263331,0.484575521737785,3.9716300518682286,0.915138820404896,0.0847661544263331,0.8076258695629751,0.7714733448596064,0.915138820404896
Middle_3-11,..\data\processed\wet\Middle_3-11_v2.wav,0.8545154359107495,0.4099053379438908,0.7354978578529827,0.7828486179866575,0.8545154359107495,0.6831755632398181,0.0523328573006628,0.7828486179866575
Middle_3-11,..\data\processed\wet\Middle_3-11_v3.wav,0.8455108108405605,0.4794492874631726,2.7881556588861174,0.2329018386494816,0.8455108108405605,0.7990821457719545,0.5084790353080261,0.2329018386494816
Middle_3-11,..\data\processed\wet\Middle_3-11_v4.wav,0.8453299756887267,0.436297685844083,4.913425284749832,0.1556925977559329,0.8453299756887267,0.7271628097401385,0.9807611743888516,0.1556925977559329
Middle_3-12,..\data\processed\wet\Middle_3-12_v0.wav,0.225664583052055,0.1270788899289016,4.066428954296015,0.1869072964501181,0.225664583052055,0.2117981498815027,0.7925397676213366,0.1869072964501181
Middle_3-12,..\data\processed\wet\Middle_3-12_v1.wav,0.0666598298233061,0.5991364839513772,0.6116774515031711,0.8352440601588657,0.0666598298233061,0.9985608065856288,0.0248172114451491,0.8352440601588657
Middle_3-12,..\data\processed\wet\Middle_3-12_v2.wav,0.3653668415506528,0.5049692758546891,2.995792210450152,0.90163122948636,0.3653668415506528,0.8416154597578152,0.554620491211145,0.90163122948636
Middle_3-12,..\data\processed\wet\Middle_3-12_v3.wav,0.9261929864146268,0.0054589087684655,0.8393547919675473,0.2503587295708555,0.9261929864146268,0.0090981812807759,0.0754121759927882,0.2503587295708555
Middle_3-12,..\data\processed\wet\Middle_3-12_v4.wav,0.6693154163635017,0.5329633179069035,2.569738780822832,0.6069731162742654,0.6693154163635017,0.8882721965115059,0.4599419512939627,0.6069731162742654
Middle_3-14,..\data\processed\wet\Middle_3-14_v0.wav,0.2401515960220142,0.1941147682422227,1.3271580026681673,0.5769361233448397,0.2401515960220142,0.3235246137370379,0.1838128894818149,0.5769361233448397
Middle_3-14,..\data\processed\wet\Middle_3-14_v1.wav,0.1548413946474549,0.2137163660768276,3.636558562704183,0.5601159830093484,0.1548413946474549,0.3561939434613794,0.697013013934263,0.5601159830093484
Middle_3-14,..\data\processed\wet\Middle_3-14_v2.wav,0.3864625643279352,0.2521497610845251,3.0294989718045326,0.0058647278871613,0.3864625643279352,0.4202496018075419,0.5621108826232295,0.0058647278871613
Middle_3-14,..\data\processed\wet\Middle_3-14_v3.wav,0.0785098684536098,0.528754840657807,0.8504554509108084,0.7068035962105051,0.0785098684536098,0.8812580677630116,0.0778789890912907,0.7068035962105051
Middle_3-14,..\data\processed\wet\Middle_3-14_v4.wav,0.9200381641090526,0.1624101625810386,2.167211466767814,0.5689214058447163,0.9200381641090526,0.2706836043017311,0.3704914370595142,0.5689214058447163
Middle_3-15,..\data\processed\wet\Middle_3-15_v0.wav,0.8817089696385847,0.5651433523562521,3.828034616500706,0.086619760854694,0.8817089696385847,0.9419055872604204,0.7395632481112681,0.086619760854694
Middle_3-15,..\data\processed\wet\Middle_3-15_v1.wav,0.6691541555348508,0.2461822331235972,2.618154497709777,0.049148390345177,0.6691541555348508,0.410303721872662,0.4707009994910616,0.049148390345177
Middle_3-15,..\data\processed\wet\Middle_3-15_v2.wav,0.1910621393463581,0.4743081645201886,2.542814748715369,0.3016622416311488,0.1910621393463581,0.7905136075336477,0.4539588330478598,0.3016622416311488
Middle_3-15,..\data\processed\wet\Middle_3-15_v3.wav,0.3840190739649581,0.5126397079954081,3.870495578322306,0.2723153971810828,0.3840190739649581,0.8543995133256803,0.7489990174049569,0.2723153971810828
Middle_3-15,..\data\processed\wet\Middle_3-15_v4.wav,0.1175018402123733,0.151198932986443,4.643404029746302,0.5815888378497553,0.1175018402123733,0.2519982216440717,0.9207564510547336,0.5815888378497553
Middle_3-16,..\data\processed\wet\Middle_3-16_v0.wav,0.5334802087447829,0.3578361598154769,2.1471271958593188,0.8071070203195128,0.5334802087447829,0.5963935996924615,0.3660282657465152,0.8071070203195128
Middle_3-16,..\data\processed\wet\Middle_3-16_v1.wav,0.5232862493002498,0.0700487416612773,1.0807930617307833,0.5368591465026183,0.5232862493002498,0.1167479027687955,0.1290651248290629,0.5368591465026183
Middle_3-16,..\data\processed\wet\Middle_3-16_v2.wav,0.9365702180708392,0.1850112730057192,4.412935259866482,0.7640955865788793,0.9365702180708392,0.3083521216761987,0.8695411688592183,0.7640955865788793
Middle_3-16,..\data\processed\wet\Middle_3-16_v3.wav,0.2478124429069068,0.0218044489897454,0.9583126931407224,0.7284939338474402,0.2478124429069068,0.0363407483162424,0.1018472651423827,0.7284939338474402
Middle_3-16,..\data\processed\wet\Middle_3-16_v4.wav,0.1996697380406467,0.2227625523032362,2.757646247028912,0.7254681684501628,0.1996697380406467,0.3712709205053938,0.5016991660064248,0.7254681684501628
Middle_3-17,..\data\processed\wet\Middle_3-17_v0.wav,0.1132312232591253,0.2438198431664768,2.682828091142129,0.5408270639715397,0.1132312232591253,0.4063664052774615,0.4850729091426953,0.5408270639715397
Middle_3-17,..\data\processed\wet\Middle_3-17_v1.wav,0.8183606413952167,0.1030069170259301,4.1352415332198005,0.6928784276966522,0.8183606413952167,0.1716781950432169,0.8078314518266223,0.6928784276966522
Middle_3-17,..\data\processed\wet\Middle_3-17_v2.wav,0.5558708141989593,0.4197167222415431,2.354079825282453,0.1383975859681245,0.5558708141989593,0.6995278704025719,0.4120177389516563,0.1383975859681245
Middle_3-17,..\data\processed\wet\Middle_3-17_v3.wav,0.6657652402653673,0.3148033840113733,3.3771866024424897,0.33799878102849,0.6657652402653673,0.5246723066856223,0.6393748005427755,0.33799878102849
Middle_3-17,..\data\processed\wet\Middle_3-17_v4.wav,0.906866577339836,0.3524219211453461,0.8843111793089322,0.4498039907044286,0.906866577339836,0.5873698685755769,0.0854024842908738,0.4498039907044286
Middle_3-18,..\data\processed\wet\Middle_3-18_v0.wav,0.7563560547436343,0.4764807370393634,2.7256867374369143,0.8947475708313011,0.7563560547436343,0.7941345617322724,0.4945970527637587,0.8947475708313011
Middle_3-18,..\data\processed\wet\Middle_3-18_v1.wav,0.2676684371942975,0.2463592183429599,4.543686097560365,0.8962567164715789,0.2676684371942975,0.4105986972382666,0.8985969105689701,0.8962567164715789
Middle_3-18,..\data\processed\wet\Middle_3-18_v2.wav,0.6857127688246809,0.515388328273332,0.899479701303047,0.8649949762077763,0.6857127688246809,0.85898054712222,0.0887732669562326,0.8649949762077763
Middle_3-18,..\data\processed\wet\Middle_3-18_v3.wav,0.3206199065502267,0.1069989074569297,1.5771642635392085,0.4179685080138871,0.3206199065502267,0.1783315124282163,0.2393698363420463,0.4179685080138871
Middle_3-18,..\data\processed\wet\Middle_3-18_v4.wav,0.2511920046044672,0.1923405516098994,1.1074031873223893,0.2961767655589985,0.2511920046044672,0.320567586016499,0.134978486071642,0.2961767655589985
Middle_3-22,..\data\processed\wet\Middle_3-22_v0.wav,0.171085966857162,0.0679460709838919,3.06584247109912,0.8618438232948299,0.171085966857162,0.1132434516398198,0.5701872157998045,0.8618438232948299
Middle_3-22,..\data\processed\wet\Middle_3-22_v1.wav,0.4771098176939261,0.5967385540107149,3.556272647920968,0.0740749072104477,0.4771098176939261,0.9945642566845248,0.6791716995379928,0.0740749072104477
Middle_3-22,..\data\processed\wet\Middle_3-22_v2.wav,0.9928321316819754,0.2447365420681142,1.7933114023046717,0.5578791835778856,0.9928321316819754,0.4078942367801904,0.2874025338454825,0.5578791835778856
Middle_3-22,..\data\processed\wet\Middle_3-22_v3.wav,0.3043075918208643,0.0518745042720913,0.5064275438562953,0.4495833529202623,0.3043075918208643,0.0864575071201523,0.0014283430791767,0.4495833529202623
Middle_3-22,..\data\processed\wet\Middle_3-22_v4.wav,0.8368634222265923,0.3433891113780459,4.996432845245484,0.2868466456471999,0.8368634222265923,0.5723151856300766,0.9992072989434408,0.2868466456471999
Middle_3-4,..\data\processed\wet\Middle_3-4_v0.wav,0.3550152661362467,0.2891401002659864,2.7641009963674392,0.3159358223856368,0.3550152661362467,0.4819001671099773,0.5031335547483198,0.3159358223856368
Middle_3-4,..\data\processed\wet\Middle_3-4_v1.wav,0.729240249097568,0.5248482440933848,4.724236858900383,0.8050933767995262,0.729240249097568,0.8747470734889747,0.9387193019778628,0.8050933767995262
Middle_3-4,..\data\processed\wet\Middle_3-4_v2.wav,0.8505801973065994,0.3303271803719973,4.216497018920665,0.3035039091479522,0.8505801973065994,0.5505453006199955,0.8258882264268146,0.3035039091479522
Middle_3-4,..\data\processed\wet\Middle_3-4_v3.wav,0.3984787621092144,0.1901478082911265,2.6032430095156647,0.2855796162386363,0.3984787621092144,0.3169130138185443,0.4673873354479255,0.2855796162386363
Middle_3-4,..\data\processed\wet\Middle_3-4_v4.wav,0.9616114422544468,0.1877067768034009,0.9412004214992292,0.5268171660504134,0.9616114422544468,0.3128446280056681,0.0980445381109398,0.5268171660504134
Middle_3-8,..\data\processed\wet\Middle_3-8_v0.wav,0.0719067173164456,0.5454033533014218,4.809949961793001,0.0777124183917254,0.0719067173164456,0.9090055888357028,0.9577666581762224,0.0777124183917254
Middle_3-8,..\data\processed\wet\Middle_3-8_v1.wav,0.5323602348613149,0.1820185693285022,2.2677758441663105,0.1796512179553419,0.5323602348613149,0.3033642822141704,0.3928390764814023,0.1796512179553419
Middle_3-8,..\data\processed\wet\Middle_3-8_v2.wav,0.5780721020124125,0.5747876119493344,2.7638267012222406,0.0829145813944811,0.5780721020124125,0.9579793532488906,0.503072600271609,0.0829145813944811
Middle_3-8,..\data\processed\wet\Middle_3-8_v3.wav,0.6200013334774084,0.2041337966707542,4.35166335316084,0.4346781483164702,0.6200013334774084,0.340222994451257,0.8559251895912978,0.4346781483164702
Middle_3-8,..\data\processed\wet\Middle_3-8_v4.wav,0.1928396089422456,0.1146633736146869,3.959438813245222,0.2655875983073599,0.1928396089422456,0.1911056226911449,0.7687641807211604,0.2655875983073599
Middle_3-9,..\data\processed\wet\Middle_3-9_v0.wav,0.767233394159223,0.1235323864599596,1.947588659155892,0.4654869724396994,0.767233394159223,0.2058873107665993,0.3216863687013094,0.4654869724396994
Middle_3-9,..\data\processed\wet\Middle_3-9_v1.wav,0.9431958496934508,0.5590388548522948,1.4309234394002952,0.3582190412430728,0.9431958496934508,0.9317314247538246,0.2068718754222878,0.3582190412430728
Middle_3-9,..\data\processed\wet\Middle_3-9_v2.wav,0.1493993884537723,0.3059910475880982,2.5726214781259995,0.9007601624507324,0.1493993884537723,0.5099850793134971,0.4605825506946666,0.9007601624507324
Middle_3-9,..\data\processed\wet\Middle_3-9_v3.wav,0.9300053777910726,0.2301404346043752,2.712820743585453,0.8962362491461331,0.9300053777910726,0.3835673910072921,0.4917379430189894,0.8962362491461331
Middle_3-9,..\data\processed\wet\Middle_3-9_v4.wav,0.8067078077450615,0.0021937868067895,1.9402680388261213,0.4217742419361259,0.8067078077450615,0.0036563113446492,0.3200595641835825,0.4217742419361259
Middle_4-0,..\data\processed\wet\Middle_4-0_v0.wav,0.2297162836832317,0.1197429695375632,0.6700302796805585,0.6433697250697605,0.2297162836832317,0.1995716158959387,0.0377845065956796,0.6433697250697605
Middle_4-0,..\data\processed\wet\Middle_4-0_v1.wav,0.2625102904831656,0.0314083070587878,1.5394068973762864,0.8019139528361265,0.2625102904831656,0.052347178431313,0.2309793105280636,0.8019139528361265
Middle_4-0,..\data\processed\wet\Middle_4-0_v2.wav,0.8514891816465466,0.2898397471159816,2.372318016839088,0.9778536935017818,0.8514891816465466,0.4830662451933026,0.4160706704086861,0.9778536935017818
Middle_4-0,..\data\processed\wet\Middle_4-0_v3.wav,0.2005646595880699,0.129215569712765,1.8134022966637988,0.1727573182810873,0.2005646595880699,0.2153592828546084,0.2918671770363997,0.1727573182810873
Middle_4-0,..\data\processed\wet\Middle_4-0_v4.wav,0.3793655982041866,0.5465005361938523,3.2690652828285844,0.4119465486122636,0.3793655982041866,0.910834226989754,0.6153478406285743,0.4119465486122636
Middle_4-1,..\data\processed\wet\Middle_4-1_v0.wav,0.9344107945712148,0.0290785394854933,1.4462428005583765,0.565888605101759,0.9344107945712148,0.0484642324758223,0.2102761779018614,0.565888605101759
Middle_4-1,..\data\processed\wet\Middle_4-1_v1.wav,0.6155526231931792,0.0237345039375678,2.3136744105820948,0.6491539648308727,0.6155526231931792,0.0395575065626131,0.4030387579071322,0.6491539648308727
Middle_4-1,..\data\processed\wet\Middle_4-1_v2.wav,0.6980705464034016,0.3828839415097615,1.9425345096241604,0.0935201235979095,0.6980705464034016,0.6381399025162693,0.3205632243609245,0.0935201235979095
Middle_4-1,..\data\processed\wet\Middle_4-1_v3.wav,0.4271124464193341,0.0772526624208332,4.764306463343002,0.4751708660226282,0.4271124464193341,0.1287544373680554,0.947623658520667,0.4751708660226282
Middle_4-1,..\data\processed\wet\Middle_4-1_v4.wav,0.3172591743568675,0.45978244267134,2.740768666620188,0.31003402401245,0.3172591743568675,0.7663040711189001,0.4979485925822639,0.31003402401245
Middle_4-10,..\data\processed\wet\Middle_4-10_v0.wav,0.8119677423908017,0.5202912906006731,3.5285367482990466,0.0469644224076672,0.8119677423908017,0.867152151001122,0.673008166288677,0.0469644224076672
Middle_4-10,..\data\processed\wet\Middle_4-10_v1.wav,0.5663228801665321,0.4579769471983689,1.11426355437612,0.2286707513846033,0.5663228801665321,0.7632949119972816,0.1365030120835822,0.2286707513846033
Middle_4-10,..\data\processed\wet\Middle_4-10_v2.wav,0.8824951050681364,0.0120730331118444,3.887272120216892,0.4737732925144229,0.8824951050681364,0.020121721853074,0.752727137825976,0.4737732925144229
Middle_4-10,..\data\processed\wet\Middle_4-10_v3.wav,0.4467721588396068,0.0042579194969323,4.1872920393492175,0.3598249006365664,0.4467721588396068,0.0070965324948871,0.8193982309664928,0.3598249006365664
Middle_4-10,..\data\processed\wet\Middle_4-10_v4.wav,0.5407656313005429,0.4063804118013956,3.661833093970621,0.9559800588260724,0.5407656313005429,0.6773006863356594,0.7026295764379158,0.9559800588260724
Middle_4-11,..\data\processed\wet\Middle_4-11_v0.wav,0.5313399532366091,0.2398317305846565,4.791666319212686,0.6421102350255211,0.5313399532366091,0.3997195509744276,0.953703626491708,0.6421102350255211
Middle_4-11,..\data\processed\wet\Middle_4-11_v1.wav,0.2981503562765556,0.0758785472421426,4.291495256593316,0.3621816027941515,0.2981503562765556,0.1264642454035711,0.8425545014651813,0.3621816027941515
Middle_4-11,..\data\processed\wet\Middle_4-11_v2.wav,0.6604697213644312,0.2824898516195389,1.3951840090776726,0.6016866086204651,0.6604697213644312,0.4708164193658981,0.1989297797950383,0.6016866086204651
Middle_4-11,..\data\processed\wet\Middle_4-11_v3.wav,0.0606830689506823,0.2480054759227153,2.95976722848652,0.436046974118579,0.0606830689506823,0.4133424598711922,0.546614939663671,0.436046974118579
Middle_4-11,..\data\processed\wet\Middle_4-11_v4.wav,0.7486721752509908,0.4967549727271874,3.970593833149301,0.0388129478118021,0.7486721752509908,0.8279249545453125,0.771243074033178,0.0388129478118021
Middle_4-12,..\data\processed\wet\Middle_4-12_v0.wav,0.1941287704459722,0.3219645055582645,4.706699181997106,0.8349567750521169,0.1941287704459722,0.5366075092637743,0.9348220404438012,0.8349567750521169
Middle_4-12,..\data\processed\wet\Middle_4-12_v1.wav,0.8425345083518017,0.1819249162558049,2.4325155368541616,0.4707059473159374,0.8425345083518017,0.3032081937596749,0.4294478970787025,0.4707059473159374
Middle_4-12,..\data\processed\wet\Middle_4-12_v2.wav,0.1573715833499104,0.0186408781466737,4.761063047572326,0.2407125856635067,0.1573715833499104,0.0310681302444563,0.9469028994605168,0.2407125856635067
Middle_4-12,..\data\processed\wet\Middle_4-12_v3.wav,0.2399489037236313,0.0500274322612557,4.678284883747003,0.579737114939772,0.2399489037236313,0.0833790537687595,0.9285077519437784,0.579737114939772
Middle_4-12,..\data\processed\wet\Middle_4-12_v4.wav,0.6670368571253539,0.5469461323578315,2.055290760053553,0.6215073111380841,0.6670368571253539,0.9115768872630524,0.3456201689007895,0.6215073111380841
Middle_4-13,..\data\processed\wet\Middle_4-13_v0.wav,0.0387994547288874,0.1120635169386776,4.240606122904741,0.7667683563383357,0.0387994547288874,0.1867725282311293,0.8312458050899425,0.7667683563383357
Middle_4-13,..\data\processed\wet\Middle_4-13_v1.wav,0.3506426914571469,0.2260863766645274,2.9009949509911075,0.0002410046851345,0.3506426914571469,0.3768106277742125,0.5335544335535795,0.0002410046851345
Middle_4-13,..\data\processed\wet\Middle_4-13_v2.wav,0.2412443360380278,0.1249390851649286,1.6271732603739355,0.8059058425334413,0.2412443360380278,0.2082318086082144,0.2504829467497634,0.8059058425334413
Middle_4-13,..\data\processed\wet\Middle_4-13_v3.wav,0.2796738565464431,0.1149127932300888,2.7691855735686417,0.8656450363727319,0.2796738565464431,0.1915213220501481,0.5042634607930315,0.8656450363727319
Middle_4-13,..\data\processed\wet\Middle_4-13_v4.wav,0.2413497038374998,0.0471217456756792,2.103821311323492,0.7476518245649778,0.2413497038374998,0.0785362427927987,0.3564047358496647,0.7476518245649778
Middle_4-14,..\data\processed\wet\Middle_4-14_v0.wav,0.5506905446947946,0.4900760217446084,4.818164664241553,0.792662476751617,0.5506905446947946,0.8167933695743474,0.959592147609234,0.792662476751617
Middle_4-14,..\data\processed\wet\Middle_4-14_v1.wav,0.6038030788437534,0.2960049528314283,0.6803108885672,0.9843219788140412,0.6038030788437534,0.4933415880523805,0.0400690863482666,0.9843219788140412
Middle_4-14,..\data\processed\wet\Middle_4-14_v2.wav,0.3834811225750425,0.09133692835012,3.5001898492840557,0.2842882890954593,0.3834811225750425,0.1522282139168668,0.6667088553964567,0.2842882890954593
Middle_4-14,..\data\processed\wet\Middle_4-14_v3.wav,0.5857782709310476,0.3520607447067547,2.5057841940629118,0.8361186155450426,0.5857782709310476,0.5867679078445912,0.4457298209028691,0.8361186155450426
Middle_4-14,..\data\processed\wet\Middle_4-14_v4.wav,0.264967061555443,0.2691795549706405,2.919614578659372,0.6636247207672996,0.264967061555443,0.4486325916177341,0.5376921285909715,0.6636247207672996
Middle_4-15,..\data\processed\wet\Middle_4-15_v0.wav,0.7839718505055895,0.2368843697269536,3.407211248434682,0.1506109530685191,0.7839718505055895,0.394807282878256,0.646046944096596,0.1506109530685191
Middle_4-15,..\data\processed\wet\Middle_4-15_v1.wav,0.9326481005424786,0.2298352838526021,3.782846398893973,0.0203410818821776,0.9326481005424786,0.3830588064210035,0.7295214219764384,0.0203410818821776
Middle_4-15,..\data\processed\wet\Middle_4-15_v2.wav,0.205187142904807,0.2922495265941467,4.45213610479556,0.5272551499506771,0.205187142904807,0.4870825443235779,0.8782524677323467,0.5272551499506771
Middle_4-15,..\data\processed\wet\Middle_4-15_v3.wav,0.929870482293879,0.2902781379496778,2.7070209353117747,0.1197467885005318,0.929870482293879,0.4837968965827963,0.4904490967359499,0.1197467885005318
Middle_4-15,..\data\processed\wet\Middle_4-15_v4.wav,0.8026562441522198,0.1481792474802375,4.548256202175418,0.910824220330396,0.8026562441522198,0.2469654124670625,0.8996124893723151,0.910824220330396
Middle_4-20,..\data\processed\wet\Middle_4-20_v0.wav,0.7298891177035978,0.2465597429776549,3.3314863685373144,0.6993129211553037,0.7298891177035978,0.4109329049627582,0.6292191930082921,0.6993129211553037
Middle_4-20,..\data\processed\wet\Middle_4-20_v1.wav,0.7111218170152859,0.0311796588787081,4.368865125582801,0.4582533147650479,0.7111218170152859,0.0519660981311802,0.8597478056850668,0.4582533147650479
Middle_4-20,..\data\processed\wet\Middle_4-20_v2.wav,0.2624160816962144,0.1450587044878089,2.673563507797777,0.8868315394689592,0.2624160816962144,0.2417645074796816,0.4830141128439504,0.8868315394689592
Middle_4-20,..\data\processed\wet\Middle_4-20_v3.wav,0.3783475816826469,0.449835448070126,0.9356842894424836,0.4760567021510618,0.3783475816826469,0.7497257467835433,0.0968187309872186,0.4760567021510618
Middle_4-20,..\data\processed\wet\Middle_4-20_v4.wav,0.9916861403927356,0.4622626816754022,1.4473781979827585,0.5014414736979107,0.9916861403927356,0.770437802792337,0.210528488440613,0.5014414736979107
Middle_4-21,..\data\processed\wet\Middle_4-21_v0.wav,0.2336247636485665,0.2457365563575055,4.010378106807341,0.7712248152904037,0.2336247636485665,0.4095609272625092,0.7800840237349647,0.7712248152904037
Middle_4-21,..\data\processed\wet\Middle_4-21_v1.wav,0.2281003779023851,0.553333990892916,3.166556822441721,0.3799242909620145,0.2281003779023851,0.92222331815486,0.5925681827648268,0.3799242909620145
Middle_4-21,..\data\processed\wet\Middle_4-21_v2.wav,0.5019355807808606,0.3630427520626462,3.0195073933060343,0.4864050355361782,0.5019355807808606,0.6050712534377437,0.5598905318457854,0.4864050355361782
Middle_4-21,..\data\processed\wet\Middle_4-21_v3.wav,0.5049328040894001,0.1058471462567317,4.157298069371057,0.5417603199410154,0.5049328040894001,0.1764119104278861,0.8127329043046794,0.5417603199410154
Middle_4-21,..\data\processed\wet\Middle_4-21_v4.wav,0.1310798617047031,0.4596942609496667,4.695997902698078,0.947306899236962,0.1310798617047031,0.7661571015827779,0.9324439783773508,0.947306899236962
Middle_4-4,..\data\processed\wet\Middle_4-4_v0.wav,0.8194278536703651,0.5433492825438793,1.0389198489448874,0.5319329775527915,0.8194278536703651,0.905582137573132,0.1197599664321972,0.5319329775527915
Middle_4-4,..\data\processed\wet\Middle_4-4_v1.wav,0.2845119597424441,0.0282367187261684,3.508460128012934,0.8627707774592256,0.2845119597424441,0.0470611978769474,0.6685466951139853,0.8627707774592256
Middle_4-4,..\data\processed\wet\Middle_4-4_v2.wav,0.162902654477394,0.4874481945743403,4.340280800916237,0.9143404426664836,0.162902654477394,0.8124136576239005,0.8533957335369416,0.9143404426664836
Middle_4-4,..\data\processed\wet\Middle_4-4_v3.wav,0.2652850890860524,0.5423718391139335,1.942982396313945,0.5523380134555028,0.2652850890860524,0.9039530651898892,0.3206627547364322,0.5523380134555028
Middle_4-4,..\data\processed\wet\Middle_4-4_v4.wav,0.0505074708322821,0.0263286530212461,3.741679457294913,0.444479977977791,0.0505074708322821,0.0438810883687436,0.7203732127322029,0.444479977977791
Middle_4-6,..\data\processed\wet\Middle_4-6_v0.wav,0.5703125078265039,0.0321459357644447,1.132245544079828,0.6225493962131138,0.5703125078265039,0.0535765596074079,0.1404990097955173,0.6225493962131138
Middle_4-6,..\data\processed\wet\Middle_4-6_v1.wav,0.2078238414588358,0.3024420478490546,2.9519675871322706,0.2835071902709394,0.2078238414588358,0.5040700797484243,0.5448816860293935,0.2835071902709394
Middle_4-6,..\data\processed\wet\Middle_4-6_v2.wav,0.9484251555414928,0.5054784641013451,3.750680784347593,0.077993866409409,0.9484251555414928,0.8424641068355753,0.7223735076327985,0.077993866409409
Middle_4-6,..\data\processed\wet\Middle_4-6_v3.wav,0.1061300193090194,0.2956688075189734,1.2232100713594356,0.978265463529474,0.1061300193090194,0.4927813458649557,0.1607133491909856,0.978265463529474
Middle_4-6,..\data\processed\wet\Middle_4-6_v4.wav,0.1585202340274094,0.2924807012783844,2.1385447557867745,0.639386421454098,0.1585202340274094,0.487467835463974,0.3641210568415054,0.639386421454098
Middle_4-7,..\data\processed\wet\Middle_4-7_v0.wav,0.1290364088894249,0.2581898568254345,1.7361726476321464,0.887751524671688,0.1290364088894249,0.4303164280423909,0.2747050328071436,0.887751524671688
Middle_4-7,..\data\processed\wet\Middle_4-7_v1.wav,0.040585712134695,0.5482364964038755,4.248473623488502,0.2975707164408154,0.040585712134695,0.9137274940064593,0.8329941385530005,0.2975707164408154
Middle_4-7,..\data\processed\wet\Middle_4-7_v2.wav,0.7892906546771047,0.0187281362032485,4.850894976320271,0.5265949425897893,0.7892906546771047,0.0312135603387475,0.9668655502933936,0.5265949425897893
Middle_4-7,..\data\processed\wet\Middle_4-7_v3.wav,0.3032810260654452,0.2175499275568062,0.7988240905722381,0.9893495140420392,0.3032810260654452,0.3625832125946771,0.0664053534604973,0.9893495140420392
Middle_4-7,..\data\processed\wet\Middle_4-7_v4.wav,0.0392919451506924,0.3929442738887154,2.4923116746790623,0.9489162181887152,0.0392919451506924,0.654907123147859,0.4427359277064583,0.9489162181887152
Middle_4-8,..\data\processed\wet\Middle_4-8_v0.wav,0.2459997403067951,0.3192520943628067,2.6706029386223884,0.7028664440501013,0.2459997403067951,0.5320868239380113,0.4823562085827529,0.7028664440501013
Middle_4-8,..\data\processed\wet\Middle_4-8_v1.wav,0.0680102319524205,0.1162734780140129,1.4655416904178242,0.7381507548416897,0.0680102319524205,0.1937891300233548,0.2145648200928498,0.7381507548416897
Middle_4-8,..\data\processed\wet\Middle_4-8_v2.wav,0.18913869632674,0.344095058334586,1.4685971922542915,0.8616249500839784,0.18913869632674,0.5734917638909767,0.2152438205009536,0.8616249500839784
Middle_4-8,..\data\processed\wet\Middle_4-8_v3.wav,0.9421854544896384,0.3110957849653442,2.0853899789413024,0.2340577750174991,0.9421854544896384,0.5184929749422404,0.3523088842091783,0.2340577750174991
Middle_4-8,..\data\processed\wet\Middle_4-8_v4.wav,0.0497810015230437,0.1611000457184972,3.4440610097539306,0.5336169313092108,0.0497810015230437,0.2685000761974954,0.6542357799453179,0.5336169313092108
Middle_5-0,..\data\processed\wet\Middle_5-0_v0.wav,0.7044936364116847,0.2723079382841469,2.9327494744612808,0.8496001749824581,0.7044936364116847,0.4538465638069116,0.540610994324729,0.8496001749824581
Middle_5-0,..\data\processed\wet\Middle_5-0_v1.wav,0.4801349396383731,0.2239244214630761,2.719613718616936,0.5791298040350491,0.4801349396383731,0.3732073691051268,0.4932474930259858,0.5791298040350491
Middle_5-0,..\data\processed\wet\Middle_5-0_v2.wav,0.1890776537783488,0.5405446381601944,3.533841269733262,0.6332689173374889,0.1890776537783488,0.9009077302669908,0.6741869488296138,0.6332689173374889
Middle_5-0,..\data\processed\wet\Middle_5-0_v3.wav,0.0994962261806381,0.3625043629035551,1.0443229800732154,0.078697675195399,0.0994962261806381,0.6041739381725918,0.1209606622384923,0.078697675195399
Middle_5-0,..\data\processed\wet\Middle_5-0_v4.wav,0.5273108956423933,0.2416713204278969,3.1496462157030045,0.0892221680572386,0.5273108956423933,0.402785534046495,0.5888102701562232,0.0892221680572386
Middle_5-1,..\data\processed\wet\Middle_5-1_v0.wav,0.4309830628472584,0.1048720290270947,4.941950386658524,0.5611502124351744,0.4309830628472584,0.1747867150451579,0.9871000859241164,0.5611502124351744
Middle_5-1,..\data\processed\wet\Middle_5-1_v1.wav,0.6874368609408673,0.1952509684095646,0.9263251165070489,0.9758708627835366,0.6874368609408673,0.3254182806826078,0.0947389147793441,0.9758708627835366
Middle_5-1,..\data\processed\wet\Middle_5-1_v2.wav,0.2862590353831832,0.2542849111041445,3.424387647661588,0.0246972976861112,0.2862590353831832,0.4238081851735742,0.649863921702575,0.0246972976861112
Middle_5-1,..\data\processed\wet\Middle_5-1_v3.wav,0.8102591305172869,0.3219469140171722,1.7519773418096998,0.0616079852924692,0.8102591305172869,0.5365781900286203,0.2782171870688221,0.0616079852924692
Middle_5-1,..\data\processed\wet\Middle_5-1_v4.wav,0.1624984154744414,0.5370203153120621,3.587109007711509,0.2499017216368898,0.1624984154744414,0.8950338588534368,0.686024223935891,0.2499017216368898
Middle_5-10,..\data\processed\wet\Middle_5-10_v0.wav,0.0656007649450295,0.4143691874319817,3.075834766854943,0.404519524458235,0.0656007649450295,0.6906153123866363,0.5724077259677651,0.404519524458235
Middle_5-10,..\data\processed\wet\Middle_5-10_v1.wav,0.3636114491900638,0.1300885655574649,3.5132506544188296,0.9706680277938704,0.3636114491900638,0.2168142759291083,0.6696112565375176,0.9706680277938704
Middle_5-10,..\data\processed\wet\Middle_5-10_v2.wav,0.1757152458368258,0.358269972009302,2.408832750856893,0.4466887217446649,0.1757152458368258,0.5971166200155034,0.4241850557459762,0.4466887217446649
Middle_5-10,..\data\processed\wet\Middle_5-10_v3.wav,0.2541472801278144,0.4950809253968514,2.683650218662585,0.5434058521982641,0.2541472801278144,0.8251348756614191,0.4852556041472411,0.5434058521982641
Middle_5-10,..\data\processed\wet\Middle_5-10_v4.wav,0.3047609127973257,0.1090850794001698,0.8865967469126922,0.7141191409249159,0.3047609127973257,0.1818084656669497,0.0859103882028204,0.7141191409249159
Middle_5-11,..\data\processed\wet\Middle_5-11_v0.wav,0.1962342816878556,0.4140452125132786,2.2566940072112924,0.4157748009896514,0.1962342816878556,0.6900753541887977,0.3903764460469539,0.4157748009896514
Middle_5-11,..\data\processed\wet\Middle_5-11_v1.wav,0.4691774960927717,0.2206251048765259,0.9527898975016552,0.3096318100028458,0.4691774960927717,0.3677085081275432,0.10061997722259,0.3096318100028458
Middle_5-11,..\data\processed\wet\Middle_5-11_v2.wav,0.6637343606939384,0.3994706408813225,1.7880093825799743,0.4601026265576879,0.6637343606939384,0.665784401468871,0.2862243072399943,0.4601026265576879
Middle_5-11,..\data\processed\wet\Middle_5-11_v3.wav,0.1934472280119374,0.1262232489179014,0.6037118978297333,0.8967465499077446,0.1934472280119374,0.2103720815298357,0.0230470884066074,0.8967465499077446
Middle_5-11,..\data\processed\wet\Middle_5-11_v4.wav,0.2107066650749062,0.1365203261618779,1.7582064469030931,0.127408071695429,0.2107066650749062,0.2275338769364633,0.2796014326451318,0.127408071695429
Middle_5-12,..\data\processed\wet\Middle_5-12_v0.wav,0.6392628831813628,0.0450857719065519,1.1039109184685765,0.6447567265900929,0.6392628831813628,0.0751429531775865,0.1342024263263502,0.6447567265900929
Middle_5-12,..\data\processed\wet\Middle_5-12_v1.wav,0.3396606204814427,0.4247686960207134,3.008411351015639,0.256021173061513,0.3396606204814427,0.707947826701189,0.557424744670142,0.256021173061513
Middle_5-12,..\data\processed\wet\Middle_5-12_v2.wav,0.6508279504893281,0.0697642081757283,2.9138467238601367,0.4371481050450346,0.6508279504893281,0.1162736802928806,0.5364103830800304,0.4371481050450346
Middle_5-12,..\data\processed\wet\Middle_5-12_v3.wav,0.2678735828174408,0.3624029986437,4.421001165531271,0.9989046997630768,0.2678735828174408,0.6040049977395001,0.8713335923402824,0.9989046997630768
Middle_5-12,..\data\processed\wet\Middle_5-12_v4.wav,0.6077627687434245,0.2428235245975021,1.5134319509729073,0.2570960893951117,0.6077627687434245,0.4047058743291701,0.2252071002162016,0.2570960893951117
Middle_5-13,..\data\processed\wet\Middle_5-13_v0.wav,0.4794549781497657,0.2203666207684255,4.612165351812249,0.3682954676557095,0.4794549781497657,0.3672777012807092,0.913814522624944,0.3682954676557095
Middle_5-13,..\data\processed\wet\Middle_5-13_v1.wav,0.3734445911454355,0.2301207074603861,4.264790946654461,0.6507883208469019,0.3734445911454355,0.3835345124339769,0.836620210367658,0.6507883208469019
Middle_5-13,..\data\processed\wet\Middle_5-13_v2.wav,0.6141688503188927,0.2004858134303173,4.180568795745978,0.0383638613557011,0.6141688503188927,0.3341430223838622,0.8179041768324394,0.0383638613557011
Middle_5-13,..\data\processed\wet\Middle_5-13_v3.wav,0.8707971723381132,0.3076499398763577,2.2921260568853574,0.4971672807176857,0.8707971723381132,0.5127498997939296,0.3982502348634127,0.4971672807176857
Middle_5-13,..\data\processed\wet\Middle_5-13_v4.wav,0.6674155305338311,0.0076592559107384,4.421983354062115,0.4467395253113928,0.6674155305338311,0.0127654265178973,0.8715518564582477,0.4467395253113928
Middle_5-14,..\data\processed\wet\Middle_5-14_v0.wav,0.3429665197000782,0.0829473393804342,2.4775941846129896,0.4963227712843788,0.3429665197000782,0.1382455656340571,0.4394653743584421,0.4963227712843788
Middle_5-14,..\data\processed\wet\Middle_5-14_v1.wav,0.4036466944934778,0.4071960562961382,2.3940343794165173,0.9614175778465732,0.4036466944934778,0.6786600938268971,0.420896528759226,0.9614175778465732
Middle_5-14,..\data\processed\wet\Middle_5-14_v2.wav,0.5992775178235918,0.4844867613911453,0.9921015639926548,0.3972912929459057,0.5992775178235918,0.807477935651909,0.1093559031094788,0.3972912929459057
Middle_5-14,..\data\processed\wet\Middle_5-14_v3.wav,0.3368477014471527,0.3416894328819551,4.375010840276415,0.0783382177620066,0.3368477014471527,0.5694823881365918,0.8611135200614256,0.0783382177620066
Middle_5-14,..\data\processed\wet\Middle_5-14_v4.wav,0.0725747980447107,0.5101906248945594,1.4578253871726083,0.6687532544498137,0.0725747980447107,0.850317708157599,0.2128500860383574,0.6687532544498137
Middle_5-15,..\data\processed\wet\Middle_5-15_v0.wav,0.5428781323608052,0.4997361569323376,1.0629000942638158,0.1297829657226112,0.5428781323608052,0.8328935948872295,0.1250889098364035,0.1297829657226112
Middle_5-15,..\data\processed\wet\Middle_5-15_v1.wav,0.5568183602783076,0.5678271920150225,2.367489912668394,0.3269421002546949,0.5568183602783076,0.9463786533583708,0.4149977583707542,0.3269421002546949
Middle_5-15,..\data\processed\wet\Middle_5-15_v2.wav,0.6066893231978858,0.5582691603270187,4.266175247800806,0.99548361073322,0.6066893231978858,0.9304486005450312,0.8369278328446236,0.99548361073322
Middle_5-15,..\data\processed\wet\Middle_5-15_v3.wav,0.022568583202377,0.0677148868276573,3.242604935149799,0.8205764393338497,0.022568583202377,0.1128581447127622,0.609467763366622,0.8205764393338497
Middle_5-15,..\data\processed\wet\Middle_5-15_v4.wav,0.2852443423067665,0.1435266528205312,4.041391097215405,0.0563818538532315,0.2852443423067665,0.2392110880342187,0.786975799381201,0.0563818538532315
Middle_5-16,..\data\processed\wet\Middle_5-16_v0.wav,0.3693826475825851,0.3034855335553978,3.0215690345764554,0.7286151567927769,0.3693826475825851,0.5058092225923297,0.5603486743503234,0.7286151567927769
Middle_5-16,..\data\processed\wet\Middle_5-16_v1.wav,0.3548457234306582,0.3676106068047643,3.134189402559304,0.5476161006537471,0.3548457234306582,0.6126843446746072,0.5853754227909563,0.5476161006537471
Middle_5-16,..\data\processed\wet\Middle_5-16_v2.wav,0.6404832931422122,0.1556695026408457,0.8809193911308304,0.1192716720397434,0.6404832931422122,0.2594491710680763,0.0846487535846289,0.1192716720397434
Middle_5-16,..\data\processed\wet\Middle_5-16_v3.wav,0.224582382653901,0.3001187613136711,4.28199237745709,0.7012933420883841,0.224582382653901,0.5001979355227852,0.84044275054602,0.7012933420883841
Middle_5-16,..\data\processed\wet\Middle_5-16_v4.wav,0.7890406042020471,0.2105853743556548,2.320941837418476,0.3936818859906128,0.7890406042020471,0.3509756239260914,0.4046537416485501,0.3936818859906128
Middle_5-18,..\data\processed\wet\Middle_5-18_v0.wav,0.7355207057935812,0.3982749743648664,1.0102419299865764,0.720616290663715,0.7355207057935812,0.6637916239414441,0.1133870955525725,0.720616290663715
Middle_5-18,..\data\processed\wet\Middle_5-18_v1.wav,0.5003051563545148,0.5364597216636955,4.639419203587442,0.0551565906017854,0.5003051563545148,0.8940995361061592,0.9198709341305428,0.0551565906017854
Middle_5-18,..\data\processed\wet\Middle_5-18_v2.wav,0.8206415603544788,0.0226184342536023,2.152263315627602,0.5422999756210791,0.8206415603544788,0.0376973904226706,0.3671696256950226,0.5422999756210791
Middle_5-18,..\data\processed\wet\Middle_5-18_v3.wav,0.1481007986271274,0.447788287541446,0.5375961687746236,0.1685990484340368,0.1481007986271274,0.7463138125690768,0.0083547041721385,0.1685990484340368
Middle_5-18,..\data\processed\wet\Middle_5-18_v4.wav,0.5807968298534757,0.4286325372223754,4.624893962122623,0.7054966519346239,0.5807968298534757,0.7143875620372924,0.916643102693916,0.7054966519346239
Middle_5-19,..\data\processed\wet\Middle_5-19_v0.wav,0.671779270254866,0.2366046878103985,0.5057799148706064,0.1201592587356219,0.671779270254866,0.3943411463506643,0.0012844255268014,0.1201592587356219
Middle_5-19,..\data\processed\wet\Middle_5-19_v1.wav,0.5345545447560391,0.4050779315066518,2.378517277534081,0.7306790115283902,0.5345545447560391,0.6751298858444197,0.4174482838964625,0.7306790115283902
Middle_5-19,..\data\processed\wet\Middle_5-19_v2.wav,0.5218622953321788,0.0445057173565873,1.3640731293557695,0.8399982232439429,0.5218622953321788,0.0741761955943122,0.1920162509679488,0.8399982232439429
Middle_5-19,..\data\processed\wet\Middle_5-19_v3.wav,0.7249127466244395,0.536857192207497,1.0290076210442145,0.990222534615074,0.7249127466244395,0.894761987012495,0.1175572491209365,0.990222534615074
Middle_5-19,..\data\processed\wet\Middle_5-19_v4.wav,0.2094067139499336,0.0070679257719852,4.988403225740994,0.2810738854451131,0.2094067139499336,0.011779876286642,0.9974229390535542,0.2810738854451131
Middle_5-21,..\data\processed\wet\Middle_5-21_v0.wav,0.4500242395278025,0.199614107815602,2.4723437361492464,0.2626933098800051,0.4500242395278025,0.33269017969267,0.4382986080331659,0.2626933098800051
Middle_5-21,..\data\processed\wet\Middle_5-21_v1.wav,0.1647177469429809,0.4134860141882026,2.8155700232051024,0.2001542112493668,0.1647177469429809,0.6891433569803377,0.5145711162678005,0.2001542112493668
Middle_5-21,..\data\processed\wet\Middle_5-21_v2.wav,0.3195894262599983,0.3550847445979955,0.8250320672261503,0.1474530092661795,0.3195894262599983,0.5918079076633259,0.0722293482724778,0.1474530092661795
Middle_5-21,..\data\processed\wet\Middle_5-21_v3.wav,0.0732456041073901,0.4873903996284713,3.8858415494540415,0.7533129318792571,0.0732456041073901,0.8123173327141189,0.7524092332120093,0.7533129318792571
Middle_5-21,..\data\processed\wet\Middle_5-21_v4.wav,0.716325343476028,0.4016312542019215,2.6464636192017874,0.642278163507115,0.716325343476028,0.6693854236698692,0.476991915378175,0.642278163507115
Middle_5-22,..\data\processed\wet\Middle_5-22_v0.wav,0.0383615547879746,0.3728786535940707,4.000449674915947,0.5003583603843902,0.0383615547879746,0.6214644226567846,0.7778777055368771,0.5003583603843902
Middle_5-22,..\data\processed\wet\Middle_5-22_v1.wav,0.3575133284272369,0.1664560408805874,3.392609225729371,0.6928011986299087,0.3575133284272369,0.2774267348009791,0.6428020501620825,0.6928011986299087
Middle_5-22,..\data\processed\wet\Middle_5-22_v2.wav,0.8709675998625426,0.2054004494765944,3.963975383235135,0.5613558241893379,0.8709675998625426,0.3423340824609907,0.7697723073855856,0.5613558241893379
Middle_5-22,..\data\processed\wet\Middle_5-22_v3.wav,0.8828364906780791,0.3166872649773724,2.8293342277908526,0.5778770814409091,0.8828364906780791,0.5278121082956208,0.5176298283979672,0.5778770814409091
Middle_5-22,..\data\processed\wet\Middle_5-22_v4.wav,0.7493153551424344,0.5788142872970765,0.8310350939709454,0.0534346023910171,0.7493153551424344,0.9646904788284608,0.0735633542157656,0.0534346023910171
Middle_5-3,..\data\processed\wet\Middle_5-3_v0.wav,0.9375503374073384,0.3179253753109236,3.2670635655512124,0.4824236015947288,0.9375503374073384,0.5298756255182061,0.6149030145669361,0.4824236015947288
Middle_5-3,..\data\processed\wet\Middle_5-3_v1.wav,0.0936574526074744,0.4608536270511999,3.862510902898641,0.311703321492812,0.0936574526074744,0.7680893784186665,0.7472246450885869,0.311703321492812
Middle_5-3,..\data\processed\wet\Middle_5-3_v2.wav,0.3062392452284004,0.5027048285433111,0.8256076598359698,0.8811051483565658,0.3062392452284004,0.8378413809055185,0.0723572577413266,0.8811051483565658
Middle_5-3,..\data\processed\wet\Middle_5-3_v3.wav,0.2566616898959144,0.3557908486532963,4.711973805507999,0.6781225015366464,0.2566616898959144,0.5929847477554939,0.9359941790017776,0.6781225015366464
Middle_5-3,..\data\processed\wet\Middle_5-3_v4.wav,0.4144298124670366,0.4137205253432491,2.047908363423666,0.2772584163491861,0.4144298124670366,0.6895342089054152,0.3439796363163702,0.2772584163491861
Middle_5-4,..\data\processed\wet\Middle_5-4_v0.wav,0.9966832779346796,0.4504741387078726,3.4012398982181797,0.3552896432193188,0.9966832779346796,0.7507902311797877,0.6447199773818176,0.3552896432193188
Middle_5-4,..\data\processed\wet\Middle_5-4_v1.wav,0.0491608291550481,0.0186341256210933,2.9938156495195947,0.7620327210390511,0.0491608291550481,0.0310568760351556,0.5541812554487988,0.7620327210390511
Middle_5-4,..\data\processed\wet\Middle_5-4_v2.wav,0.5373791904438551,0.5044710431634687,0.6504193989194973,0.3667520764259401,0.5373791904438551,0.8407850719391146,0.0334265330932216,0.3667520764259401
Middle_5-4,..\data\processed\wet\Middle_5-4_v3.wav,0.237070391174178,0.2683637808942732,0.8256937693735511,0.9541316415710726,0.237070391174178,0.447272968157122,0.0723763931941224,0.9541316415710726
Middle_5-4,..\data\processed\wet\Middle_5-4_v4.wav,0.2232554010693609,0.5533846652901508,2.416519197665068,0.985524133255218,0.2232554010693609,0.9223077754835848,0.4258931550366818,0.985524133255218
Middle_5-5,..\data\processed\wet\Middle_5-5_v0.wav,0.5540583834602107,0.5584997185054844,0.5240704491240028,0.7482388061809001,0.5540583834602107,0.9308328641758074,0.0053489886942228,0.7482388061809001
Middle_5-5,..\data\processed\wet\Middle_5-5_v1.wav,0.9030506531025154,0.0838323401873724,0.9325663327946816,0.4245726071859556,0.9030506531025154,0.139720566978954,0.0961258517321514,0.4245726071859556
Middle_5-5,..\data\processed\wet\Middle_5-5_v2.wav,0.9336789061329352,0.3254319361142632,2.8735540867477947,0.1411261182993218,0.9336789061329352,0.5423865601904387,0.5274564637217322,0.1411261182993218
Middle_5-5,..\data\processed\wet\Middle_5-5_v3.wav,0.0007895110932187,0.4860840544472767,0.894085533438072,0.633849818735324,0.0007895110932187,0.8101400907454612,0.0875745629862382,0.633849818735324
Middle_5-5,..\data\processed\wet\Middle_5-5_v4.wav,0.9146164545151916,0.1251911478950586,3.4937277630660986,0.0786985767075094,0.9146164545151916,0.208651913158431,0.6652728362369108,0.0786985767075094
Middle_5-6,..\data\processed\wet\Middle_5-6_v0.wav,0.603755143837613,0.0983590325719216,3.811791022318301,0.3012312947939082,0.603755143837613,0.1639317209532027,0.735953560515178,0.3012312947939082
Middle_5-6,..\data\processed\wet\Middle_5-6_v1.wav,0.4633910088046462,0.359658325216573,1.270730347998078,0.7416378186176209,0.4633910088046462,0.5994305420276217,0.1712734106662395,0.7416378186176209
Middle_5-6,..\data\processed\wet\Middle_5-6_v2.wav,0.3026403406368145,0.397423115947652,1.2122737281471814,0.6881176592063503,0.3026403406368145,0.6623718599127535,0.1582830506993736,0.6881176592063503
Middle_5-6,..\data\processed\wet\Middle_5-6_v3.wav,0.1281880728104617,0.2552138977619901,1.6124273318249456,0.7483752494281826,0.1281880728104617,0.4253564962699836,0.2472060737388768,0.7483752494281826
Middle_5-6,..\data\processed\wet\Middle_5-6_v4.wav,0.2620350045068745,0.5290303838372378,4.513190951329758,0.1964413152227858,0.2620350045068745,0.8817173063953964,0.8918202114066128,0.1964413152227858
Middle_5-7,..\data\processed\wet\Middle_5-7_v0.wav,0.6138459450077243,0.0526305850319785,2.261916948207332,0.7133217295012723,0.6138459450077243,0.0877176417199643,0.3915370996016292,0.7133217295012723
Middle_5-7,..\data\processed\wet\Middle_5-7_v1.wav,0.6594232468499163,0.3748204016439647,1.7714338864809962,0.378024949434402,0.6594232468499163,0.624700669406608,0.2825408636624436,0.378024949434402
Middle_5-7,..\data\processed\wet\Middle_5-7_v2.wav,0.1029461447002861,0.4314136922601606,2.767499585560731,0.7087656323456546,0.1029461447002861,0.719022820433601,0.5038887967912735,0.7087656323456546
Middle_5-7,..\data\processed\wet\Middle_5-7_v3.wav,0.2489435247968727,0.1946629371810397,2.003969017670516,0.0257424097472162,0.2489435247968727,0.3244382286350662,0.3342153372601146,0.0257424097472162
Middle_5-7,..\data\processed\wet\Middle_5-7_v4.wav,0.3410478728306235,0.4819827441108201,4.537843230873824,0.5182183156359275,0.3410478728306235,0.8033045735180335,0.8972984957497386,0.5182183156359275
Middle_5-8,..\data\processed\wet\Middle_5-8_v0.wav,0.4555016952192202,0.0184947712196221,4.456419519134222,0.0130102134258727,0.4555016952192202,0.0308246186993702,0.8792043375853827,0.0130102134258727
Middle_5-8,..\data\processed\wet\Middle_5-8_v1.wav,0.9447500802102118,0.2935297492128544,2.038705221086269,0.92421843484266,0.9447500802102118,0.4892162486880907,0.3419344935747265,0.92421843484266
Middle_5-8,..\data\processed\wet\Middle_5-8_v2.wav,0.0243909931100967,0.3488549369214522,2.9701963602470194,0.219320401211382,0.0243909931100967,0.5814248948690871,0.5489325244993376,0.219320401211382
Middle_5-8,..\data\processed\wet\Middle_5-8_v3.wav,0.4288874313502105,0.3913584035662621,3.772090385968674,0.0007168587065797,0.4288874313502105,0.6522640059437702,0.7271311968819275,0.0007168587065797
Middle_5-8,..\data\processed\wet\Middle_5-8_v4.wav,0.9368534300910152,0.0987152234356874,1.5511119540006164,0.2634734456938482,0.9368534300910152,0.1645253723928124,0.2335804342223592,0.2634734456938482
Middle_6-0,..\data\processed\wet\Middle_6-0_v0.wav,0.3544239919873861,0.2286881292208413,2.353335274150236,0.727579322134944,0.3544239919873861,0.3811468820347355,0.4118522831444969,0.727579322134944
Middle_6-0,..\data\processed\wet\Middle_6-0_v1.wav,0.4516389955188379,0.5140379679035384,4.74842653668664,0.3359461533789338,0.4516389955188379,0.8567299465058974,0.9440947859303646,0.3359461533789338
Middle_6-0,..\data\processed\wet\Middle_6-0_v2.wav,0.5606944813756801,0.0570339220995386,1.4021107149486154,0.4134657667101601,0.5606944813756801,0.0950565368325644,0.200469047766359,0.4134657667101601
Middle_6-0,..\data\processed\wet\Middle_6-0_v3.wav,0.2062027159017788,0.5259362944732305,1.2122881522659412,0.4556608215530919,0.2062027159017788,0.8765604907887176,0.158286256059098,0.4556608215530919
Middle_6-0,..\data\processed\wet\Middle_6-0_v4.wav,0.6056992404598757,0.4151183448965066,2.2238121637692805,0.8690990687247285,0.6056992404598757,0.6918639081608444,0.3830693697265068,0.8690990687247285
Middle_6-1,..\data\processed\wet\Middle_6-1_v0.wav,0.5683191510779255,0.263704668268531,0.8025828532341648,0.464689468445165,0.5683191510779255,0.4395077804475518,0.0672406340520366,0.464689468445165
Middle_6-1,..\data\processed\wet\Middle_6-1_v1.wav,0.8207358408157303,0.3687246109327892,4.244731041781033,0.4940116705993056,0.8207358408157303,0.6145410182213155,0.8321624537291183,0.4940116705993056
Middle_6-1,..\data\processed\wet\Middle_6-1_v2.wav,0.1184617050944818,0.0081839075015286,1.8644879602336604,0.6979904714977925,0.1184617050944818,0.013639845835881,0.3032195467185912,0.6979904714977925
Middle_6-1,..\data\processed\wet\Middle_6-1_v3.wav,0.7902599039416938,0.1774517007721976,2.730442643974612,0.4211189044340816,0.7902599039416938,0.2957528346203294,0.4956539208832471,0.4211189044340816
Middle_6-1,..\data\processed\wet\Middle_6-1_v4.wav,0.4105227843514278,0.1388092279200903,1.1136699726325627,0.1966885582312131,0.4105227843514278,0.2313487132001505,0.1363711050294583,0.1966885582312131
Middle_6-10,..\data\processed\wet\Middle_6-10_v0.wav,0.0553323871633461,0.1188784450941462,0.5414040393142076,0.6272584006359783,0.0553323871633461,0.198130741823577,0.0092008976253794,0.6272584006359783
Middle_6-10,..\data\processed\wet\Middle_6-10_v1.wav,0.3163754073876829,0.5838868268561451,1.3717267284933403,0.3458285703095939,0.3163754073876829,0.9731447114269086,0.1937170507762978,0.3458285703095939
Middle_6-10,..\data\processed\wet\Middle_6-10_v2.wav,0.3578411586415332,0.0050708976374763,4.276435788677565,0.0319944601443247,0.3578411586415332,0.0084514960624605,0.8392079530394589,0.0319944601443247
Middle_6-10,..\data\processed\wet\Middle_6-10_v3.wav,0.9401798347292414,0.5352446106561723,2.909848622386836,0.5435955749112921,0.9401798347292414,0.8920743510936207,0.5355219160859636,0.5435955749112921
Middle_6-10,..\data\processed\wet\Middle_6-10_v4.wav,0.6537779229561563,0.2322300071609321,3.4125002752903497,0.0447683886884868,0.6537779229561563,0.387050011934887,0.6472222833978555,0.0447683886884868
Middle_6-11,..\data\processed\wet\Middle_6-11_v0.wav,0.0540476273497265,0.2743382517717266,2.973300354977157,0.887817640335819,0.0540476273497265,0.4572304196195443,0.5496223011060349,0.887817640335819
Middle_6-11,..\data\processed\wet\Middle_6-11_v1.wav,0.1046606339078962,0.4935887563163336,1.4452130178143132,0.3940836485100318,0.1046606339078962,0.8226479271938894,0.2100473372920696,0.3940836485100318
Middle_6-11,..\data\processed\wet\Middle_6-11_v2.wav,0.3166024348274129,0.2400931637192394,1.177229741326635,0.503570074403555,0.3166024348274129,0.400155272865399,0.1504954980725855,0.503570074403555
Middle_6-11,..\data\processed\wet\Middle_6-11_v3.wav,0.8016425898313673,0.2649204062273381,2.707761091541896,0.8487675852813142,0.8016425898313673,0.4415340103788969,0.4906135758981991,0.8487675852813142
Middle_6-11,..\data\processed\wet\Middle_6-11_v4.wav,0.7060581146380308,0.2942726451118708,1.6596304168513083,0.8849267468449666,0.7060581146380308,0.4904544085197848,0.2576956481891796,0.8849267468449666
Middle_6-14,..\data\processed\wet\Middle_6-14_v0.wav,0.3635144573692667,0.3846036343924207,4.555666435084535,0.1639202620469448,0.3635144573692667,0.6410060573207013,0.9012592077965632,0.1639202620469448
Middle_6-14,..\data\processed\wet\Middle_6-14_v1.wav,0.3814088099031234,0.0845211623705167,3.312246966835244,0.7288705094885958,0.3814088099031234,0.1408686039508613,0.624943770407832,0.7288705094885958
Middle_6-14,..\data\processed\wet\Middle_6-14_v2.wav,0.931912732597456,0.1673231557565789,4.775950426394436,0.0632626718206748,0.931912732597456,0.2788719262609649,0.9502112058654304,0.0632626718206748
Middle_6-14,..\data\processed\wet\Middle_6-14_v3.wav,0.6030138633645882,0.0342796316059979,4.521983844928752,0.5298090570700541,0.6030138633645882,0.0571327193433299,0.8937741877619447,0.5298090570700541
Middle_6-14,..\data\processed\wet\Middle_6-14_v4.wav,0.6693483507627961,0.4989443555462715,1.1763978011778593,0.0385915619381338,0.6693483507627961,0.8315739259104525,0.1503106224839687,0.0385915619381338
Middle_6-15,..\data\processed\wet\Middle_6-15_v0.wav,0.8788811459128522,0.1889599364753595,1.0804050856722438,0.4684612370870865,0.8788811459128522,0.3149332274589325,0.1289789079271653,0.4684612370870865
Middle_6-15,..\data\processed\wet\Middle_6-15_v1.wav,0.5983060756960188,0.018582362053506,1.7370304621568948,0.032799874276896,0.5983060756960188,0.0309706034225101,0.2748956582570877,0.032799874276896
Middle_6-15,..\data\processed\wet\Middle_6-15_v2.wav,0.4203353891954989,0.5370600174397465,4.921935851721061,0.6370475535036275,0.4203353891954989,0.8951000290662442,0.9826524114935692,0.6370475535036275
Middle_6-15,..\data\processed\wet\Middle_6-15_v3.wav,0.1616376937845918,0.5435096339995834,2.8231152044002723,0.1537493121029181,0.1616376937845918,0.9058493899993058,0.5162478232000605,0.1537493121029181
Middle_6-15,..\data\processed\wet\Middle_6-15_v4.wav,0.9217266694516614,0.4544814304338618,3.792673727254182,0.7091807037944047,0.9217266694516614,0.757469050723103,0.7317052727231516,0.7091807037944047
Middle_6-16,..\data\processed\wet\Middle_6-16_v0.wav,0.2003398210964423,0.1266040150245156,3.597318492922648,0.2197227501103968,0.2003398210964423,0.211006691707526,0.688292998427255,0.2197227501103968
Middle_6-16,..\data\processed\wet\Middle_6-16_v1.wav,0.4386716968030488,0.4692010953563648,4.027786331440284,0.4532617725258596,0.4386716968030488,0.7820018255939414,0.7839525180978408,0.4532617725258596
Middle_6-16,..\data\processed\wet\Middle_6-16_v2.wav,0.7921899382752451,0.503173077718834,3.446490880779171,0.2284258523084201,0.7921899382752451,0.8386217961980568,0.6547757512842602,0.2284258523084201
Middle_6-16,..\data\processed\wet\Middle_6-16_v3.wav,0.2740117803855475,0.1889046932452412,1.025618484802784,0.2731596203699451,0.2740117803855475,0.3148411554087353,0.116804107733952,0.2731596203699451
Middle_6-16,..\data\processed\wet\Middle_6-16_v4.wav,0.2095192243125321,0.2731972498851613,4.587968965425192,0.104480316753958,0.2095192243125321,0.4553287498086022,0.9084375478722648,0.104480316753958
Middle_6-17,..\data\processed\wet\Middle_6-17_v0.wav,0.7202679239473956,0.4123698026478766,0.9308938939851096,0.9225724049058,0.7202679239473956,0.6872830044131277,0.0957541986633576,0.9225724049058
Middle_6-17,..\data\processed\wet\Middle_6-17_v1.wav,0.5684722021568196,0.2182353126814105,3.90442362572888,0.257365458401634,0.5684722021568196,0.3637255211356842,0.7565385834953067,0.257365458401634
Middle_6-17,..\data\processed\wet\Middle_6-17_v2.wav,0.6935098370463204,0.0238267245433483,4.277336169241724,0.4481708470213185,0.6935098370463204,0.0397112075722472,0.839408037609272,0.4481708470213185
Middle_6-17,..\data\processed\wet\Middle_6-17_v3.wav,0.6366929143579417,0.1327426918840102,3.546831706963016,0.7722402758932766,0.6366929143579417,0.2212378198066836,0.677073712658448,0.7722402758932766
Middle_6-17,..\data\processed\wet\Middle_6-17_v4.wav,0.4732131868843987,0.3706361544370766,2.5534666572007936,0.8940913692578455,0.4732131868843987,0.6177269240617943,0.4563259238223985,0.8940913692578455
Middle_6-18,..\data\processed\wet\Middle_6-18_v0.wav,0.4978691805143191,0.5050852254172913,4.106084262216118,0.4105048213483565,0.4978691805143191,0.8418087090288189,0.8013520582702485,0.4105048213483565
Middle_6-18,..\data\processed\wet\Middle_6-18_v1.wav,0.230084491857475,0.2436492795358625,4.217978190988491,0.2276325358193923,0.230084491857475,0.406082132559771,0.8262173757752203,0.2276325358193923
Middle_6-18,..\data\processed\wet\Middle_6-18_v2.wav,0.5244363458577493,0.4836580487764484,2.0906486380777043,0.6422096370026974,0.5244363458577493,0.8060967479607475,0.3534774751283787,0.6422096370026974
Middle_6-18,..\data\processed\wet\Middle_6-18_v3.wav,0.2456315740488145,0.0655676672208959,4.074729012917853,0.0989686234087068,0.2456315740488145,0.1092794453681599,0.7943842250928562,0.0989686234087068
Middle_6-18,..\data\processed\wet\Middle_6-18_v4.wav,0.2713813950795846,0.5130656531984641,2.0591117918540025,0.9730453495141612,0.2713813950795846,0.8551094219974402,0.3464692870786672,0.9730453495141612
Middle_6-19,..\data\processed\wet\Middle_6-19_v0.wav,0.9797343347738596,0.160965612272134,0.684402000124507,0.7050632842053791,0.9797343347738596,0.2682760204535567,0.0409782222498904,0.7050632842053791
Middle_6-19,..\data\processed\wet\Middle_6-19_v1.wav,0.4509865026483437,0.0604517063757457,3.6838526854011926,0.0311749091119212,0.4509865026483437,0.1007528439595762,0.7075228189780428,0.0311749091119212
Middle_6-19,..\data\processed\wet\Middle_6-19_v2.wav,0.8701966904922421,0.0831915174679822,1.0729034543602625,0.1756722979685845,0.8701966904922421,0.1386525291133037,0.127311878746725,0.1756722979685845
Middle_6-19,..\data\processed\wet\Middle_6-19_v3.wav,0.9602663584920664,0.4159016161523076,4.106171909586365,0.397634985732753,0.9602663584920664,0.693169360253846,0.8013715354636367,0.397634985732753
Middle_6-19,..\data\processed\wet\Middle_6-19_v4.wav,0.3363127275049555,0.1406904040699019,2.66291612740584,0.5518287335341685,0.3363127275049555,0.2344840067831699,0.4806480283124089,0.5518287335341685
Middle_6-2,..\data\processed\wet\Middle_6-2_v0.wav,0.6317748436527554,0.1542711023992167,4.768943364063458,0.1697584982071358,0.6317748436527554,0.2571185039986945,0.9486540809029906,0.1697584982071358
Middle_6-2,..\data\processed\wet\Middle_6-2_v1.wav,0.9656531747664124,0.0089136735045022,2.665065613175805,0.3333678381165628,0.9656531747664124,0.0148561225075037,0.4811256918168456,0.3333678381165628
Middle_6-2,..\data\processed\wet\Middle_6-2_v2.wav,0.4491234139302508,0.3423987473884734,2.4601512110571906,0.4148468503015949,0.4491234139302508,0.570664578980789,0.435589158012709,0.4148468503015949
Middle_6-2,..\data\processed\wet\Middle_6-2_v3.wav,0.7327234154133065,0.4115257650518787,4.249720769161316,0.2499589812394955,0.7327234154133065,0.6858762750864646,0.833271282035848,0.2499589812394955
Middle_6-2,..\data\processed\wet\Middle_6-2_v4.wav,0.6095285097540636,0.3511168712357123,2.1638201489270994,0.4860575419026809,0.6095285097540636,0.5851947853928539,0.3697378108726887,0.4860575419026809
Middle_6-22,..\data\processed\wet\Middle_6-22_v0.wav,0.2899873926441418,0.377343086954169,1.030724036934051,0.6549411045673216,0.2899873926441418,0.628905144923615,0.1179386748742334,0.6549411045673216
Middle_6-22,..\data\processed\wet\Middle_6-22_v1.wav,0.2832965279977022,0.0001457606607076,1.0712122595337936,0.933615377835094,0.2832965279977022,0.0002429344345127,0.1269360576741763,0.933615377835094
Middle_6-22,..\data\processed\wet\Middle_6-22_v2.wav,0.8673546391153578,0.1401654192217421,4.002673570454711,0.6085715931739742,0.8673546391153578,0.2336090320362368,0.7783719045454913,0.6085715931739742
Middle_6-22,..\data\processed\wet\Middle_6-22_v3.wav,0.9709047114498696,0.2241633957204354,3.566572756327271,0.0635357224239185,0.9709047114498696,0.3736056595340591,0.6814606125171713,0.0635357224239185
Middle_6-22,..\data\processed\wet\Middle_6-22_v4.wav,0.3962473468164059,0.5782905967129083,2.9254139350255426,0.2878795033348446,0.3962473468164059,0.9638176611881804,0.5389808744501206,0.2878795033348446
Middle_6-3,..\data\processed\wet\Middle_6-3_v0.wav,0.1202709631286068,0.4221170041089182,3.4018521954337704,0.3739387136037746,0.1202709631286068,0.7035283401815304,0.6448560434297268,0.3739387136037746
Middle_6-3,..\data\processed\wet\Middle_6-3_v1.wav,0.9509413518658344,0.0133216877927101,1.866757332343216,0.9210694862995814,0.9509413518658344,0.0222028129878503,0.3037238516318258,0.9210694862995814
Middle_6-3,..\data\processed\wet\Middle_6-3_v2.wav,0.3209354383194404,0.1513517003131022,2.903991844690613,0.8238017499205379,0.3209354383194404,0.2522528338551704,0.5342204099312473,0.8238017499205379
Middle_6-3,..\data\processed\wet\Middle_6-3_v3.wav,0.103146760878361,0.5658124257874416,4.077827965315239,0.1812502555515519,0.103146760878361,0.943020709645736,0.7950728811811641,0.1812502555515519
Middle_6-3,..\data\processed\wet\Middle_6-3_v4.wav,0.7120079611981627,0.2309752335825342,2.3103260513434343,0.7832900924388664,0.7120079611981627,0.3849587226375571,0.4022946780763187,0.7832900924388664
Middle_6-4,..\data\processed\wet\Middle_6-4_v0.wav,0.9627848079807322,0.0759935237083163,2.392836065954687,0.4809416080843035,0.9627848079807322,0.1266558728471939,0.4206302368788193,0.4809416080843035
Middle_6-4,..\data\processed\wet\Middle_6-4_v1.wav,0.3763118169549976,0.217913474229735,0.7352090040271844,0.6855386205626233,0.3763118169549976,0.363189123716225,0.0522686675615965,0.6855386205626233
Middle_6-4,..\data\processed\wet\Middle_6-4_v2.wav,0.4362144171200454,0.116876281586356,4.172150760359308,0.8025607481516279,0.4362144171200454,0.1947938026439267,0.8160335023020685,0.8025607481516279
Middle_6-4,..\data\processed\wet\Middle_6-4_v3.wav,0.4863916280888938,0.1790703966886563,3.371417266084036,0.288152135777403,0.4863916280888938,0.2984506611477605,0.6380927257964524,0.288152135777403
Middle_6-4,..\data\processed\wet\Middle_6-4_v4.wav,0.236007930323712,0.4383087924157959,0.6814635787442782,0.0947684710345939,0.236007930323712,0.7305146540263266,0.0403252397209507,0.0947684710345939
Middle_6-5,..\data\processed\wet\Middle_6-5_v0.wav,0.0067881740235897,0.0917659118852557,0.8104550391970675,0.9958023677799186,0.0067881740235897,0.1529431864754261,0.0689900087104594,0.9958023677799186
Middle_6-5,..\data\processed\wet\Middle_6-5_v1.wav,0.2888099699540896,0.0895608076015483,1.5844831609816308,0.9361255715401346,0.2888099699540896,0.1492680126692472,0.2409962579959179,0.9361255715401346
Middle_6-5,..\data\processed\wet\Middle_6-5_v2.wav,0.5201602230243957,0.2188908577847141,4.430261560591488,0.3949902705490324,0.5201602230243957,0.3648180963078569,0.8733914579092195,0.3949902705490324
Middle_6-5,..\data\processed\wet\Middle_6-5_v3.wav,0.3350085699576958,0.1243695135298413,2.2000857075923514,0.316684356016926,0.3350085699576958,0.2072825225497355,0.3777968239094114,0.316684356016926
Middle_6-5,..\data\processed\wet\Middle_6-5_v4.wav,0.677303959298141,0.1737496228024362,3.0973988589015264,0.0658921650319727,0.677303959298141,0.2895827046707271,0.5771997464225614,0.0658921650319727
Middle_6-6,..\data\processed\wet\Middle_6-6_v0.wav,0.1912891566965143,0.2444431629668092,4.716271642589129,0.3772519857156954,0.1912891566965143,0.4074052716113487,0.9369492539086954,0.3772519857156954
Middle_6-6,..\data\processed\wet\Middle_6-6_v1.wav,0.6640741211998341,0.1530523334528389,1.0716510918795428,0.0585366000800501,0.6640741211998341,0.2550872224213981,0.1270335759732317,0.0585366000800501
Middle_6-6,..\data\processed\wet\Middle_6-6_v2.wav,0.3054134985427513,0.0945966160781447,1.2830470160725589,0.76075930838695,0.3054134985427513,0.1576610267969079,0.1740104480161242,0.76075930838695
Middle_6-6,..\data\processed\wet\Middle_6-6_v3.wav,0.0158380709448742,0.3346860754412606,2.207576212670592,0.5065499999085472,0.0158380709448742,0.5578101257354344,0.3794613805934648,0.5065499999085472
Middle_6-6,..\data\processed\wet\Middle_6-6_v4.wav,0.5628302372146029,0.1880206166743669,1.827989870829284,0.7334018493349057,0.5628302372146029,0.3133676944572782,0.2951088601842853,0.7334018493349057
Middle_6-7,..\data\processed\wet\Middle_6-7_v0.wav,0.8712769881211572,0.1155489794751167,0.9392844224081702,0.8977958063920259,0.8712769881211572,0.1925816324585278,0.0976187605351489,0.8977958063920259
Middle_6-7,..\data\processed\wet\Middle_6-7_v1.wav,0.3498954636473986,0.3307904343976884,2.117944150340016,0.1258023363460513,0.3498954636473986,0.5513173906628142,0.3595431445200034,0.1258023363460513
Middle_6-7,..\data\processed\wet\Middle_6-7_v2.wav,0.589331644947728,0.3150845110617777,1.4134710163603874,0.4518690446522778,0.589331644947728,0.5251408517696297,0.2029935591911972,0.4518690446522778
Middle_6-7,..\data\processed\wet\Middle_6-7_v3.wav,0.7969475040156458,0.3542556618647348,0.9361279718014768,0.5480214972291351,0.7969475040156458,0.5904261031078913,0.0969173270669948,0.5480214972291351
Middle_6-7,..\data\processed\wet\Middle_6-7_v4.wav,0.7027382992895869,0.4756220434684508,3.3310291038542004,0.1526581645407837,0.7027382992895869,0.7927034057807514,0.6291175786342668,0.1526581645407837
Middle_6-9,..\data\processed\wet\Middle_6-9_v0.wav,0.0855995528227683,0.110074730855319,3.9128165286539134,0.0219865220393236,0.0855995528227683,0.183457884758865,0.7584036730342032,0.0219865220393236
Middle_6-9,..\data\processed\wet\Middle_6-9_v1.wav,0.8168779858937828,0.0083694112151468,3.45703477577573,0.3650939202318058,0.8168779858937828,0.0139490186919114,0.6571188390612733,0.3650939202318058
Middle_6-9,..\data\processed\wet\Middle_6-9_v2.wav,0.6114948527191991,0.4176188441934682,2.041138486338369,0.1079624481108355,0.6114948527191991,0.6960314069891137,0.3424752191863042,0.1079624481108355
Middle_6-9,..\data\processed\wet\Middle_6-9_v3.wav,0.0696458677482656,0.3533616135375287,2.842949091803502,0.7422010091211325,0.0696458677482656,0.5889360225625478,0.5206553537341115,0.7422010091211325
Middle_6-9,..\data\processed\wet\Middle_6-9_v4.wav,0.5097355100039371,0.2534674740185275,2.2913923020630387,0.0264469025976674,0.5097355100039371,0.4224457900308792,0.3980871782362308,0.0264469025976674
Middle-Neck_1-0,..\data\processed\wet\Middle-Neck_1-0_v0.wav,0.3355572016966571,0.5856120945146965,4.4310000930219,0.3293780670342177,0.3355572016966571,0.9760201575244942,0.8735555762270888,0.3293780670342177
Middle-Neck_1-0,..\data\processed\wet\Middle-Neck_1-0_v1.wav,0.5877954050663722,0.5083780473212963,2.485734515375309,0.0179578637501509,0.5877954050663722,0.847296745535494,0.4412743367500686,0.0179578637501509
Middle-Neck_1-0,..\data\processed\wet\Middle-Neck_1-0_v2.wav,0.07451046181864,0.3062356328092239,4.862477190541453,0.6932095422188678,0.07451046181864,0.5103927213487066,0.9694393756758783,0.6932095422188678
Middle-Neck_1-0,..\data\processed\wet\Middle-Neck_1-0_v3.wav,0.0709161914385695,0.1136165254751176,3.970954144475825,0.8414397599562448,0.0709161914385695,0.1893608757918627,0.77132314321685,0.8414397599562448
Middle-Neck_1-0,..\data\processed\wet\Middle-Neck_1-0_v4.wav,0.6176945861885909,0.3866539017778899,0.6275185267252309,0.8285302595815085,0.6176945861885909,0.6444231696298166,0.0283374503833846,0.8285302595815085
Middle-Neck_1-1,..\data\processed\wet\Middle-Neck_1-1_v0.wav,0.7882752081708296,0.1554210864620082,3.6890452398447815,0.2148546064249981,0.7882752081708296,0.2590351441033471,0.708676719965507,0.2148546064249981
Middle-Neck_1-1,..\data\processed\wet\Middle-Neck_1-1_v1.wav,0.0403301610515129,0.1206819255542263,1.3038299453943478,0.3377479967348472,0.0403301610515129,0.2011365425903772,0.1786288767542995,0.3377479967348472
Middle-Neck_1-1,..\data\processed\wet\Middle-Neck_1-1_v2.wav,0.4184494971754581,0.3051233348986247,2.645392439787477,0.2706746059652893,0.4184494971754581,0.5085388914977079,0.4767538755083282,0.2706746059652893
Middle-Neck_1-1,..\data\processed\wet\Middle-Neck_1-1_v3.wav,0.0291706685740744,0.3630609733422904,2.280851734313095,0.2986721573875497,0.0291706685740744,0.6051016222371507,0.3957448298473544,0.2986721573875497
Middle-Neck_1-1,..\data\processed\wet\Middle-Neck_1-1_v4.wav,0.8669410428305123,0.4480459846788958,4.35994496767599,0.494982794712461,0.8669410428305123,0.7467433077981598,0.8577655483724421,0.494982794712461
Middle-Neck_1-10,..\data\processed\wet\Middle-Neck_1-10_v0.wav,0.1309312521267774,0.4177328616727634,1.4273320097172886,0.4412296690917168,0.1309312521267774,0.6962214361212724,0.2060737799371752,0.4412296690917168
Middle-Neck_1-10,..\data\processed\wet\Middle-Neck_1-10_v1.wav,0.0650007889488885,0.4951850414537894,1.0667328847137525,0.9030975070493096,0.0650007889488885,0.8253084024229824,0.1259406410475005,0.9030975070493096
Middle-Neck_1-10,..\data\processed\wet\Middle-Neck_1-10_v2.wav,0.8642306022615571,0.2787496586635476,3.8496569193679577,0.6194450738181533,0.8642306022615571,0.464582764439246,0.7443682043039906,0.6194450738181533
Middle-Neck_1-10,..\data\processed\wet\Middle-Neck_1-10_v3.wav,0.8030756423377449,0.2590830604715472,4.036138179099575,0.4624568170651479,0.8030756423377449,0.431805100785912,0.7858084842443501,0.4624568170651479
Middle-Neck_1-10,..\data\processed\wet\Middle-Neck_1-10_v4.wav,0.9409657878427938,0.2918232604950885,2.581786723701783,0.7850718615635127,0.9409657878427938,0.4863721008251476,0.4626192719337296,0.7850718615635127
Middle-Neck_1-11,..\data\processed\wet\Middle-Neck_1-11_v0.wav,0.821577691760838,0.3326934685927024,1.3090901607278391,0.4677582309575795,0.821577691760838,0.5544891143211708,0.1797978134950754,0.4677582309575795
Middle-Neck_1-11,..\data\processed\wet\Middle-Neck_1-11_v1.wav,0.9680725029096784,0.4517917158235111,4.150231717456094,0.0328254988192401,0.9680725029096784,0.7529861930391851,0.8111626038791321,0.0328254988192401
Middle-Neck_1-11,..\data\processed\wet\Middle-Neck_1-11_v2.wav,0.4678594626341599,0.3879726801945332,4.235147076326336,0.0492736535827714,0.4678594626341599,0.6466211336575554,0.8300326836280747,0.0492736535827714
Middle-Neck_1-11,..\data\processed\wet\Middle-Neck_1-11_v3.wav,0.8524388856418731,0.329040562045147,1.3879128675922696,0.3172552164497,0.8524388856418731,0.5484009367419117,0.1973139705760599,0.3172552164497
Middle-Neck_1-11,..\data\processed\wet\Middle-Neck_1-11_v4.wav,0.2819295517515607,0.3185154205730854,0.7325855596000932,0.1585361584999235,0.2819295517515607,0.5308590342884758,0.0516856799111318,0.1585361584999235
Middle-Neck_1-12,..\data\processed\wet\Middle-Neck_1-12_v0.wav,0.8126930433757824,0.0795623944480866,1.550283212561571,0.4533706056041573,0.8126930433757824,0.132603990746811,0.2333962694581269,0.4533706056041573
Middle-Neck_1-12,..\data\processed\wet\Middle-Neck_1-12_v1.wav,0.5171208881133305,0.4581662877684951,2.512995919997845,0.7898646210355388,0.5171208881133305,0.7636104796141586,0.4473324266661878,0.7898646210355388
Middle-Neck_1-12,..\data\processed\wet\Middle-Neck_1-12_v2.wav,0.6183463070454575,0.0678598436542934,1.2034914727677737,0.4370337254497708,0.6183463070454575,0.1130997394238224,0.1563314383928385,0.4370337254497708
Middle-Neck_1-12,..\data\processed\wet\Middle-Neck_1-12_v3.wav,0.3968893930890396,0.4461265617823767,3.1133171290880832,0.3881330810022493,0.3968893930890396,0.7435442696372946,0.5807371397973519,0.3881330810022493
Middle-Neck_1-12,..\data\processed\wet\Middle-Neck_1-12_v4.wav,0.1707602834503856,0.136102261395297,3.0897545831107656,0.4234388048997924,0.1707602834503856,0.2268371023254951,0.575501018469059,0.4234388048997924
Middle-Neck_1-13,..\data\processed\wet\Middle-Neck_1-13_v0.wav,0.5149275088606721,0.1024064611813402,3.4830781355505462,0.852538740855967,0.5149275088606721,0.1706774353022336,0.6629062523445658,0.852538740855967
Middle-Neck_1-13,..\data\processed\wet\Middle-Neck_1-13_v1.wav,0.2579395067869006,0.2949085354990959,4.889872980594058,0.3332417405507276,0.2579395067869006,0.4915142258318266,0.9755273290209018,0.3332417405507276
Middle-Neck_1-13,..\data\processed\wet\Middle-Neck_1-13_v2.wav,0.5950463449237612,0.0541174201201466,3.2270675111574945,0.0896317733046179,0.5950463449237612,0.0901957002002443,0.6060150024794432,0.0896317733046179
Middle-Neck_1-13,..\data\processed\wet\Middle-Neck_1-13_v3.wav,0.959235435323822,0.4293975912433868,4.046719046610679,0.7041043607716369,0.959235435323822,0.7156626520723114,0.7881597881357065,0.7041043607716369
Middle-Neck_1-13,..\data\processed\wet\Middle-Neck_1-13_v4.wav,0.5897290360764658,0.2699476686513032,4.362680208924781,0.956835667543063,0.5897290360764658,0.4499127810855053,0.8583733797610624,0.956835667543063
Middle-Neck_1-15,..\data\processed\wet\Middle-Neck_1-15_v0.wav,0.5718287711826909,0.1521854846048253,1.5262781760500896,0.0115260140529852,0.5718287711826909,0.2536424743413755,0.2280618169000199,0.0115260140529852
Middle-Neck_1-15,..\data\processed\wet\Middle-Neck_1-15_v1.wav,0.1303407235690719,0.1855608668998172,1.0259544226592257,0.9858584404109376,0.1303407235690719,0.3092681114996953,0.116878760590939,0.9858584404109376
Middle-Neck_1-15,..\data\processed\wet\Middle-Neck_1-15_v2.wav,0.3086326485239506,0.0781943680213969,1.39587040772581,0.5877032283414765,0.3086326485239506,0.1303239467023281,0.1990823128279577,0.5877032283414765
Middle-Neck_1-15,..\data\processed\wet\Middle-Neck_1-15_v3.wav,0.0640435238647885,0.5174604780846941,4.826748556567162,0.2467474206673808,0.0640435238647885,0.8624341301411569,0.9614996792371472,0.2467474206673808
Middle-Neck_1-15,..\data\processed\wet\Middle-Neck_1-15_v4.wav,0.4500952685908593,0.0132806706176982,3.3831960112724966,0.4139260580525888,0.4500952685908593,0.022134451029497,0.6407102247272215,0.4139260580525888
Middle-Neck_1-16,..\data\processed\wet\Middle-Neck_1-16_v0.wav,0.2700584661015557,0.124102266369965,3.443103849464422,0.4162170310323144,0.2700584661015557,0.2068371106166084,0.6540230776587604,0.4162170310323144
Middle-Neck_1-16,..\data\processed\wet\Middle-Neck_1-16_v1.wav,0.179659289029912,0.4134654488920944,3.0428252736651213,0.8586720549294962,0.179659289029912,0.689109081486824,0.5650722830366937,0.8586720549294962
Middle-Neck_1-16,..\data\processed\wet\Middle-Neck_1-16_v2.wav,0.1174758988764929,0.4713999611666736,3.5308255406776654,0.1150109368280978,0.1174758988764929,0.7856666019444561,0.673516786817259,0.1150109368280978
Middle-Neck_1-16,..\data\processed\wet\Middle-Neck_1-16_v3.wav,0.6948207298717207,0.2649283733278982,4.752431535001294,0.1416113506178993,0.6948207298717207,0.4415472888798304,0.944984785555843,0.1416113506178993
Middle-Neck_1-16,..\data\processed\wet\Middle-Neck_1-16_v4.wav,0.642833390815738,0.2291880272777675,4.80566601765895,0.3299748952902764,0.642833390815738,0.3819800454629459,0.956814670590878,0.3299748952902764
Middle-Neck_1-17,..\data\processed\wet\Middle-Neck_1-17_v0.wav,0.9621859094918002,0.5408915106604494,1.7167245588979534,0.8035417768264277,0.9621859094918002,0.901485851100749,0.2703832353106563,0.8035417768264277
Middle-Neck_1-17,..\data\processed\wet\Middle-Neck_1-17_v1.wav,0.995604201803506,0.1515978013027694,2.4654972619549387,0.5201807365667597,0.995604201803506,0.2526630021712823,0.4367771693233197,0.5201807365667597
Middle-Neck_1-17,..\data\processed\wet\Middle-Neck_1-17_v2.wav,0.2949311358038643,0.0091589037876178,1.49058159888887,0.2819368843417584,0.2949311358038643,0.0152648396460297,0.2201292441975266,0.2819368843417584
Middle-Neck_1-17,..\data\processed\wet\Middle-Neck_1-17_v3.wav,0.4435997013181871,0.1026614870480411,4.429644605112527,0.7049111327313361,0.4435997013181871,0.1711024784134018,0.8732543566916726,0.7049111327313361
Middle-Neck_1-17,..\data\processed\wet\Middle-Neck_1-17_v4.wav,0.0852004775596619,0.3900554706839588,3.441454143825292,0.9562211736436276,0.0852004775596619,0.6500924511399314,0.6536564764056204,0.9562211736436276
Middle-Neck_1-2,..\data\processed\wet\Middle-Neck_1-2_v0.wav,0.452323477634296,0.2546334108435062,1.205433264196826,0.4264060564919728,0.452323477634296,0.4243890180725104,0.1567629475992946,0.4264060564919728
Middle-Neck_1-2,..\data\processed\wet\Middle-Neck_1-2_v1.wav,0.537416938599807,0.0135025964572118,2.498508523289329,0.7813562183952003,0.537416938599807,0.0225043274286864,0.4441130051754064,0.7813562183952003
Middle-Neck_1-2,..\data\processed\wet\Middle-Neck_1-2_v2.wav,0.6800460563742698,0.381094193318361,4.592999427967412,0.01803200982523,0.6800460563742698,0.635156988863935,0.9095554284372026,0.01803200982523
Middle-Neck_1-2,..\data\processed\wet\Middle-Neck_1-2_v3.wav,0.5570475861922342,0.4724093090458242,2.9360092221557026,0.3238955525803791,0.5570475861922342,0.7873488484097071,0.5413353827012672,0.3238955525803791
Middle-Neck_1-2,..\data\processed\wet\Middle-Neck_1-2_v4.wav,0.1362505650919778,0.5325378430897147,2.6184307657442134,0.8781151969857014,0.1362505650919778,0.8875630718161913,0.470762392387603,0.8781151969857014
Middle-Neck_1-20,..\data\processed\wet\Middle-Neck_1-20_v0.wav,0.5858521224331683,0.4045152699690004,4.1191751947030255,0.6591555446001344,0.5858521224331683,0.6741921166150008,0.8042611543784501,0.6591555446001344
Middle-Neck_1-20,..\data\processed\wet\Middle-Neck_1-20_v1.wav,0.3980548406789377,0.3081800303571906,4.113704861041459,0.3736502963729842,0.3980548406789377,0.513633383928651,0.8030455246758798,0.3736502963729842
Middle-Neck_1-20,..\data\processed\wet\Middle-Neck_1-20_v2.wav,0.3881214567684971,0.0574140696348006,4.615629958497864,0.0910363149454417,0.3881214567684971,0.0956901160580011,0.9145844352217476,0.0910363149454417
Middle-Neck_1-20,..\data\processed\wet\Middle-Neck_1-20_v3.wav,0.6482091774485559,0.2479166872816786,2.3252872561494904,0.6795518365726839,0.6482091774485559,0.4131944788027977,0.4056193902554423,0.6795518365726839
Middle-Neck_1-20,..\data\processed\wet\Middle-Neck_1-20_v4.wav,0.0670937326298787,0.3562234697708608,3.974143036875597,0.8282127578865942,0.0670937326298787,0.5937057829514346,0.7720317859723548,0.8282127578865942
Middle-Neck_1-21,..\data\processed\wet\Middle-Neck_1-21_v0.wav,0.1705303893937753,0.5384514300469042,3.45265741331349,0.8818548008206828,0.1705303893937753,0.8974190500781737,0.6561460918474422,0.8818548008206828
Middle-Neck_1-21,..\data\processed\wet\Middle-Neck_1-21_v1.wav,0.4852807171101982,0.3252200070583212,4.63567224662902,0.8999095433546718,0.4852807171101982,0.542033345097202,0.9190382770286712,0.8999095433546718
Middle-Neck_1-21,..\data\processed\wet\Middle-Neck_1-21_v2.wav,0.448160873369002,0.164647578981409,2.2692669555391887,0.3877643285297497,0.448160873369002,0.2744126316356817,0.3931704345642641,0.3877643285297497
Middle-Neck_1-21,..\data\processed\wet\Middle-Neck_1-21_v3.wav,0.2868668749827939,0.1611477625997799,4.374783214158738,0.0698619206846616,0.2868668749827939,0.2685796043329665,0.8610629364797195,0.0698619206846616
Middle-Neck_1-21,..\data\processed\wet\Middle-Neck_1-21_v4.wav,0.6776111820995941,0.1036920308738713,2.0502765202732847,0.0615430341348368,0.6776111820995941,0.1728200514564523,0.3445058933940632,0.0615430341348368
Middle-Neck_1-22,..\data\processed\wet\Middle-Neck_1-22_v0.wav,0.269973636855462,0.4610526426703452,4.482568960462664,0.221527151902367,0.269973636855462,0.7684210711172421,0.8850153245472586,0.221527151902367
Middle-Neck_1-22,..\data\processed\wet\Middle-Neck_1-22_v1.wav,0.4635478392589218,0.2821944287623238,4.431088875918804,0.7627990528758054,0.4635478392589218,0.4703240479372064,0.8735753057597342,0.7627990528758054
Middle-Neck_1-22,..\data\processed\wet\Middle-Neck_1-22_v2.wav,0.5130772183680499,0.402448320283064,4.31309774259215,0.0095389540255449,0.5130772183680499,0.6707472004717734,0.8473550539093667,0.0095389540255449
Middle-Neck_1-22,..\data\processed\wet\Middle-Neck_1-22_v3.wav,0.4028900310500486,0.5443459003662472,3.8314086387977815,0.5428413743340746,0.4028900310500486,0.9072431672770788,0.7403130308439514,0.5428413743340746
Middle-Neck_1-22,..\data\processed\wet\Middle-Neck_1-22_v4.wav,0.5296445270351334,0.2086620585626626,2.8423424013868157,0.6553831994634532,0.5296445270351334,0.3477700976044378,0.5205205336415145,0.6553831994634532
Middle-Neck_1-3,..\data\processed\wet\Middle-Neck_1-3_v0.wav,0.4183630384287931,0.4284918878353044,4.375545022671736,0.1546848481848611,0.4183630384287931,0.714153146392174,0.8612322272603858,0.1546848481848611
Middle-Neck_1-3,..\data\processed\wet\Middle-Neck_1-3_v1.wav,0.4515470228174244,0.2448120547710486,3.5935916182237766,0.2498674652579293,0.4515470228174244,0.4080200912850811,0.6874648040497281,0.2498674652579293
Middle-Neck_1-3,..\data\processed\wet\Middle-Neck_1-3_v2.wav,0.6402509149522763,0.5264935450388928,2.381592199071302,0.91101569997922,0.6402509149522763,0.877489241731488,0.4181315997936227,0.91101569997922
Middle-Neck_1-3,..\data\processed\wet\Middle-Neck_1-3_v3.wav,0.9931637389334784,0.0636552299687712,1.548739345931864,0.9503797514820932,0.9931637389334784,0.106092049947952,0.2330531879848586,0.9503797514820932
Middle-Neck_1-3,..\data\processed\wet\Middle-Neck_1-3_v4.wav,0.9583276864813868,0.058624365232055,0.5674932516971151,0.1611000232564222,0.9583276864813868,0.0977072753867585,0.0149985003771366,0.1611000232564222
Middle-Neck_1-6,..\data\processed\wet\Middle-Neck_1-6_v0.wav,0.433723702831421,0.2472561657795234,0.6602546762277867,0.4979763025873932,0.433723702831421,0.4120936096325391,0.0356121502728414,0.4979763025873932
Middle-Neck_1-6,..\data\processed\wet\Middle-Neck_1-6_v1.wav,0.5541697216110001,0.3353045225727999,3.68164026195298,0.1774818349910117,0.5541697216110001,0.5588408709546665,0.7070311693228843,0.1774818349910117
Middle-Neck_1-6,..\data\processed\wet\Middle-Neck_1-6_v2.wav,0.2522231342306188,0.4864382791382476,4.762267775795273,0.1359327473673206,0.2522231342306188,0.8107304652304127,0.947170616843394,0.1359327473673206
Middle-Neck_1-6,..\data\processed\wet\Middle-Neck_1-6_v3.wav,0.4976495545052182,0.1285057516437521,0.770329257597421,0.3255033381261354,0.4976495545052182,0.2141762527395868,0.0600731683549824,0.3255033381261354
Middle-Neck_1-6,..\data\processed\wet\Middle-Neck_1-6_v4.wav,0.1436876251842127,0.4259598440605477,2.9017643615215,0.1438344709903108,0.1436876251842127,0.7099330734342463,0.5337254136714444,0.1438344709903108
Middle-Neck_1-7,..\data\processed\wet\Middle-Neck_1-7_v0.wav,0.0092415884055143,0.4848942294145276,1.292874827739114,0.606216642220766,0.0092415884055143,0.8081570490242127,0.1761944061642475,0.606216642220766
Middle-Neck_1-7,..\data\processed\wet\Middle-Neck_1-7_v1.wav,0.3369219130767455,0.3512915629890213,1.920441321420458,0.0869395606922541,0.3369219130767455,0.5854859383150356,0.315653626982324,0.0869395606922541
Middle-Neck_1-7,..\data\processed\wet\Middle-Neck_1-7_v2.wav,0.2229500085577536,0.1128351398874453,2.426087085978397,0.6582837834261573,0.2229500085577536,0.1880585664790756,0.4280193524396438,0.6582837834261573
Middle-Neck_1-7,..\data\processed\wet\Middle-Neck_1-7_v3.wav,0.2638060749463575,0.0072419611803707,2.835218139191406,0.6057594893589721,0.2638060749463575,0.0120699353006179,0.5189373642647569,0.6057594893589721
Middle-Neck_1-7,..\data\processed\wet\Middle-Neck_1-7_v4.wav,0.9628704940018096,0.3536824818559481,2.6202765172016385,0.5734016258977038,0.9628704940018096,0.5894708030932468,0.4711725593781419,0.5734016258977038
Middle-Neck_1-8,..\data\processed\wet\Middle-Neck_1-8_v0.wav,0.927900629862027,0.4970268873609877,1.953404300137136,0.2372543636571372,0.927900629862027,0.8283781456016462,0.322978733363808,0.2372543636571372
Middle-Neck_1-8,..\data\processed\wet\Middle-Neck_1-8_v1.wav,0.2626336123660736,0.3026526238291278,3.8482225305286,0.5032192071829621,0.2626336123660736,0.504421039715213,0.7440494512285778,0.5032192071829621
Middle-Neck_1-8,..\data\processed\wet\Middle-Neck_1-8_v2.wav,0.0677963958281125,0.4341484202639885,4.1268655790192925,0.2894978651197196,0.0677963958281125,0.7235807004399809,0.8059701286709539,0.2894978651197196
Middle-Neck_1-8,..\data\processed\wet\Middle-Neck_1-8_v3.wav,0.6641257392833504,0.255955140632636,4.501037100773493,0.8452255581607399,0.6641257392833504,0.4265919010543934,0.8891193557274428,0.8452255581607399
Middle-Neck_1-8,..\data\processed\wet\Middle-Neck_1-8_v4.wav,0.5254319983096423,0.4149033274881566,4.475073654599468,0.4957170100782755,0.5254319983096423,0.6915055458135945,0.883349701022104,0.4957170100782755
Middle-Neck_1-9,..\data\processed\wet\Middle-Neck_1-9_v0.wav,0.3132507404888219,0.4521996827457487,1.490298146531113,0.388531148006042,0.3132507404888219,0.7536661379095813,0.2200662547846917,0.388531148006042
Middle-Neck_1-9,..\data\processed\wet\Middle-Neck_1-9_v1.wav,0.8657272371067937,0.434653404161589,2.3171495236137467,0.2147445024083574,0.8657272371067937,0.7244223402693151,0.4038110052474992,0.2147445024083574
Middle-Neck_1-9,..\data\processed\wet\Middle-Neck_1-9_v2.wav,0.3559683908322365,0.1704624895364598,1.2924017957473426,0.7433329135656567,0.3559683908322365,0.284104149227433,0.1760892879438539,0.7433329135656567
Middle-Neck_1-9,..\data\processed\wet\Middle-Neck_1-9_v3.wav,0.2520698868501715,0.2725004821006583,2.2363675107624905,0.9820773786356308,0.2520698868501715,0.4541674701677639,0.385859446836109,0.9820773786356308
Middle-Neck_1-9,..\data\processed\wet\Middle-Neck_1-9_v4.wav,0.3910922441482205,0.0479894896780528,0.904215886574378,0.5907537213530648,0.3910922441482205,0.0799824827967548,0.089825752572084,0.5907537213530648
Middle-Neck_2-0,..\data\processed\wet\Middle-Neck_2-0_v0.wav,0.5993635517382656,0.251255394289593,2.4432966154041336,0.0539325828408712,0.5993635517382656,0.4187589904826549,0.4318436923120297,0.0539325828408712
Middle-Neck_2-0,..\data\processed\wet\Middle-Neck_2-0_v1.wav,0.5165465103892622,0.302843685228211,1.1729719335062505,0.1038393861109275,0.5165465103892622,0.5047394753803517,0.1495493185569445,0.1038393861109275
Middle-Neck_2-0,..\data\processed\wet\Middle-Neck_2-0_v2.wav,0.1235724905994904,0.0606169478947551,3.243686879915419,0.1964826524029186,0.1235724905994904,0.1010282464912585,0.6097081955367598,0.1964826524029186
Middle-Neck_2-0,..\data\processed\wet\Middle-Neck_2-0_v3.wav,0.2514301521874634,0.1041432864908638,4.810258870018264,0.8546174631518354,0.2514301521874634,0.1735721441514397,0.9578353044485032,0.8546174631518354
Middle-Neck_2-0,..\data\processed\wet\Middle-Neck_2-0_v4.wav,0.2304948373515208,0.1965397763532756,1.4445177903724873,0.4918759594608237,0.2304948373515208,0.327566293922126,0.2098928423049971,0.4918759594608237
Middle-Neck_2-1,..\data\processed\wet\Middle-Neck_2-1_v0.wav,0.0196105324742535,0.4028208053380774,2.8542116741793877,0.8986389283011033,0.0196105324742535,0.6713680088967957,0.5231581498176416,0.8986389283011033
Middle-Neck_2-1,..\data\processed\wet\Middle-Neck_2-1_v1.wav,0.1643926843284141,0.482465547636679,4.063824565100221,0.1271811892168869,0.1643926843284141,0.8041092460611317,0.7919610144667159,0.1271811892168869
Middle-Neck_2-1,..\data\processed\wet\Middle-Neck_2-1_v2.wav,0.3985592241441276,0.1020915846867101,1.64624225205897,0.2632461748305443,0.3985592241441276,0.1701526411445169,0.2547205004575489,0.2632461748305443
Middle-Neck_2-1,..\data\processed\wet\Middle-Neck_2-1_v3.wav,0.5562363940257727,0.2468465590562792,4.764797618028374,0.1263701419470051,0.5562363940257727,0.4114109317604655,0.9477328040063052,0.1263701419470051
Middle-Neck_2-1,..\data\processed\wet\Middle-Neck_2-1_v4.wav,0.9736921348501988,0.1383831841285583,3.9779327137183382,0.3389699261728214,0.9736921348501988,0.2306386402142639,0.7728739363818531,0.3389699261728214
Middle-Neck_2-10,..\data\processed\wet\Middle-Neck_2-10_v0.wav,0.1430813954173139,0.5147335111477439,1.8898740465640844,0.6588554042268422,0.1430813954173139,0.8578891852462399,0.3088608992364632,0.6588554042268422
Middle-Neck_2-10,..\data\processed\wet\Middle-Neck_2-10_v1.wav,0.5664436850866266,0.2830537856345246,2.731187626918426,0.7322379140922876,0.5664436850866266,0.4717563093908744,0.4958194726485391,0.7322379140922876
Middle-Neck_2-10,..\data\processed\wet\Middle-Neck_2-10_v2.wav,0.0877729141234405,0.4009083971747431,4.531154456293605,0.0577881970198641,0.0877729141234405,0.6681806619579052,0.8958121013985788,0.0577881970198641
Middle-Neck_2-10,..\data\processed\wet\Middle-Neck_2-10_v3.wav,0.1406533392336667,0.4299791620212188,2.467767417100779,0.4035486208136883,0.1406533392336667,0.7166319367020314,0.4372816482446175,0.4035486208136883
Middle-Neck_2-10,..\data\processed\wet\Middle-Neck_2-10_v4.wav,0.1369666345442358,0.3040620244306728,1.0694539003836976,0.4766204563105404,0.1369666345442358,0.5067700407177881,0.1265453111963772,0.4766204563105404
Middle-Neck_2-11,..\data\processed\wet\Middle-Neck_2-11_v0.wav,0.7636152989616567,0.1549586147322981,2.663537756808773,0.9920159693968356,0.7636152989616567,0.2582643578871635,0.4807861681797273,0.9920159693968356
Middle-Neck_2-11,..\data\processed\wet\Middle-Neck_2-11_v1.wav,0.6866504233540373,0.5048140627831191,2.366814229522456,0.7678609231258553,0.6866504233540373,0.8413567713051986,0.4148476065605457,0.7678609231258553
Middle-Neck_2-11,..\data\processed\wet\Middle-Neck_2-11_v2.wav,0.0405091729413218,0.0737467095253469,1.4138176681402796,0.4019519246152195,0.0405091729413218,0.1229111825422449,0.2030705929200621,0.4019519246152195
Middle-Neck_2-11,..\data\processed\wet\Middle-Neck_2-11_v3.wav,0.8457448783257632,0.2077596304727582,3.445795370819583,0.7093142948034834,0.8457448783257632,0.3462660507879305,0.6546211935154629,0.7093142948034834
Middle-Neck_2-11,..\data\processed\wet\Middle-Neck_2-11_v4.wav,0.5861823540883414,0.2143451809020817,3.096740037710949,0.3422655927897462,0.5861823540883414,0.3572419681701362,0.5770533417135443,0.3422655927897462
Middle-Neck_2-12,..\data\processed\wet\Middle-Neck_2-12_v0.wav,0.083873738552012,0.5956823869116086,1.0723210413462991,0.0723483838360573,0.083873738552012,0.9928039781860144,0.1271824536325109,0.0723483838360573
Middle-Neck_2-12,..\data\processed\wet\Middle-Neck_2-12_v1.wav,0.8785307492071559,0.181100796535737,3.426336383330784,0.3290057296622328,0.8785307492071559,0.3018346608928951,0.6502969740735076,0.3290057296622328
Middle-Neck_2-12,..\data\processed\wet\Middle-Neck_2-12_v2.wav,0.3914542707944711,0.1572677832100779,2.043698026068546,0.4107004005865431,0.3914542707944711,0.2621129720167965,0.3430440057930102,0.4107004005865431
Middle-Neck_2-12,..\data\processed\wet\Middle-Neck_2-12_v3.wav,0.7204160690923429,0.3069217165408751,4.746043477206396,0.0418803938387755,0.7204160690923429,0.5115361942347918,0.9435652171569768,0.0418803938387755
Middle-Neck_2-12,..\data\processed\wet\Middle-Neck_2-12_v4.wav,0.5030683226320282,0.3505348732990309,4.640886437334233,0.0491585236214275,0.5030683226320282,0.5842247888317181,0.920196986074274,0.0491585236214275
Middle-Neck_2-13,..\data\processed\wet\Middle-Neck_2-13_v0.wav,0.573499584935216,0.5121779571167742,1.5886747765365643,0.8762923485239374,0.573499584935216,0.8536299285279569,0.2419277281192365,0.8762923485239374
Middle-Neck_2-13,..\data\processed\wet\Middle-Neck_2-13_v1.wav,0.0190434092742918,0.4394727774802378,4.699009495258939,0.6571976616400622,0.0190434092742918,0.7324546291337297,0.9331132211686533,0.6571976616400622
Middle-Neck_2-13,..\data\processed\wet\Middle-Neck_2-13_v2.wav,0.4390292439804479,0.0269286098836308,4.64051215995183,0.4702962226915748,0.4390292439804479,0.044881016472718,0.9201138133226288,0.4702962226915748
Middle-Neck_2-13,..\data\processed\wet\Middle-Neck_2-13_v3.wav,0.028996744335948,0.4138926427972571,2.668267641093162,0.1243453174424107,0.028996744335948,0.6898210713287619,0.4818372535762582,0.1243453174424107
Middle-Neck_2-13,..\data\processed\wet\Middle-Neck_2-13_v4.wav,0.2142718093102595,0.0386944082735077,3.084320928688581,0.6220294792520092,0.2142718093102595,0.0644906804558462,0.5742935397085736,0.6220294792520092
Middle-Neck_2-14,..\data\processed\wet\Middle-Neck_2-14_v0.wav,0.5057422983554444,0.4902612798015689,4.374539695886061,0.6156243966831266,0.5057422983554444,0.8171021330026149,0.8610088213080136,0.6156243966831266
Middle-Neck_2-14,..\data\processed\wet\Middle-Neck_2-14_v1.wav,0.0127564797074305,0.4171377934486414,2.380996476141582,0.565557483226387,0.0127564797074305,0.6952296557477357,0.4179992169203515,0.565557483226387
Middle-Neck_2-14,..\data\processed\wet\Middle-Neck_2-14_v2.wav,0.6490806020188844,0.210141968596246,4.626943273273074,0.1339748667497812,0.6490806020188844,0.3502366143270767,0.9170985051717944,0.1339748667497812
Middle-Neck_2-14,..\data\processed\wet\Middle-Neck_2-14_v3.wav,0.6715118072810374,0.0026157479739482,4.660929974323314,0.1125041332380915,0.6715118072810374,0.0043595799565804,0.9246511054051808,0.1125041332380915
Middle-Neck_2-14,..\data\processed\wet\Middle-Neck_2-14_v4.wav,0.0948842301475746,0.1998045798313465,2.1810482871758627,0.2143000723228786,0.0948842301475746,0.3330076330522442,0.3735662860390806,0.2143000723228786
Middle-Neck_2-15,..\data\processed\wet\Middle-Neck_2-15_v0.wav,0.5851216609271247,0.2657484588251781,0.6537901506848933,0.3196520622553006,0.5851216609271247,0.4429140980419635,0.0341755890410874,0.3196520622553006
Middle-Neck_2-15,..\data\processed\wet\Middle-Neck_2-15_v1.wav,0.8104329135731705,0.4138209209171211,3.761918841109462,0.6981169240835235,0.8104329135731705,0.6897015348618686,0.7248708535798805,0.6981169240835235
Middle-Neck_2-15,..\data\processed\wet\Middle-Neck_2-15_v2.wav,0.3109730213830333,0.0597983532460655,1.726102328148932,0.8317853001851593,0.3109730213830333,0.0996639220767758,0.272467184033096,0.8317853001851593
Middle-Neck_2-15,..\data\processed\wet\Middle-Neck_2-15_v3.wav,0.9804707977830712,0.2963082088449368,0.5436515971536899,0.140044812134229,0.9804707977830712,0.4938470147415613,0.0097003549230422,0.140044812134229
Middle-Neck_2-15,..\data\processed\wet\Middle-Neck_2-15_v4.wav,0.3220805753162657,0.3471512091557698,0.8379214061239129,0.9433572987098816,0.3220805753162657,0.5785853485929497,0.0750936458053139,0.9433572987098816
Middle-Neck_2-16,..\data\processed\wet\Middle-Neck_2-16_v0.wav,0.3650836732844007,0.5475505307548938,4.012348112406598,0.7554372725155811,0.3650836732844007,0.912584217924823,0.7805218027570218,0.7554372725155811
Middle-Neck_2-16,..\data\processed\wet\Middle-Neck_2-16_v1.wav,0.606719579782232,0.3760702902311068,3.3710145584731164,0.6287213870255821,0.606719579782232,0.6267838170518446,0.6380032352162481,0.6287213870255821
Middle-Neck_2-16,..\data\processed\wet\Middle-Neck_2-16_v2.wav,0.5537282313983612,0.5918484110897333,3.7953075534156326,0.7769463883925212,0.5537282313983612,0.9864140184828888,0.7322905674256961,0.7769463883925212
Middle-Neck_2-16,..\data\processed\wet\Middle-Neck_2-16_v3.wav,0.8724628150836742,0.1293838576355095,0.8771187159277736,0.4828944365985986,0.8724628150836742,0.2156397627258491,0.0838041590950608,0.4828944365985986
Middle-Neck_2-16,..\data\processed\wet\Middle-Neck_2-16_v4.wav,0.5140806956192732,0.4975090679699506,2.49702610677051,0.5708530255443127,0.5140806956192732,0.8291817799499177,0.4437835792823357,0.5708530255443127
Middle-Neck_2-18,..\data\processed\wet\Middle-Neck_2-18_v0.wav,0.4623614472477392,0.2340396394485769,4.386096514126157,0.929260975197892,0.4623614472477392,0.3900660657476282,0.863577003139146,0.929260975197892
Middle-Neck_2-18,..\data\processed\wet\Middle-Neck_2-18_v1.wav,0.3034532164496062,0.5183614844759729,4.016854082898802,0.9308076723447618,0.3034532164496062,0.8639358074599548,0.7815231295330671,0.9308076723447618
Middle-Neck_2-18,..\data\processed\wet\Middle-Neck_2-18_v2.wav,0.2457503121858878,0.3461754900725874,1.7354506313320008,0.8240944904843742,0.2457503121858878,0.5769591501209791,0.2745445847404446,0.8240944904843742
Middle-Neck_2-18,..\data\processed\wet\Middle-Neck_2-18_v3.wav,0.0053241905710642,0.3388914977318376,2.026415440723631,0.3226837070778202,0.0053241905710642,0.5648191628863961,0.339203431271918,0.3226837070778202
Middle-Neck_2-18,..\data\processed\wet\Middle-Neck_2-18_v4.wav,0.644906323864917,0.5108906695883964,3.241379261269968,0.8531729786467225,0.644906323864917,0.8514844493139939,0.6091953913933262,0.8531729786467225
Middle-Neck_2-19,..\data\processed\wet\Middle-Neck_2-19_v0.wav,0.2645971118810299,0.3117011128589886,2.527414425801842,0.0116448995030962,0.2645971118810299,0.5195018547649811,0.450536539067076,0.0116448995030962
Middle-Neck_2-19,..\data\processed\wet\Middle-Neck_2-19_v1.wav,0.5568121431407401,0.3969145944877049,3.163614819885815,0.7362798987834215,0.5568121431407401,0.6615243241461749,0.5919144044190701,0.7362798987834215
Middle-Neck_2-19,..\data\processed\wet\Middle-Neck_2-19_v2.wav,0.5713395284530771,0.0400501529104541,1.0240048583812014,0.5964745775439524,0.5713395284530771,0.0667502548507569,0.1164455240847114,0.5964745775439524
Middle-Neck_2-19,..\data\processed\wet\Middle-Neck_2-19_v3.wav,0.2749791919736402,0.0477870774208595,2.43321234551846,0.5543225980836554,0.2749791919736402,0.0796451290347658,0.4296027434485467,0.5543225980836554
Middle-Neck_2-19,..\data\processed\wet\Middle-Neck_2-19_v4.wav,0.3287459883496065,0.4322602213354667,3.396967736455601,0.3328183610916719,0.3287459883496065,0.720433702225778,0.6437706081012446,0.3328183610916719
Middle-Neck_2-2,..\data\processed\wet\Middle-Neck_2-2_v0.wav,0.7548725289085606,0.3892170255198212,3.3685042042305597,0.553427700787068,0.7548725289085606,0.6486950425330354,0.6374453787179021,0.553427700787068
Middle-Neck_2-2,..\data\processed\wet\Middle-Neck_2-2_v1.wav,0.0113896680885527,0.4179043100861334,2.1921880599912043,0.9426097101586556,0.0113896680885527,0.6965071834768891,0.3760417911091565,0.9426097101586556
Middle-Neck_2-2,..\data\processed\wet\Middle-Neck_2-2_v2.wav,0.8179847710772054,0.3526166817187873,1.6348189181867123,0.2037173932776665,0.8179847710772054,0.5876944695313122,0.2521819818192694,0.2037173932776665
Middle-Neck_2-2,..\data\processed\wet\Middle-Neck_2-2_v3.wav,0.3403848376775491,0.2859407661480111,1.832294795175262,0.5149294953924828,0.3403848376775491,0.4765679435800185,0.2960655100389471,0.5149294953924828
Middle-Neck_2-2,..\data\processed\wet\Middle-Neck_2-2_v4.wav,0.1653704255131859,0.5866276876952999,0.9856604973424724,0.931944139654372,0.1653704255131859,0.9777128128255,0.1079245549649938,0.931944139654372
Middle-Neck_2-20,..\data\processed\wet\Middle-Neck_2-20_v0.wav,0.9135780114026948,0.3152162890916988,3.76209622326238,0.4360482979725878,0.9135780114026948,0.525360481819498,0.7249102718360844,0.4360482979725878
Middle-Neck_2-20,..\data\processed\wet\Middle-Neck_2-20_v1.wav,0.6300345775424382,0.2043455624526712,1.855215589034504,0.5782297861695137,0.6300345775424382,0.3405759374211187,0.3011590197854453,0.5782297861695137
Middle-Neck_2-20,..\data\processed\wet\Middle-Neck_2-20_v2.wav,0.4981296741839803,0.3477218214899886,1.7899726157916034,0.3669578318169952,0.4981296741839803,0.5795363691499811,0.286660581287023,0.3669578318169952
Middle-Neck_2-20,..\data\processed\wet\Middle-Neck_2-20_v3.wav,0.0838979606289093,0.0313658233633234,1.6405570835285732,0.0742468593305457,0.0838979606289093,0.0522763722722057,0.2534571296730162,0.0742468593305457
Middle-Neck_2-20,..\data\processed\wet\Middle-Neck_2-20_v4.wav,0.1037747086347407,0.4877570432363622,0.6749316365751019,0.6589427939347428,0.1037747086347407,0.8129284053939371,0.0388736970166893,0.6589427939347428
Middle-Neck_2-21,..\data\processed\wet\Middle-Neck_2-21_v0.wav,0.2725577488154005,0.5229274084248758,2.682465280598748,0.3055764593278257,0.2725577488154005,0.8715456807081264,0.4849922845774995,0.3055764593278257
Middle-Neck_2-21,..\data\processed\wet\Middle-Neck_2-21_v1.wav,0.5176389356894345,0.2291748114271612,3.039354791014236,0.1145328683263482,0.5176389356894345,0.3819580190452688,0.5643010646698302,0.1145328683263482
Middle-Neck_2-21,..\data\processed\wet\Middle-Neck_2-21_v2.wav,0.9969905028125512,0.2553335266180305,2.067037878683159,0.7102098483162649,0.9969905028125512,0.4255558776967175,0.3482306397073686,0.7102098483162649
Middle-Neck_2-21,..\data\processed\wet\Middle-Neck_2-21_v3.wav,0.3638994064953325,0.4999645830172545,2.5442182596219136,0.7195584132654349,0.3638994064953325,0.8332743050287577,0.4542707243604252,0.7195584132654349
Middle-Neck_2-21,..\data\processed\wet\Middle-Neck_2-21_v4.wav,0.1074532164418865,0.5076715113330671,3.8107309405014944,0.2117167784619656,0.1074532164418865,0.8461191855551119,0.7357179867781098,0.2117167784619656
Middle-Neck_2-3,..\data\processed\wet\Middle-Neck_2-3_v0.wav,0.9224988963025031,0.5115996918610324,3.9869754451382695,0.3927351142242276,0.9224988963025031,0.8526661531017207,0.7748834322529488,0.3927351142242276
Middle-Neck_2-3,..\data\processed\wet\Middle-Neck_2-3_v1.wav,0.5043807042987668,0.2785990468770917,1.640291484017177,0.505028046148767,0.5043807042987668,0.4643317447951528,0.2533981075593726,0.505028046148767
Middle-Neck_2-3,..\data\processed\wet\Middle-Neck_2-3_v2.wav,0.0304965478527544,0.0790862240984755,4.489653182760259,0.7516797670314233,0.0304965478527544,0.1318103734974591,0.8865895961689465,0.7516797670314233
Middle-Neck_2-3,..\data\processed\wet\Middle-Neck_2-3_v3.wav,0.422868409059087,0.3102902173703263,2.1649949868198983,0.7407798671606725,0.422868409059087,0.5171503622838772,0.3699988859599774,0.7407798671606725
Middle-Neck_2-3,..\data\processed\wet\Middle-Neck_2-3_v4.wav,0.7841871792320796,0.4579711141218954,3.7517527617550233,0.2045043386927958,0.7841871792320796,0.7632851902031591,0.7226117248344496,0.2045043386927958
Middle-Neck_2-4,..\data\processed\wet\Middle-Neck_2-4_v0.wav,0.3379699792404788,0.2819072609902049,1.9885684614244503,0.754940200158329,0.3379699792404788,0.469845434983675,0.3307929914276556,0.754940200158329
Middle-Neck_2-4,..\data\processed\wet\Middle-Neck_2-4_v1.wav,0.3293535242499547,0.0829392520712023,2.2956820342173683,0.9799144327823804,0.3293535242499547,0.1382320867853371,0.3990404520483041,0.9799144327823804
Middle-Neck_2-4,..\data\processed\wet\Middle-Neck_2-4_v2.wav,0.2258814129335759,0.3672951953659374,2.4483787242786783,0.0710245676493266,0.2258814129335759,0.6121586589432291,0.4329730498397063,0.0710245676493266
Middle-Neck_2-4,..\data\processed\wet\Middle-Neck_2-4_v3.wav,0.4878766059980595,0.4212985971889875,2.8094898912251844,0.8721060637465811,0.4878766059980595,0.7021643286483125,0.5132199758278188,0.8721060637465811
Middle-Neck_2-4,..\data\processed\wet\Middle-Neck_2-4_v4.wav,0.2889370166575826,0.0517495027823789,4.714545252461027,0.378196349528219,0.2889370166575826,0.0862491713039649,0.936565611658006,0.378196349528219
Middle-Neck_2-5,..\data\processed\wet\Middle-Neck_2-5_v0.wav,0.5764055514536334,0.4752018756781175,1.9594114874401125,0.7161645381776112,0.5764055514536334,0.792003126130196,0.3243136638755806,0.7161645381776112
Middle-Neck_2-5,..\data\processed\wet\Middle-Neck_2-5_v1.wav,0.135418849817828,0.1747762483233031,1.1511978626143395,0.8112305584013578,0.135418849817828,0.2912937472055052,0.1447106361365199,0.8112305584013578
Middle-Neck_2-5,..\data\processed\wet\Middle-Neck_2-5_v2.wav,0.2226492352267853,0.4304421332431261,4.744842787605436,0.527772209068877,0.2226492352267853,0.7174035554052103,0.9432983972456525,0.527772209068877
Middle-Neck_2-5,..\data\processed\wet\Middle-Neck_2-5_v3.wav,0.5400291922606877,0.2766201408586872,1.9665056452713925,0.4756550309249171,0.5400291922606877,0.461033568097812,0.3258901433936427,0.4756550309249171
Middle-Neck_2-5,..\data\processed\wet\Middle-Neck_2-5_v4.wav,0.6028075322667594,0.5915949433023956,4.7199405169320094,0.8621529582931218,0.6028075322667594,0.9859915721706594,0.9377645593182244,0.8621529582931218
Middle-Neck_2-6,..\data\processed\wet\Middle-Neck_2-6_v0.wav,0.8891305357048583,0.2807095099752257,3.458499472298592,0.8950667229362141,0.8891305357048583,0.4678491832920429,0.6574443271774648,0.8950667229362141
Middle-Neck_2-6,..\data\processed\wet\Middle-Neck_2-6_v1.wav,0.392950764991353,0.5770574870072812,2.371037279311324,0.6010826653932156,0.392950764991353,0.9617624783454688,0.415786062069183,0.6010826653932156
Middle-Neck_2-6,..\data\processed\wet\Middle-Neck_2-6_v2.wav,0.7098047132723719,0.5703552078455629,1.6007732332351972,0.7461309782386423,0.7098047132723719,0.9505920130759382,0.244616274052266,0.7461309782386423
Middle-Neck_2-6,..\data\processed\wet\Middle-Neck_2-6_v3.wav,0.5208155861440822,0.1611342843723846,3.9947307790837576,0.5522222801738466,0.5208155861440822,0.268557140620641,0.7766068397963906,0.5522222801738466
Middle-Neck_2-6,..\data\processed\wet\Middle-Neck_2-6_v4.wav,0.6609738206496758,0.1937406411467406,2.6657327832242226,0.6173542509880671,0.6609738206496758,0.322901068577901,0.481273951827605,0.6173542509880671
Middle-Neck_2-7,..\data\processed\wet\Middle-Neck_2-7_v0.wav,0.404910814269844,0.1190235239086207,4.827382215418868,0.5114675400426174,0.404910814269844,0.1983725398477013,0.961640492315304,0.5114675400426174
Middle-Neck_2-7,..\data\processed\wet\Middle-Neck_2-7_v1.wav,0.7339203702877005,0.2466283161336348,2.098092938115724,0.407164298467125,0.7339203702877005,0.4110471935560581,0.3551317640257163,0.407164298467125
Middle-Neck_2-7,..\data\processed\wet\Middle-Neck_2-7_v2.wav,0.4091966437856498,0.3265080695651721,2.9456144149161343,0.4971538158828716,0.4091966437856498,0.5441801159419536,0.5434698699813632,0.4971538158828716
Middle-Neck_2-7,..\data\processed\wet\Middle-Neck_2-7_v3.wav,0.1347857849174381,0.2976452871003187,1.2609675518929315,0.1261357862957651,0.1347857849174381,0.4960754785005311,0.1691039004206515,0.1261357862957651
Middle-Neck_2-7,..\data\processed\wet\Middle-Neck_2-7_v4.wav,0.9326457173411676,0.3629700078886225,3.467705261560629,0.4017936703333638,0.9326457173411676,0.6049500131477042,0.6594900581245843,0.4017936703333638
Middle-Neck_2-8,..\data\processed\wet\Middle-Neck_2-8_v0.wav,0.9089808919148642,0.3827582937477993,3.961264412856144,0.3685624690277138,0.9089808919148642,0.6379304895796655,0.7691698695235875,0.3685624690277138
Middle-Neck_2-8,..\data\processed\wet\Middle-Neck_2-8_v1.wav,0.9600118808191256,0.492276774094989,4.342768083565447,0.1721942674257542,0.9600118808191256,0.820461290158315,0.8539484630145436,0.1721942674257542
Middle-Neck_2-8,..\data\processed\wet\Middle-Neck_2-8_v2.wav,0.2709632078712195,0.1713759598101462,1.7190915046109203,0.8554081621042879,0.2709632078712195,0.285626599683577,0.2709092232468711,0.8554081621042879
Middle-Neck_2-8,..\data\processed\wet\Middle-Neck_2-8_v3.wav,0.0318847952085921,0.0456599933884645,1.7326169178345667,0.1998729746494436,0.0318847952085921,0.0760999889807743,0.2739148706299037,0.1998729746494436
Middle-Neck_2-8,..\data\processed\wet\Middle-Neck_2-8_v4.wav,0.2318596138828483,0.4787659135519799,3.034069672514211,0.0057706612929679,0.2318596138828483,0.7979431892533,0.5631265938920469,0.0057706612929679
Middle-Neck_2-9,..\data\processed\wet\Middle-Neck_2-9_v0.wav,0.4293227657041952,0.2447309561102153,1.0127537125004458,0.6761417886014571,0.4293227657041952,0.4078849268503589,0.1139452694445435,0.6761417886014571
Middle-Neck_2-9,..\data\processed\wet\Middle-Neck_2-9_v1.wav,0.7020971883794911,0.4325359314312586,3.778119255013664,5.282693229680113e-05,0.7020971883794911,0.7208932190520977,0.728470945558592,5.282693229680113e-05
Middle-Neck_2-9,..\data\processed\wet\Middle-Neck_2-9_v2.wav,0.9539208038467222,0.4885252602327978,4.567917634651784,0.0156432953074341,0.9539208038467222,0.814208767054663,0.9039816965892852,0.0156432953074341
Middle-Neck_2-9,..\data\processed\wet\Middle-Neck_2-9_v3.wav,0.9338587957857394,0.4858731172128628,4.267486143314144,0.0932873847219685,0.9338587957857394,0.8097885286881047,0.8372191429586986,0.0932873847219685
Middle-Neck_2-9,..\data\processed\wet\Middle-Neck_2-9_v4.wav,0.7387780289185977,0.5759500137852546,3.553463036381723,0.5705614046246065,0.7387780289185977,0.959916689642091,0.6785473414181606,0.5705614046246065
Middle-Neck_3-0,..\data\processed\wet\Middle-Neck_3-0_v0.wav,0.945629677748997,0.2657622730406616,3.196821048397154,0.4763382934943662,0.945629677748997,0.442937121734436,0.5992935663104787,0.4763382934943662
Middle-Neck_3-0,..\data\processed\wet\Middle-Neck_3-0_v1.wav,0.9328462213602992,0.0456508360593043,2.7550386537140668,0.6869524413854383,0.9328462213602992,0.0760847267655072,0.5011197008253482,0.6869524413854383
Middle-Neck_3-0,..\data\processed\wet\Middle-Neck_3-0_v2.wav,0.7919065384222369,0.3498111884664818,4.590129848546543,0.9419914468838716,0.7919065384222369,0.5830186474441363,0.908917744121454,0.9419914468838716
Middle-Neck_3-0,..\data\processed\wet\Middle-Neck_3-0_v3.wav,0.0643192231935835,0.2414223237248246,0.605565597745195,0.3294166573744429,0.0643192231935835,0.4023705395413743,0.0234590217211544,0.3294166573744429
Middle-Neck_3-0,..\data\processed\wet\Middle-Neck_3-0_v4.wav,0.5368682179706021,0.5464769583059693,4.309494451094313,0.1274997266719857,0.5368682179706021,0.9107949305099488,0.8465543224654029,0.1274997266719857
Middle-Neck_3-1,..\data\processed\wet\Middle-Neck_3-1_v0.wav,0.0930303747408957,0.3535604032540002,2.894530876064522,0.2663776414300238,0.0930303747408957,0.589267338756667,0.5321179724587827,0.2663776414300238
Middle-Neck_3-1,..\data\processed\wet\Middle-Neck_3-1_v1.wav,0.8994530845538352,0.556419845676932,2.311751472530732,0.8903025571135202,0.8994530845538352,0.9273664094615536,0.4026114383401626,0.8903025571135202
Middle-Neck_3-1,..\data\processed\wet\Middle-Neck_3-1_v2.wav,0.3839488942629726,0.4420900990978201,2.6417399789647584,0.1225831565071829,0.3839488942629726,0.7368168318297001,0.4759422175477241,0.1225831565071829
Middle-Neck_3-1,..\data\processed\wet\Middle-Neck_3-1_v3.wav,0.9279342012370216,0.2724579560265219,3.805191681450816,0.3671738144312921,0.9279342012370216,0.4540965933775366,0.7344870403224036,0.3671738144312921
Middle-Neck_3-1,..\data\processed\wet\Middle-Neck_3-1_v4.wav,0.0188808785762346,0.0603182152151015,2.73298765770466,0.6899643571263624,0.0188808785762346,0.1005303586918359,0.4962194794899244,0.6899643571263624
Middle-Neck_3-11,..\data\processed\wet\Middle-Neck_3-11_v0.wav,0.4537537602503535,0.3041580696463166,3.593254607085716,0.6332834823329955,0.4537537602503535,0.5069301160771944,0.6873899126857146,0.6332834823329955
Middle-Neck_3-11,..\data\processed\wet\Middle-Neck_3-11_v1.wav,0.8107206729451748,0.0268508603557428,1.8339832615072875,0.2801341187753797,0.8107206729451748,0.0447514339262381,0.2964407247793972,0.2801341187753797
Middle-Neck_3-11,..\data\processed\wet\Middle-Neck_3-11_v2.wav,0.1460169055921082,0.1735069523138658,1.8939439136430651,0.5218844619274783,0.1460169055921082,0.2891782538564431,0.3097653141429034,0.5218844619274783
Middle-Neck_3-11,..\data\processed\wet\Middle-Neck_3-11_v3.wav,0.6637044789262561,0.2286603081670884,3.7376160409102153,0.33616533857958,0.6637044789262561,0.3811005136118141,0.7194702313133812,0.33616533857958
Middle-Neck_3-11,..\data\processed\wet\Middle-Neck_3-11_v4.wav,0.2902836773147603,0.3247128335142146,0.6067236213760577,0.0797891236340003,0.2902836773147603,0.5411880558570243,0.0237163603057906,0.0797891236340003
Middle-Neck_3-12,..\data\processed\wet\Middle-Neck_3-12_v0.wav,0.417969543586527,0.5657476268350539,3.746803009295406,0.0881265695005577,0.417969543586527,0.9429127113917564,0.7215117798434236,0.0881265695005577
Middle-Neck_3-12,..\data\processed\wet\Middle-Neck_3-12_v1.wav,0.8463180127808737,0.4393804623649086,3.2492593656619397,0.8202929606091773,0.8463180127808737,0.732300770608181,0.6109465257026532,0.8202929606091773
Middle-Neck_3-12,..\data\processed\wet\Middle-Neck_3-12_v2.wav,0.4041098477429571,0.1329006305123116,2.804105250989417,0.5488417555934738,0.4041098477429571,0.2215010508538527,0.5120233891087593,0.5488417555934738
Middle-Neck_3-12,..\data\processed\wet\Middle-Neck_3-12_v3.wav,0.5383263720099121,0.3390442748880631,4.769172132076314,0.9022456230962314,0.5383263720099121,0.5650737914801053,0.9487049182391808,0.9022456230962314
Middle-Neck_3-12,..\data\processed\wet\Middle-Neck_3-12_v4.wav,0.8757170365589394,0.4808500865451762,4.745426482693784,0.0984946416794032,0.8757170365589394,0.8014168109086272,0.9434281072652853,0.0984946416794032
Middle-Neck_3-13,..\data\processed\wet\Middle-Neck_3-13_v0.wav,0.2651232614457395,0.2970335673927509,4.309405219055323,0.5051657115227325,0.2651232614457395,0.4950559456545849,0.8465344931234051,0.5051657115227325
Middle-Neck_3-13,..\data\processed\wet\Middle-Neck_3-13_v1.wav,0.7480347393415887,0.0833759431493497,1.6358621583945208,0.7317760950376724,0.7480347393415887,0.1389599052489162,0.2524138129765602,0.7317760950376724
Middle-Neck_3-13,..\data\processed\wet\Middle-Neck_3-13_v2.wav,0.164734008887724,0.210813560792956,1.6918981601610714,0.3498616942224785,0.164734008887724,0.3513559346549267,0.2648662578135714,0.3498616942224785
Middle-Neck_3-13,..\data\processed\wet\Middle-Neck_3-13_v3.wav,0.7083240490779703,0.2207083086856806,2.998684951735731,0.0999318770544096,0.7083240490779703,0.367847181142801,0.5552633226079402,0.0999318770544096
Middle-Neck_3-13,..\data\processed\wet\Middle-Neck_3-13_v4.wav,0.8050176932346278,0.2219331753888749,3.418403715650041,0.7253896016618326,0.8050176932346278,0.3698886256481248,0.6485341590333424,0.7253896016618326
Middle-Neck_3-14,..\data\processed\wet\Middle-Neck_3-14_v0.wav,0.2096609221117004,0.53080499097201,3.273009132231288,0.4287251417514814,0.2096609221117004,0.88467498495335,0.6162242516069529,0.4287251417514814
Middle-Neck_3-14,..\data\processed\wet\Middle-Neck_3-14_v1.wav,0.1823351835782195,0.565380562740724,3.897806918592313,0.2080245627332488,0.1823351835782195,0.9423009379012068,0.7550682041316251,0.2080245627332488
Middle-Neck_3-14,..\data\processed\wet\Middle-Neck_3-14_v2.wav,0.3377107747242245,0.4858045548528439,3.630549484469025,0.7657842927157243,0.3377107747242245,0.8096742580880733,0.695677663215339,0.7657842927157243
Middle-Neck_3-14,..\data\processed\wet\Middle-Neck_3-14_v3.wav,0.4412011022129324,0.4298857575853001,2.2392217528876115,0.2112629169381964,0.4412011022129324,0.7164762626421669,0.3864937228639136,0.2112629169381964
Middle-Neck_3-14,..\data\processed\wet\Middle-Neck_3-14_v4.wav,0.63267703484136,0.5856083553592765,1.8977043712789832,0.4609695922125396,0.63267703484136,0.9760139255987942,0.3106009713953296,0.4609695922125396
Middle-Neck_3-16,..\data\processed\wet\Middle-Neck_3-16_v0.wav,0.5200826832165839,0.498150115668831,2.3866216219353458,0.1939939562233972,0.5200826832165839,0.830250192781385,0.4192492493189657,0.1939939562233972
Middle-Neck_3-16,..\data\processed\wet\Middle-Neck_3-16_v1.wav,0.2848526766106136,0.3030984109759889,2.8909885670292907,0.8055808264412336,0.2848526766106136,0.5051640182933148,0.5313307926731757,0.8055808264412336
Middle-Neck_3-16,..\data\processed\wet\Middle-Neck_3-16_v2.wav,0.7913527236523344,0.3488199343227449,4.013534675144644,0.1917734582936709,0.7913527236523344,0.5813665572045749,0.7807854833654765,0.1917734582936709
Middle-Neck_3-16,..\data\processed\wet\Middle-Neck_3-16_v3.wav,0.0500645270932943,0.5241802935808201,0.8399952219324631,0.2466884297439973,0.0500645270932943,0.8736338226347001,0.0755544937627695,0.2466884297439973
Middle-Neck_3-16,..\data\processed\wet\Middle-Neck_3-16_v4.wav,0.6953189496243846,0.2456687625763854,4.4434128646197895,0.2979797946622695,0.6953189496243846,0.4094479376273091,0.8763139699155088,0.2979797946622695
Middle-Neck_3-17,..\data\processed\wet\Middle-Neck_3-17_v0.wav,0.0118713466693592,0.1803933843364464,3.1013377213317423,0.3759383754032933,0.0118713466693592,0.3006556405607441,0.5780750491848317,0.3759383754032933
Middle-Neck_3-17,..\data\processed\wet\Middle-Neck_3-17_v1.wav,0.5348727557587553,0.5259588713010112,4.6061827440366585,0.2659740646541121,0.5348727557587553,0.8765981188350186,0.9124850542303684,0.2659740646541121
Middle-Neck_3-17,..\data\processed\wet\Middle-Neck_3-17_v2.wav,0.4621404732699007,0.3294864091448707,4.771006055997112,0.9986173191643848,0.4621404732699007,0.5491440152414512,0.9491124568882472,0.9986173191643848
Middle-Neck_3-17,..\data\processed\wet\Middle-Neck_3-17_v3.wav,0.2354072488415266,0.4361879228074892,2.2011397800493784,0.0081081968862132,0.2354072488415266,0.7269798713458154,0.3780310622331952,0.0081081968862132
Middle-Neck_3-17,..\data\processed\wet\Middle-Neck_3-17_v4.wav,0.0092525224359023,0.2763396045373534,2.6975071085195057,0.0225696965734426,0.0092525224359023,0.4605660075622558,0.4883349130043346,0.0225696965734426
Middle-Neck_3-18,..\data\processed\wet\Middle-Neck_3-18_v0.wav,0.6869274167743025,0.1764020331569718,3.019518956911772,0.3009190731654187,0.6869274167743025,0.2940033885949531,0.5598931015359494,0.3009190731654187
Middle-Neck_3-18,..\data\processed\wet\Middle-Neck_3-18_v1.wav,0.1671343148693072,0.2443042431593251,1.5452301415572534,0.5348009769191681,0.1671343148693072,0.4071737385988753,0.2322733647905007,0.5348009769191681
Middle-Neck_3-18,..\data\processed\wet\Middle-Neck_3-18_v2.wav,0.1988285302864799,0.3050435859867762,1.208203316909904,0.670974709485785,0.1988285302864799,0.5084059766446271,0.1573785148688675,0.670974709485785
Middle-Neck_3-18,..\data\processed\wet\Middle-Neck_3-18_v3.wav,0.7539376844414241,0.0662365405499602,2.6051108541680263,0.0708717006548735,0.7539376844414241,0.1103942342499337,0.4678024120373392,0.0708717006548735
Middle-Neck_3-18,..\data\processed\wet\Middle-Neck_3-18_v4.wav,0.5981824455420024,0.1586425787577872,2.874310055774185,0.5174610093842912,0.5981824455420024,0.2644042979296453,0.5276244568387078,0.5174610093842912
Middle-Neck_3-19,..\data\processed\wet\Middle-Neck_3-19_v0.wav,0.9243543461938004,0.3294499335412337,3.1234931587324204,0.4016531257643803,0.9243543461938004,0.5490832225687229,0.5829984797183156,0.4016531257643803
Middle-Neck_3-19,..\data\processed\wet\Middle-Neck_3-19_v1.wav,0.9490796031828168,0.4663115456637657,1.784323806362787,0.8442095857762321,0.9490796031828168,0.7771859094396096,0.2854052903028415,0.8442095857762321
Middle-Neck_3-19,..\data\processed\wet\Middle-Neck_3-19_v2.wav,0.43239636018509,0.4972002861201563,4.20299630732076,0.1888701867628544,0.43239636018509,0.8286671435335939,0.8228880682935021,0.1888701867628544
Middle-Neck_3-19,..\data\processed\wet\Middle-Neck_3-19_v3.wav,0.7011411313835769,0.1743857815839186,1.838717014967007,0.2963480768805807,0.7011411313835769,0.2906429693065311,0.2974926699926682,0.2963480768805807
Middle-Neck_3-19,..\data\processed\wet\Middle-Neck_3-19_v4.wav,0.7255682475599482,0.1378956250755216,0.504076258607406,0.7152368534826331,0.7255682475599482,0.229826041792536,0.0009058352460902,0.7152368534826331
Middle-Neck_3-2,..\data\processed\wet\Middle-Neck_3-2_v0.wav,0.1711847438351252,0.0626894371847007,1.5688225426732707,0.379900522322704,0.1711847438351252,0.1044823953078346,0.2375161205940601,0.379900522322704
Middle-Neck_3-2,..\data\processed\wet\Middle-Neck_3-2_v1.wav,0.4759063274732007,0.0267420244275784,4.867579996823122,0.7160630534195581,0.4759063274732007,0.0445700407126308,0.9705733326273605,0.7160630534195581
Middle-Neck_3-2,..\data\processed\wet\Middle-Neck_3-2_v2.wav,0.3231940653243361,0.1912183543712383,2.5184414721580675,0.626244822763033,0.3231940653243361,0.3186972572853973,0.4485425493684594,0.626244822763033
Middle-Neck_3-2,..\data\processed\wet\Middle-Neck_3-2_v3.wav,0.1463730665889677,0.1133578882589713,4.367455622750979,0.2562549238890725,0.1463730665889677,0.1889298137649523,0.859434582833551,0.2562549238890725
Middle-Neck_3-2,..\data\processed\wet\Middle-Neck_3-2_v4.wav,0.3801949979751775,0.5227631105700702,3.484165232299201,0.3417118793416883,0.3801949979751775,0.871271850950117,0.6631478293998225,0.3417118793416883
Middle-Neck_3-20,..\data\processed\wet\Middle-Neck_3-20_v0.wav,0.6836995457246208,0.0118099292288482,3.810391970051144,0.4870160405162395,0.6836995457246208,0.0196832153814137,0.7356426600113652,0.4870160405162395
Middle-Neck_3-20,..\data\processed\wet\Middle-Neck_3-20_v1.wav,0.8131821472844613,0.572782591203881,4.666048472725557,0.9092650434553408,0.8131821472844613,0.9546376520064684,0.9257885494945683,0.9092650434553408
Middle-Neck_3-20,..\data\processed\wet\Middle-Neck_3-20_v2.wav,0.5121699559338871,0.2160852684833628,2.5926589612880275,0.6898960033133608,0.5121699559338871,0.360142114138938,0.4650353247306727,0.6898960033133608
Middle-Neck_3-20,..\data\processed\wet\Middle-Neck_3-20_v3.wav,0.8839977768711867,0.1241917818000717,4.631869213077664,0.8151802319698891,0.8839977768711867,0.2069863030001195,0.9181931584617032,0.8151802319698891
Middle-Neck_3-20,..\data\processed\wet\Middle-Neck_3-20_v4.wav,0.9788560151782346,0.5281510639690122,1.75971798361358,0.1059559113440476,0.9788560151782346,0.8802517732816871,0.2799373296919066,0.1059559113440476
Middle-Neck_3-21,..\data\processed\wet\Middle-Neck_3-21_v0.wav,0.1122410719915886,0.1747339911469656,3.2638267579304268,0.8043203260971725,0.1122410719915886,0.2912233185782761,0.6141837239845392,0.8043203260971725
Middle-Neck_3-21,..\data\processed\wet\Middle-Neck_3-21_v1.wav,0.8992503069815647,0.3742520306215396,0.5253409073662418,0.1863167765185335,0.8992503069815647,0.6237533843692328,0.0056313127480537,0.1863167765185335
Middle-Neck_3-21,..\data\processed\wet\Middle-Neck_3-21_v2.wav,0.0997262038533679,0.217994685341406,2.756079471351857,0.0433971785785608,0.0997262038533679,0.36332447556901,0.5013509936337459,0.0433971785785608
Middle-Neck_3-21,..\data\processed\wet\Middle-Neck_3-21_v3.wav,0.3484779757956553,0.1075078047751935,3.4118157481649325,0.46427236932434,0.3484779757956553,0.1791796746253225,0.6470701662588739,0.46427236932434
Middle-Neck_3-21,..\data\processed\wet\Middle-Neck_3-21_v4.wav,0.4953176469339088,0.2566150728200766,4.802088697189552,0.2147351251215632,0.4953176469339088,0.427691788033461,0.9560197104865672,0.2147351251215632
Middle-Neck_3-22,..\data\processed\wet\Middle-Neck_3-22_v0.wav,0.5166642598438743,0.4416104210192015,3.005799859105532,0.9290208857168012,0.5166642598438743,0.7360173683653359,0.5568444131345626,0.9290208857168012
Middle-Neck_3-22,..\data\processed\wet\Middle-Neck_3-22_v1.wav,0.3779683556412841,0.2782054834639068,0.8983504184662778,0.6089991110519285,0.3779683556412841,0.4636758057731779,0.0885223152147284,0.6089991110519285
Middle-Neck_3-22,..\data\processed\wet\Middle-Neck_3-22_v2.wav,0.288211968448106,0.0961854237093413,2.9503908180702862,0.5323102633799106,0.288211968448106,0.1603090395155688,0.5445312929045081,0.5323102633799106
Middle-Neck_3-22,..\data\processed\wet\Middle-Neck_3-22_v3.wav,0.0758716412240475,0.4189292720966837,3.306974857928838,0.1890172827464972,0.0758716412240475,0.6982154534944728,0.6237721906508529,0.1890172827464972
Middle-Neck_3-22,..\data\processed\wet\Middle-Neck_3-22_v4.wav,0.4694348621540438,0.4321937498871359,2.8824608324357444,0.3954890761835702,0.4694348621540438,0.72032291647856,0.5294357405412765,0.3954890761835702
Middle-Neck_3-3,..\data\processed\wet\Middle-Neck_3-3_v0.wav,0.3223384580809436,0.3662363199864321,4.725989142396083,0.6717448404774834,0.3223384580809436,0.6103938666440536,0.9391086983102406,0.6717448404774834
Middle-Neck_3-3,..\data\processed\wet\Middle-Neck_3-3_v1.wav,0.0747459036363155,0.2764109840892803,4.508708591797824,0.0944624258010868,0.0747459036363155,0.4606849734821338,0.8908241315106274,0.0944624258010868
Middle-Neck_3-3,..\data\processed\wet\Middle-Neck_3-3_v2.wav,0.9888757121375432,0.5694416361872527,0.8522351632844414,0.9334133204495548,0.9888757121375432,0.9490693936454212,0.0782744807298758,0.9334133204495548
Middle-Neck_3-3,..\data\processed\wet\Middle-Neck_3-3_v3.wav,0.3631325902594622,0.5068255002455175,2.3827250197097216,0.4408551127025158,0.3631325902594622,0.8447091670758626,0.4183833377132714,0.4408551127025158
Middle-Neck_3-3,..\data\processed\wet\Middle-Neck_3-3_v4.wav,0.6342430909775426,0.4646864515655899,0.6520511792671189,0.5931559955271343,0.6342430909775426,0.7744774192759833,0.0337891509482486,0.5931559955271343
Middle-Neck_3-4,..\data\processed\wet\Middle-Neck_3-4_v0.wav,0.1867329940973709,0.2075697107179217,2.0658589976984745,0.4690603402211536,0.1867329940973709,0.3459495178632029,0.3479686661552165,0.4690603402211536
Middle-Neck_3-4,..\data\processed\wet\Middle-Neck_3-4_v1.wav,0.3341364118761734,0.0644166710704006,1.1553293233645314,0.0334379855610976,0.3341364118761734,0.1073611184506677,0.1456287385254514,0.0334379855610976
Middle-Neck_3-4,..\data\processed\wet\Middle-Neck_3-4_v2.wav,0.4702490853287543,0.572668616911793,1.0205385064165244,0.946264493003082,0.4702490853287543,0.9544476948529884,0.1156752236481165,0.946264493003082
Middle-Neck_3-4,..\data\processed\wet\Middle-Neck_3-4_v3.wav,0.7333615147320935,0.3824992817604979,3.403749898956033,0.8267276483962821,0.7333615147320935,0.6374988029341632,0.6452777553235629,0.8267276483962821
Middle-Neck_3-4,..\data\processed\wet\Middle-Neck_3-4_v4.wav,0.1069198643798213,0.302852594139325,3.6369101221734135,0.5868204450735637,0.1069198643798213,0.5047543235655417,0.6970911382607585,0.5868204450735637
Middle-Neck_3-6,..\data\processed\wet\Middle-Neck_3-6_v0.wav,0.2742618501588997,0.3285671904856856,1.150318507581276,0.1339412194000003,0.2742618501588997,0.5476119841428094,0.1445152239069502,0.1339412194000003
Middle-Neck_3-6,..\data\processed\wet\Middle-Neck_3-6_v1.wav,0.943788889207958,0.4825217443786685,1.3129470594102663,0.4065678079054909,0.943788889207958,0.804202907297781,0.1806549020911703,0.4065678079054909
Middle-Neck_3-6,..\data\processed\wet\Middle-Neck_3-6_v2.wav,0.3556219992575655,0.4746024444392444,2.795958124151549,0.127849736993467,0.3556219992575655,0.7910040740654073,0.5102129164781221,0.127849736993467
Middle-Neck_3-6,..\data\processed\wet\Middle-Neck_3-6_v3.wav,0.7389920631562439,0.2381327869349513,1.6831591143446618,0.3754986220207201,0.7389920631562439,0.3968879782249189,0.262924247632147,0.3754986220207201
Middle-Neck_3-6,..\data\processed\wet\Middle-Neck_3-6_v4.wav,0.4977565636068963,0.2058693098502056,1.5885759766629102,0.3985020288039803,0.4977565636068963,0.3431155164170094,0.2419057725917578,0.3985020288039803
Middle-Neck_3-7,..\data\processed\wet\Middle-Neck_3-7_v0.wav,0.0191729107498982,0.4634987076577883,1.269252021054136,0.0439046136306372,0.0191729107498982,0.7724978460963139,0.1709448935675858,0.0439046136306372
Middle-Neck_3-7,..\data\processed\wet\Middle-Neck_3-7_v1.wav,0.6536986929050792,0.4643616772942033,4.1622310921677945,0.4935091826605999,0.6536986929050792,0.7739361288236722,0.8138291315928432,0.4935091826605999
Middle-Neck_3-7,..\data\processed\wet\Middle-Neck_3-7_v2.wav,0.2053681846899853,0.442336606349896,3.648708847194517,0.2462707341031732,0.2053681846899853,0.7372276772498267,0.6997130771543372,0.2462707341031732
Middle-Neck_3-7,..\data\processed\wet\Middle-Neck_3-7_v3.wav,0.903407755862793,0.0626228748496973,4.922097078160966,0.8602478109774646,0.903407755862793,0.104371458082829,0.9826882395913256,0.8602478109774646
Middle-Neck_3-7,..\data\processed\wet\Middle-Neck_3-7_v4.wav,0.6878986454790752,0.5632499329678997,3.750400257456685,0.1904569970300459,0.6878986454790752,0.9387498882798327,0.7223111683237078,0.1904569970300459
Middle-Neck_3-8,..\data\processed\wet\Middle-Neck_3-8_v0.wav,0.4421561381128117,0.0429018145989812,2.2534584002965192,0.7416030197372087,0.4421561381128117,0.0715030243316353,0.3896574222881154,0.7416030197372087
Middle-Neck_3-8,..\data\processed\wet\Middle-Neck_3-8_v1.wav,0.3864433509308174,0.1981765052808804,3.179100751296404,0.872204528998895,0.3864433509308174,0.3302941754681341,0.5953557225103119,0.872204528998895
Middle-Neck_3-8,..\data\processed\wet\Middle-Neck_3-8_v2.wav,0.0475831925461124,0.2312822608198412,1.2120833381686822,0.6953542507318696,0.0475831925461124,0.3854704346997354,0.1582407418152627,0.6953542507318696
Middle-Neck_3-8,..\data\processed\wet\Middle-Neck_3-8_v3.wav,0.1057245604311348,0.3988846551481467,1.787813918590583,0.1989168137372247,0.1057245604311348,0.6648077585802445,0.2861808707979073,0.1989168137372247
Middle-Neck_3-8,..\data\processed\wet\Middle-Neck_3-8_v4.wav,0.9363525578249854,0.0111147460475735,2.4699977235030603,0.0216269924617937,0.9363525578249854,0.0185245767459558,0.4377772718895689,0.0216269924617937
Middle-Neck_4-0,..\data\processed\wet\Middle-Neck_4-0_v0.wav,0.5602414637830525,0.1530021915006454,1.681476035090001,0.0392530530709999,0.5602414637830525,0.2550036525010757,0.2625502300200002,0.0392530530709999
Middle-Neck_4-0,..\data\processed\wet\Middle-Neck_4-0_v1.wav,0.3054442265484817,0.446762207402028,0.7138299074319967,0.2192952825048306,0.3054442265484817,0.7446036790033801,0.0475177572071103,0.2192952825048306
Middle-Neck_4-0,..\data\processed\wet\Middle-Neck_4-0_v2.wav,0.7062324985317819,0.4695909376937259,2.548932845278678,0.6980743384786489,0.7062324985317819,0.7826515628228766,0.4553184100619284,0.6980743384786489
Middle-Neck_4-0,..\data\processed\wet\Middle-Neck_4-0_v3.wav,0.387952168654892,0.0959479470144765,2.29167272085308,0.5799678202031429,0.387952168654892,0.1599132450241275,0.3981494935229066,0.5799678202031429
Middle-Neck_4-0,..\data\processed\wet\Middle-Neck_4-0_v4.wav,0.9480532818528904,0.0412505712532063,2.7832734223023228,0.3289197782107244,0.9480532818528904,0.0687509520886773,0.5073940938449606,0.3289197782107244
Middle-Neck_4-1,..\data\processed\wet\Middle-Neck_4-1_v0.wav,0.5083116942766945,0.014385268425919,1.908614096157116,0.819868147527005,0.5083116942766945,0.0239754473765316,0.3130253547015813,0.819868147527005
Middle-Neck_4-1,..\data\processed\wet\Middle-Neck_4-1_v1.wav,0.5539417338546375,0.2703494956896704,1.7848628227190282,0.2980425227913559,0.5539417338546375,0.4505824928161174,0.2855250717153396,0.2980425227913559
Middle-Neck_4-1,..\data\processed\wet\Middle-Neck_4-1_v2.wav,0.3831014335905844,0.5013424259787362,4.852459430637207,0.4386553813503745,0.3831014335905844,0.8355707099645604,0.9672132068082684,0.4386553813503745
Middle-Neck_4-1,..\data\processed\wet\Middle-Neck_4-1_v3.wav,0.3933528387477618,0.5079304654919177,2.4210739428633663,0.5520181722956512,0.3933528387477618,0.8465507758198628,0.4269053206363036,0.5520181722956512
Middle-Neck_4-1,..\data\processed\wet\Middle-Neck_4-1_v4.wav,0.2309416645987444,0.4461015214674451,2.8939474322185186,0.8090345502403417,0.2309416645987444,0.7435025357790752,0.5319883182707819,0.8090345502403417
Middle-Neck_4-10,..\data\processed\wet\Middle-Neck_4-10_v0.wav,0.7807327300286697,0.1290028609620171,3.720359977509931,0.8000544079513714,0.7807327300286697,0.2150047682700285,0.7156355505577624,0.8000544079513714
Middle-Neck_4-10,..\data\processed\wet\Middle-Neck_4-10_v1.wav,0.3461072407823951,0.1035654677413647,0.5118447001081468,0.4509036530931481,0.3461072407823951,0.1726091129022745,0.0026321555795881,0.4509036530931481
Middle-Neck_4-10,..\data\processed\wet\Middle-Neck_4-10_v2.wav,0.3524327315388416,0.3329459002952453,1.346184916649536,0.8596655476664752,0.3524327315388416,0.5549098338254089,0.1880410925887857,0.8596655476664752
Middle-Neck_4-10,..\data\processed\wet\Middle-Neck_4-10_v3.wav,0.2577552156281096,0.1358577630525899,2.6632132541796016,0.4988510237442742,0.2577552156281096,0.2264296050876499,0.4807140564843559,0.4988510237442742
Middle-Neck_4-10,..\data\processed\wet\Middle-Neck_4-10_v4.wav,0.2150852287850928,0.1631164360355494,1.2636735761986022,0.7184601783231668,0.2150852287850928,0.2718607267259157,0.1697052391552449,0.7184601783231668
Middle-Neck_4-11,..\data\processed\wet\Middle-Neck_4-11_v0.wav,0.7700890312540819,0.2773970984755695,3.7133916020825786,0.7359353919374455,0.7700890312540819,0.4623284974592825,0.7140870226850174,0.7359353919374455
Middle-Neck_4-11,..\data\processed\wet\Middle-Neck_4-11_v1.wav,0.1382755276778086,0.5797068149007221,4.194643761933939,0.2044834611958235,0.1382755276778086,0.9661780248345369,0.8210319470964309,0.2044834611958235
Middle-Neck_4-11,..\data\processed\wet\Middle-Neck_4-11_v2.wav,0.1861650357460702,0.0753966873477496,1.1227035314386329,0.7481617990286962,0.1861650357460702,0.1256611455795827,0.1383785625419183,0.7481617990286962
Middle-Neck_4-11,..\data\processed\wet\Middle-Neck_4-11_v3.wav,0.4696542569516235,0.4697605036439203,3.858147024575924,0.6046127135052216,0.4696542569516235,0.7829341727398672,0.7462548943502054,0.6046127135052216
Middle-Neck_4-11,..\data\processed\wet\Middle-Neck_4-11_v4.wav,0.6863666065786795,0.011013434627485,1.902999410622599,0.6378221792594102,0.6863666065786795,0.0183557243791417,0.3117776468050219,0.6378221792594102
Middle-Neck_4-13,..\data\processed\wet\Middle-Neck_4-13_v0.wav,0.9252646416569644,0.0881379413266675,4.868843890404651,0.9474772343956246,0.9252646416569644,0.1468965688777792,0.9708541978677004,0.9474772343956246
Middle-Neck_4-13,..\data\processed\wet\Middle-Neck_4-13_v1.wav,0.8845719870582626,0.1287339127980013,3.353247752049425,0.7608914729612402,0.8845719870582626,0.2145565213300022,0.6340550560109833,0.7608914729612402
Middle-Neck_4-13,..\data\processed\wet\Middle-Neck_4-13_v2.wav,0.9860279281964296,0.1082542932488222,3.947116547836834,0.3388011699271129,0.9860279281964296,0.1804238220813704,0.7660258995192964,0.3388011699271129
Middle-Neck_4-13,..\data\processed\wet\Middle-Neck_4-13_v3.wav,0.1756264655680023,0.2528261647283129,4.072261604668774,0.4648498037040521,0.1756264655680023,0.4213769412138549,0.7938359121486164,0.4648498037040521
Middle-Neck_4-13,..\data\processed\wet\Middle-Neck_4-13_v4.wav,0.5375231002030485,0.5970956461200727,2.295991848008417,0.6154007547092398,0.5375231002030485,0.9951594102001212,0.399109299557426,0.6154007547092398
Middle-Neck_4-14,..\data\processed\wet\Middle-Neck_4-14_v0.wav,0.3652442016153718,0.2356713877972229,3.630383390504337,0.9378869760948836,0.3652442016153718,0.3927856463287049,0.6956407534454081,0.9378869760948836
Middle-Neck_4-14,..\data\processed\wet\Middle-Neck_4-14_v1.wav,0.5423589504923214,0.4610399573692679,0.9014295146763373,0.2111580374319269,0.5423589504923214,0.7683999289487798,0.0892065588169638,0.2111580374319269
Middle-Neck_4-14,..\data\processed\wet\Middle-Neck_4-14_v2.wav,0.5021316409195324,0.0120070341772648,1.6378474044315146,0.5174012898249661,0.5021316409195324,0.0200117236287747,0.2528549787625588,0.5174012898249661
Middle-Neck_4-14,..\data\processed\wet\Middle-Neck_4-14_v3.wav,0.0149611982563007,0.158727771735625,2.8131386876414126,0.5731492479812457,0.0149611982563007,0.2645462862260417,0.5140308194758695,0.5731492479812457
Middle-Neck_4-14,..\data\processed\wet\Middle-Neck_4-14_v4.wav,0.9257516930553056,0.3872073739503647,2.366311111384972,0.9303511771330678,0.9257516930553056,0.6453456232506078,0.4147358025299937,0.9303511771330678
Middle-Neck_4-16,..\data\processed\wet\Middle-Neck_4-16_v0.wav,0.6363727057095906,0.4507638701626475,3.5533268126798645,0.1984101011935627,0.6363727057095906,0.7512731169377459,0.6785170694844144,0.1984101011935627
Middle-Neck_4-16,..\data\processed\wet\Middle-Neck_4-16_v1.wav,0.4939871801434912,0.4749840433098378,2.640668351850753,0.5366232797354938,0.4939871801434912,0.791640072183063,0.4757040781890562,0.5366232797354938
Middle-Neck_4-16,..\data\processed\wet\Middle-Neck_4-16_v2.wav,0.7711360481708222,0.3967591837590549,2.3420521439707667,0.895412711194219,0.7711360481708222,0.6612653062650915,0.4093449208823926,0.895412711194219
Middle-Neck_4-16,..\data\processed\wet\Middle-Neck_4-16_v3.wav,0.1625670686634786,0.5973098691541948,1.0348366031430674,0.0149499711042389,0.1625670686634786,0.9955164485903248,0.1188525784762371,0.0149499711042389
Middle-Neck_4-16,..\data\processed\wet\Middle-Neck_4-16_v4.wav,0.8900189011487647,0.1469721050195736,3.783648323510244,0.8110153749320693,0.8900189011487647,0.244953508365956,0.7296996274467209,0.8110153749320693
Middle-Neck_4-17,..\data\processed\wet\Middle-Neck_4-17_v0.wav,0.8589863910321168,0.5949565413985,1.823178695179996,0.7102433419272591,0.8589863910321168,0.9915942356641666,0.294039710039999,0.7102433419272591
Middle-Neck_4-17,..\data\processed\wet\Middle-Neck_4-17_v1.wav,0.1153998582808282,0.2440855748141096,4.315872619906656,0.3676580460591083,0.1153998582808282,0.4068092913568494,0.8479716933125903,0.3676580460591083
Middle-Neck_4-17,..\data\processed\wet\Middle-Neck_4-17_v2.wav,0.5910953805356141,0.3022640662347804,3.406781890004203,0.9728943893876948,0.5910953805356141,0.5037734437246341,0.6459515311120451,0.9728943893876948
Middle-Neck_4-17,..\data\processed\wet\Middle-Neck_4-17_v3.wav,0.0557355265014021,0.3443769105009778,4.383629506626281,0.4813827117484275,0.0557355265014021,0.5739615175016297,0.8630287792502848,0.4813827117484275
Middle-Neck_4-17,..\data\processed\wet\Middle-Neck_4-17_v4.wav,0.0785271859415728,0.3363236114500625,1.994332508707192,0.1549417853379359,0.0785271859415728,0.5605393524167709,0.3320738908238204,0.1549417853379359
Middle-Neck_4-19,..\data\processed\wet\Middle-Neck_4-19_v0.wav,0.4228764684667788,0.3394509385347494,2.144531680939731,0.9361463354321128,0.4228764684667788,0.5657515642245824,0.3654514846532735,0.9361463354321128
Middle-Neck_4-19,..\data\processed\wet\Middle-Neck_4-19_v1.wav,0.0549048909107743,0.4040348874179011,4.510771991724877,0.8038847087352534,0.0549048909107743,0.6733914790298352,0.8912826648277505,0.8038847087352534
Middle-Neck_4-19,..\data\processed\wet\Middle-Neck_4-19_v2.wav,0.1840410348214467,0.177555809388173,3.7267157241819713,0.0842705591807655,0.1840410348214467,0.2959263489802883,0.7170479387071047,0.0842705591807655
Middle-Neck_4-19,..\data\processed\wet\Middle-Neck_4-19_v3.wav,0.811861699832584,0.4313441667628742,3.7832299215590415,0.1002413702675913,0.811861699832584,0.7189069446047903,0.7296066492353426,0.1002413702675913
Middle-Neck_4-19,..\data\processed\wet\Middle-Neck_4-19_v4.wav,0.7177605448162309,0.4078908751319819,4.239151208698328,0.0415959562564695,0.7177605448162309,0.67981812521997,0.8309224908218505,0.0415959562564695
Middle-Neck_4-2,..\data\processed\wet\Middle-Neck_4-2_v0.wav,0.0231106684677921,0.2238042599271364,1.169547277321188,0.5583844775702219,0.0231106684677921,0.3730070998785607,0.1487882838491528,0.5583844775702219
Middle-Neck_4-2,..\data\processed\wet\Middle-Neck_4-2_v1.wav,0.9173489015067487,0.2348878382004094,4.302276697726718,0.0002408745178664,0.9173489015067487,0.3914797303340157,0.844950377272604,0.0002408745178664
Middle-Neck_4-2,..\data\processed\wet\Middle-Neck_4-2_v2.wav,0.1685146434591842,0.0182541237924513,1.9766623123178089,0.9081895956965028,0.1685146434591842,0.0304235396540856,0.3281471805150686,0.9081895956965028
Middle-Neck_4-2,..\data\processed\wet\Middle-Neck_4-2_v3.wav,0.0969521235989877,0.3638458660462802,2.5317317260374987,0.9384682123658123,0.0969521235989877,0.6064097767438004,0.4514959391194442,0.9384682123658123
Middle-Neck_4-2,..\data\processed\wet\Middle-Neck_4-2_v4.wav,0.1225191425370938,0.1272167103013373,0.6329388587517197,0.4339352496313737,0.1225191425370938,0.2120278505022289,0.0295419686114932,0.4339352496313737
Middle-Neck_4-20,..\data\processed\wet\Middle-Neck_4-20_v0.wav,0.2778328995646543,0.5219435603341925,3.222233659389898,0.6140907379757017,0.2778328995646543,0.8699059338903209,0.6049408131977551,0.6140907379757017
Middle-Neck_4-20,..\data\processed\wet\Middle-Neck_4-20_v1.wav,0.5319106968813024,0.0551102023375206,2.5025840767640988,0.9995051897085164,0.5319106968813024,0.091850337229201,0.4450186837253553,0.9995051897085164
Middle-Neck_4-20,..\data\processed\wet\Middle-Neck_4-20_v2.wav,0.8352292908460148,0.5360754325002696,4.204518616609247,0.1030416934309826,0.8352292908460148,0.893459054167116,0.8232263592464995,0.1030416934309826
Middle-Neck_4-20,..\data\processed\wet\Middle-Neck_4-20_v3.wav,0.2274482540647996,0.0018729908138457,1.8657955619515016,0.1086074023464925,0.2274482540647996,0.0031216513564096,0.3035101248781114,0.1086074023464925
Middle-Neck_4-20,..\data\processed\wet\Middle-Neck_4-20_v4.wav,0.472793345301583,0.4062764931443411,4.435273827671347,0.7492171650908982,0.472793345301583,0.6771274885739019,0.8745052950380772,0.7492171650908982
Middle-Neck_4-22,..\data\processed\wet\Middle-Neck_4-22_v0.wav,0.5880862458546977,0.3424137969461088,2.679197891493765,0.5499789863838642,0.5880862458546977,0.570689661576848,0.4842661981097255,0.5499789863838642
Middle-Neck_4-22,..\data\processed\wet\Middle-Neck_4-22_v1.wav,0.491790632623668,0.3392738196444649,3.71977679579508,0.1096281944034397,0.491790632623668,0.5654563660741082,0.7155059546211288,0.1096281944034397
Middle-Neck_4-22,..\data\processed\wet\Middle-Neck_4-22_v2.wav,0.7496257521490237,0.0815316900765565,0.7998259928466862,0.9760796862214676,0.7496257521490237,0.1358861501275942,0.0666279984103747,0.9760796862214676
Middle-Neck_4-22,..\data\processed\wet\Middle-Neck_4-22_v3.wav,0.9569917688704416,0.0362619269643384,2.49464048663733,0.1862449382997747,0.9569917688704416,0.060436544940564,0.4432534414749622,0.1862449382997747
Middle-Neck_4-22,..\data\processed\wet\Middle-Neck_4-22_v4.wav,0.4853448971344181,0.4981063457997524,4.777752986343006,0.6342526534515374,0.4853448971344181,0.8301772429995874,0.9506117747428902,0.6342526534515374
Middle-Neck_4-6,..\data\processed\wet\Middle-Neck_4-6_v0.wav,0.9219556301327502,0.084462274662728,1.5120356257868326,0.558134158128215,0.9219556301327502,0.1407704577712133,0.2248968057304072,0.558134158128215
Middle-Neck_4-6,..\data\processed\wet\Middle-Neck_4-6_v1.wav,0.7640930002129815,0.3716107835617793,1.544602607600703,0.0009430425274903,0.7640930002129815,0.619351305936299,0.2321339128001561,0.0009430425274903
Middle-Neck_4-6,..\data\processed\wet\Middle-Neck_4-6_v2.wav,0.7571505803074392,0.5911243955466562,4.144609041377407,0.4602066181566153,0.7571505803074392,0.9852073259110936,0.8099131203060905,0.4602066181566153
Middle-Neck_4-6,..\data\processed\wet\Middle-Neck_4-6_v3.wav,0.9037672613991066,0.24590860387101,2.862203379095604,0.4771297673956832,0.9037672613991066,0.40984767311835,0.5249340842434675,0.4771297673956832
Middle-Neck_4-6,..\data\processed\wet\Middle-Neck_4-6_v4.wav,0.4476238726655249,0.4651144615763434,2.870460082712714,0.316717122025216,0.4476238726655249,0.7751907692939057,0.526768907269492,0.316717122025216
Middle-Neck_4-7,..\data\processed\wet\Middle-Neck_4-7_v0.wav,0.2581581676584783,0.02264839018046,3.1243782284737067,0.2299614154010342,0.2581581676584783,0.0377473169674333,0.583195161883046,0.2299614154010342
Middle-Neck_4-7,..\data\processed\wet\Middle-Neck_4-7_v1.wav,0.1481339220163831,0.3922979782966065,3.56544166019697,0.752154892257666,0.1481339220163831,0.6538299638276777,0.6812092578215488,0.752154892257666
Middle-Neck_4-7,..\data\processed\wet\Middle-Neck_4-7_v2.wav,0.5035768963385915,0.5364327631223319,4.713542390292025,0.8073709397924894,0.5035768963385915,0.8940546052038866,0.9363427533982276,0.8073709397924894
Middle-Neck_4-7,..\data\processed\wet\Middle-Neck_4-7_v3.wav,0.6355934820081872,0.1822325721547132,4.923252147290995,0.2741361671919383,0.6355934820081872,0.3037209535911886,0.9829449216202212,0.2741361671919383
Middle-Neck_4-7,..\data\processed\wet\Middle-Neck_4-7_v4.wav,0.202656921990431,0.2652924682719496,0.7557825682057481,0.9784944646717908,0.202656921990431,0.4421541137865827,0.0568405707123884,0.9784944646717908
Middle-Neck_4-8,..\data\processed\wet\Middle-Neck_4-8_v0.wav,0.5884335564164248,0.3341712549985051,3.4510832595487395,0.4970236477772066,0.5884335564164248,0.5569520916641753,0.6557962798997199,0.4970236477772066
Middle-Neck_4-8,..\data\processed\wet\Middle-Neck_4-8_v1.wav,0.0320635170945415,0.367386773304238,3.722782446303938,0.4167490606240531,0.0320635170945415,0.6123112888403968,0.7161738769564306,0.4167490606240531
Middle-Neck_4-8,..\data\processed\wet\Middle-Neck_4-8_v2.wav,0.7572955720711929,0.1362007796030523,1.495744659797828,0.1614169876875739,0.7572955720711929,0.2270012993384206,0.221276591066184,0.1614169876875739
Middle-Neck_4-8,..\data\processed\wet\Middle-Neck_4-8_v3.wav,0.3719947597891618,0.5082072212334501,4.225604279670789,0.3828242079635038,0.3719947597891618,0.8470120353890835,0.8279120621490643,0.3828242079635038
Middle-Neck_4-8,..\data\processed\wet\Middle-Neck_4-8_v4.wav,0.5891187359802366,0.4324897898849493,1.5854304858261037,0.168141085894747,0.5891187359802366,0.7208163164749156,0.2412067746280229,0.168141085894747
Middle-Neck_4-9,..\data\processed\wet\Middle-Neck_4-9_v0.wav,0.972095993212311,0.3705343879257711,4.916370748251487,0.3377559871322291,0.972095993212311,0.6175573132096185,0.9814157218336638,0.3377559871322291
Middle-Neck_4-9,..\data\processed\wet\Middle-Neck_4-9_v1.wav,0.7030316999741315,0.1335621819247426,1.6754007707326082,0.511902121269624,0.7030316999741315,0.2226036365412377,0.2612001712739129,0.511902121269624
Middle-Neck_4-9,..\data\processed\wet\Middle-Neck_4-9_v2.wav,0.3196181255080712,0.1005729383043506,1.6829631589519671,0.0357483944658646,0.3196181255080712,0.1676215638405844,0.262880701989326,0.0357483944658646
Middle-Neck_4-9,..\data\processed\wet\Middle-Neck_4-9_v3.wav,0.7044236214774866,0.2952699942515169,0.9240937988203652,0.1716939931284912,0.7044236214774866,0.4921166570858616,0.0942430664045256,0.1716939931284912
Middle-Neck_4-9,..\data\processed\wet\Middle-Neck_4-9_v4.wav,0.102534538112644,0.3675556849655259,0.923946636256222,0.7542823330352161,0.102534538112644,0.6125928082758765,0.0942103636124938,0.7542823330352161
Middle-Neck_5-0,..\data\processed\wet\Middle-Neck_5-0_v0.wav,0.0205109193203911,0.1496254727975352,4.508000041513582,0.718531318122246,0.0205109193203911,0.2493757879958921,0.8906666758919071,0.718531318122246
Middle-Neck_5-0,..\data\processed\wet\Middle-Neck_5-0_v1.wav,0.0729683329256877,0.4926756626911078,2.7186580469309214,0.8467830271688292,0.0729683329256877,0.8211261044851798,0.4930351215402047,0.8467830271688292
Middle-Neck_5-0,..\data\processed\wet\Middle-Neck_5-0_v2.wav,0.6007397744503934,0.4090998192197152,4.970757021780687,0.2323355459240181,0.6007397744503934,0.6818330320328587,0.993501560395708,0.2323355459240181
Middle-Neck_5-0,..\data\processed\wet\Middle-Neck_5-0_v3.wav,0.6239455747613883,0.276192834034439,0.6775337881521115,0.014470641502865,0.6239455747613883,0.4603213900573983,0.0394519529226914,0.014470641502865
Middle-Neck_5-0,..\data\processed\wet\Middle-Neck_5-0_v4.wav,0.1192285778178586,0.3894550443231289,3.052233895610265,0.5534295611637274,0.1192285778178586,0.6490917405385481,0.5671630879133922,0.5534295611637274
Middle-Neck_5-10,..\data\processed\wet\Middle-Neck_5-10_v0.wav,0.5535308853571833,0.3696664802494326,2.634465067476309,0.3916665428788088,0.5535308853571833,0.6161108004157211,0.474325570550291,0.3916665428788088
Middle-Neck_5-10,..\data\processed\wet\Middle-Neck_5-10_v1.wav,0.9154768812183316,0.0753676221121812,2.3830105537230257,0.3445619079878753,0.9154768812183316,0.125612703520302,0.4184467897162279,0.3445619079878753
Middle-Neck_5-10,..\data\processed\wet\Middle-Neck_5-10_v2.wav,0.4981507202511483,0.274579124727105,2.8350028924298663,0.1399189772269941,0.4981507202511483,0.4576318745451751,0.5188895316510814,0.1399189772269941
Middle-Neck_5-10,..\data\processed\wet\Middle-Neck_5-10_v3.wav,0.5131415015132771,0.1454512883323265,1.3294910704468608,0.0648342187861912,0.5131415015132771,0.2424188138872108,0.1843313489881912,0.0648342187861912
Middle-Neck_5-10,..\data\processed\wet\Middle-Neck_5-10_v4.wav,0.7626525587561409,0.256465152513936,3.319896574902913,0.7275933433047433,0.7626525587561409,0.4274419208565599,0.6266436833117583,0.7275933433047433
Middle-Neck_5-11,..\data\processed\wet\Middle-Neck_5-11_v0.wav,0.6793166653135535,0.2823004314538093,2.2455433802827844,0.3759599096406637,0.6793166653135535,0.4705007190896823,0.3878985289517299,0.3759599096406637
Middle-Neck_5-11,..\data\processed\wet\Middle-Neck_5-11_v1.wav,0.6400487969300563,0.296876612965124,4.321095115948298,0.8747019843267121,0.6400487969300563,0.4947943549418734,0.8491322479885106,0.8747019843267121
Middle-Neck_5-11,..\data\processed\wet\Middle-Neck_5-11_v2.wav,0.1705603780065184,0.0817401909274353,3.336804167161998,0.3012257480622794,0.1705603780065184,0.1362336515457256,0.6304009260359995,0.3012257480622794
Middle-Neck_5-11,..\data\processed\wet\Middle-Neck_5-11_v3.wav,0.0185707187650988,0.5331856016177731,1.521053452597137,0.9292806516858092,0.0185707187650988,0.8886426693629551,0.2269007672438082,0.9292806516858092
Middle-Neck_5-11,..\data\processed\wet\Middle-Neck_5-11_v4.wav,0.7174344508782536,0.4575920939468905,1.406576731069222,0.2341944256168129,0.7174344508782536,0.7626534899114843,0.2014614957931604,0.2341944256168129
Middle-Neck_5-12,..\data\processed\wet\Middle-Neck_5-12_v0.wav,0.5212677538240658,0.1032599115899172,1.8744426170736448,0.3214624779478044,0.5212677538240658,0.1720998526498621,0.3054316926830323,0.3214624779478044
Middle-Neck_5-12,..\data\processed\wet\Middle-Neck_5-12_v1.wav,0.1596299332527641,0.1231097000370964,4.048483289037154,0.1671958545472683,0.1596299332527641,0.2051828333951607,0.7885518420082565,0.1671958545472683
Middle-Neck_5-12,..\data\processed\wet\Middle-Neck_5-12_v2.wav,0.0284573918439224,0.377612965577363,4.891924037266024,0.3312138146231214,0.0284573918439224,0.6293549426289384,0.97598311939245,0.3312138146231214
Middle-Neck_5-12,..\data\processed\wet\Middle-Neck_5-12_v3.wav,0.1186557031962523,0.3422323952205184,4.578593949930408,0.7840617798284788,0.1186557031962523,0.5703873253675308,0.9063542110956462,0.7840617798284788
Middle-Neck_5-12,..\data\processed\wet\Middle-Neck_5-12_v4.wav,0.622515868412716,0.1890338979645596,2.93846077974299,0.0912448413042553,0.622515868412716,0.3150564966075994,0.54188017327622,0.0912448413042553
Middle-Neck_5-14,..\data\processed\wet\Middle-Neck_5-14_v0.wav,0.5460988080032908,0.1284042679043245,2.63986934731787,0.3181752095087031,0.5460988080032908,0.2140071131738742,0.4755265216261933,0.3181752095087031
Middle-Neck_5-14,..\data\processed\wet\Middle-Neck_5-14_v1.wav,0.2667034306372142,0.5801910108168225,1.220333474690288,0.7873258374573953,0.2667034306372142,0.9669850180280376,0.1600741054867306,0.7873258374573953
Middle-Neck_5-14,..\data\processed\wet\Middle-Neck_5-14_v2.wav,0.9841649594832148,0.0119408902440466,3.645623363189428,0.2529118055562871,0.9841649594832148,0.0199014837400778,0.699027414042095,0.2529118055562871
Middle-Neck_5-14,..\data\processed\wet\Middle-Neck_5-14_v3.wav,0.0404878243283044,0.2417337473739784,4.708480145768938,0.0117650943669976,0.0404878243283044,0.4028895789566308,0.9352178101708752,0.0117650943669976
Middle-Neck_5-14,..\data\processed\wet\Middle-Neck_5-14_v4.wav,0.5878856919297817,0.3008378871571945,4.4302287396697135,0.0840017145206256,0.5878856919297817,0.5013964785953243,0.8733841643710475,0.0840017145206256
Middle-Neck_5-15,..\data\processed\wet\Middle-Neck_5-15_v0.wav,0.6815260298866503,0.4080658190599663,3.5108600758802746,0.942334494935037,0.6815260298866503,0.6801096984332773,0.6690800168622832,0.942334494935037
Middle-Neck_5-15,..\data\processed\wet\Middle-Neck_5-15_v1.wav,0.8230875290068804,0.0251836357461036,2.619872828170309,0.3979530562013335,0.8230875290068804,0.041972726243506,0.4710828507045131,0.3979530562013335
Middle-Neck_5-15,..\data\processed\wet\Middle-Neck_5-15_v2.wav,0.310147221090802,0.2708020350924583,2.2288738321668986,0.4323338998786653,0.310147221090802,0.4513367251540973,0.3841941849259774,0.4323338998786653
Middle-Neck_5-15,..\data\processed\wet\Middle-Neck_5-15_v3.wav,0.9792618656086424,0.0531797848497484,4.650038914274284,0.4802367134710267,0.9792618656086424,0.0886329747495807,0.9222308698387298,0.4802367134710267
Middle-Neck_5-15,..\data\processed\wet\Middle-Neck_5-15_v4.wav,0.6237422454995412,0.4981097799706163,2.12208363117165,0.4304219080879669,0.6237422454995412,0.8301829666176939,0.3604630291492555,0.4304219080879669
Middle-Neck_5-16,..\data\processed\wet\Middle-Neck_5-16_v0.wav,0.4095184802787139,0.2248386135214559,4.664881947411027,0.8289298911930121,0.4095184802787139,0.3747310225357598,0.9255293216468948,0.8289298911930121
Middle-Neck_5-16,..\data\processed\wet\Middle-Neck_5-16_v1.wav,0.1089999898629761,0.0648740114862576,2.425412816838461,0.098657376732809,0.1089999898629761,0.108123352477096,0.4278695148529912,0.098657376732809
Middle-Neck_5-16,..\data\processed\wet\Middle-Neck_5-16_v2.wav,0.6190930952711197,0.0862149643570403,2.850679687850605,0.0072199470037177,0.6190930952711197,0.1436916072617339,0.5223732639668011,0.0072199470037177
Middle-Neck_5-16,..\data\processed\wet\Middle-Neck_5-16_v3.wav,0.3165963484126467,0.4063144342035932,2.678175231025318,0.978269485998988,0.3165963484126467,0.6771907236726554,0.4840389402278484,0.978269485998988
Middle-Neck_5-16,..\data\processed\wet\Middle-Neck_5-16_v4.wav,0.8741037960662108,0.2154424674258907,0.7046894366252356,0.8456263001150188,0.8741037960662108,0.3590707790431512,0.0454865414722745,0.8456263001150188
Middle-Neck_5-18,..\data\processed\wet\Middle-Neck_5-18_v0.wav,0.5528417959847682,0.1519472178241504,4.800296209016103,0.0286311938356528,0.5528417959847682,0.2532453630402508,0.955621379781356,0.0286311938356528
Middle-Neck_5-18,..\data\processed\wet\Middle-Neck_5-18_v1.wav,0.1997282801112365,0.1453863638324686,2.363305215955174,0.2327302418700535,0.1997282801112365,0.2423106063874477,0.4140678257678165,0.2327302418700535
Middle-Neck_5-18,..\data\processed\wet\Middle-Neck_5-18_v2.wav,0.4913490902687852,0.5234793139551234,3.7042853963412687,0.579961980535111,0.4913490902687852,0.872465523258539,0.7120634214091708,0.579961980535111
Middle-Neck_5-18,..\data\processed\wet\Middle-Neck_5-18_v3.wav,0.0890031779826796,0.4163952650335653,1.2488642793992293,0.786367385961698,0.0890031779826796,0.6939921083892756,0.1664142843109398,0.786367385961698
Middle-Neck_5-18,..\data\processed\wet\Middle-Neck_5-18_v4.wav,0.2500567585101532,0.2502292369925405,2.077115910430676,0.8588139146748568,0.2500567585101532,0.4170487283209009,0.3504702023179279,0.8588139146748568
Middle-Neck_5-19,..\data\processed\wet\Middle-Neck_5-19_v0.wav,0.1265444587134081,0.3393869294308732,1.13927724249378,0.7047958361321867,0.1265444587134081,0.5656448823847886,0.1420616094430622,0.7047958361321867
Middle-Neck_5-19,..\data\processed\wet\Middle-Neck_5-19_v1.wav,0.9050781277944812,0.260764592320352,2.6964151711923914,0.9274228364827622,0.9050781277944812,0.4346076538672534,0.4880922602649759,0.9274228364827622
Middle-Neck_5-19,..\data\processed\wet\Middle-Neck_5-19_v2.wav,0.5209913886493571,0.2925590628297365,3.1024809621693685,0.6892297363629519,0.5209913886493571,0.4875984380495609,0.5783291027043042,0.6892297363629519
Middle-Neck_5-19,..\data\processed\wet\Middle-Neck_5-19_v3.wav,0.1068833750870313,0.4926663166449096,2.459772623539666,0.0723485098974855,0.1068833750870313,0.821110527741516,0.4355050274532592,0.0723485098974855
Middle-Neck_5-19,..\data\processed\wet\Middle-Neck_5-19_v4.wav,0.7861826691982131,0.2261699830117632,0.9516537279277428,0.6337790395432505,0.7861826691982131,0.3769499716862721,0.1003674950950539,0.6337790395432505
Middle-Neck_5-20,..\data\processed\wet\Middle-Neck_5-20_v0.wav,0.788581765108471,0.424814270398747,1.643980230800097,0.8620840858402314,0.788581765108471,0.7080237839979118,0.2542178290666882,0.8620840858402314
Middle-Neck_5-20,..\data\processed\wet\Middle-Neck_5-20_v1.wav,0.8934434653762651,0.1164916179711294,1.0870503644812726,0.975604968589112,0.8934434653762651,0.194152696618549,0.1304556365513939,0.975604968589112
Middle-Neck_5-20,..\data\processed\wet\Middle-Neck_5-20_v2.wav,0.8683239636503679,0.535941688325968,4.4886937308097785,0.5416868240337284,0.8683239636503679,0.8932361472099467,0.8863763846243953,0.5416868240337284
Middle-Neck_5-20,..\data\processed\wet\Middle-Neck_5-20_v3.wav,0.6464017366657997,0.327217711280185,0.7304285713564809,0.7455030853527727,0.6464017366657997,0.5453628521336417,0.051206349190329,0.7455030853527727
Middle-Neck_5-20,..\data\processed\wet\Middle-Neck_5-20_v4.wav,0.5053320333358803,0.3886254448741378,2.761879122389909,0.4918113223224559,0.5053320333358803,0.6477090747902298,0.5026398049755353,0.4918113223224559
Middle-Neck_5-21,..\data\processed\wet\Middle-Neck_5-21_v0.wav,0.1717891094777668,0.1672282290846893,1.2148371137478011,0.1956662956253424,0.1717891094777668,0.2787137151411489,0.1588526919439558,0.1956662956253424
Middle-Neck_5-21,..\data\processed\wet\Middle-Neck_5-21_v1.wav,0.9729773804203048,0.091868067463319,1.7117169093734343,0.590589657738585,0.9729773804203048,0.1531134457721984,0.2692704243052076,0.590589657738585
Middle-Neck_5-21,..\data\processed\wet\Middle-Neck_5-21_v2.wav,0.6101785762366418,0.0923844778462974,4.071728416033455,0.785202867912825,0.6101785762366418,0.153974129743829,0.7937174257852122,0.785202867912825
Middle-Neck_5-21,..\data\processed\wet\Middle-Neck_5-21_v3.wav,0.2373177042038911,0.1731997816052762,4.720945394567736,0.8256714459794781,0.2373177042038911,0.2886663026754604,0.937987865459497,0.8256714459794781
Middle-Neck_5-21,..\data\processed\wet\Middle-Neck_5-21_v4.wav,0.6977970330625238,0.0493399329063603,2.382188364061591,0.559301872076827,0.6977970330625238,0.0822332215106005,0.4182640809025757,0.559301872076827
Middle-Neck_5-22,..\data\processed\wet\Middle-Neck_5-22_v0.wav,0.1874112879837769,0.2689359492649347,3.2046164486991047,0.3273766801153992,0.1874112879837769,0.4482265821082245,0.60102587748869,0.3273766801153992
Middle-Neck_5-22,..\data\processed\wet\Middle-Neck_5-22_v1.wav,0.7809448189504872,0.5042697489832833,1.9562426124533183,0.8386571544924571,0.7809448189504872,0.8404495816388055,0.3236094694340707,0.8386571544924571
Middle-Neck_5-22,..\data\processed\wet\Middle-Neck_5-22_v2.wav,0.103576566103015,0.5026374591735938,1.1873769425042746,0.082927152509726,0.103576566103015,0.8377290986226564,0.1527504316676166,0.082927152509726
Middle-Neck_5-22,..\data\processed\wet\Middle-Neck_5-22_v3.wav,0.6417754044410112,0.2831624194531766,4.585507701857748,0.3631891960908492,0.6417754044410112,0.4719373657552944,0.9078906004128328,0.3631891960908492
Middle-Neck_5-22,..\data\processed\wet\Middle-Neck_5-22_v4.wav,0.2871522634376287,0.300440943686519,2.551757835958976,0.3444280462171882,0.2871522634376287,0.5007349061441984,0.4559461857686613,0.3444280462171882
Middle-Neck_5-4,..\data\processed\wet\Middle-Neck_5-4_v0.wav,0.5050578002704087,0.3151502788982929,4.883140512374287,0.9114540034548392,0.5050578002704087,0.5252504648304882,0.9740312249720636,0.9114540034548392
Middle-Neck_5-4,..\data\processed\wet\Middle-Neck_5-4_v1.wav,0.161712778330108,0.2213295129335335,2.4078028075846785,0.3605329178516477,0.161712778330108,0.3688825215558892,0.4239561794632618,0.3605329178516477
Middle-Neck_5-4,..\data\processed\wet\Middle-Neck_5-4_v2.wav,0.7984959636039131,0.3144226019205521,3.0744491763723127,0.8530135589879255,0.7984959636039131,0.5240376698675869,0.572099816971625,0.8530135589879255
Middle-Neck_5-4,..\data\processed\wet\Middle-Neck_5-4_v3.wav,0.8059281534153586,0.0793269136921798,3.712615628376354,0.4354361289020355,0.8059281534153586,0.1322115228202997,0.7139145840836343,0.4354361289020355
Middle-Neck_5-4,..\data\processed\wet\Middle-Neck_5-4_v4.wav,0.2946489030625004,0.0300112925413118,2.692623021554529,0.3554366807245314,0.2946489030625004,0.0500188209021863,0.4872495603454509,0.3554366807245314
Middle-Neck_5-5,..\data\processed\wet\Middle-Neck_5-5_v0.wav,0.2515130396764008,0.4168030377581745,3.9626842429201417,0.2447895190294248,0.2515130396764008,0.6946717295969576,0.769485387315587,0.2447895190294248
Middle-Neck_5-5,..\data\processed\wet\Middle-Neck_5-5_v1.wav,0.0494474366793472,0.509251620339141,0.5448188354193649,0.937112493921472,0.0494474366793472,0.848752700565235,0.0099597412043033,0.937112493921472
Middle-Neck_5-5,..\data\processed\wet\Middle-Neck_5-5_v2.wav,0.6276198739827059,0.1931079811207921,1.609150593095313,0.0090056642644752,0.6276198739827059,0.3218466352013203,0.2464779095767362,0.0090056642644752
Middle-Neck_5-5,..\data\processed\wet\Middle-Neck_5-5_v3.wav,0.2354714170108771,0.0826369809102846,3.2547479932541554,0.1665455885938013,0.2354714170108771,0.1377283015171411,0.6121662207231456,0.1665455885938013
Middle-Neck_5-5,..\data\processed\wet\Middle-Neck_5-5_v4.wav,0.5286298375366193,0.3540698534066824,1.8411876425611156,0.0350649490187187,0.5286298375366193,0.5901164223444708,0.2980416983469145,0.0350649490187187
Middle-Neck_5-9,..\data\processed\wet\Middle-Neck_5-9_v0.wav,0.1178601086797701,0.5749507033395019,0.9095531309713264,0.2310361379470594,0.1178601086797701,0.9582511722325032,0.0910118068825169,0.2310361379470594
Middle-Neck_5-9,..\data\processed\wet\Middle-Neck_5-9_v1.wav,0.0465799420865415,0.4230678879833969,4.326344314573063,0.4340710818159804,0.0465799420865415,0.7051131466389949,0.8502987365717919,0.4340710818159804
Middle-Neck_5-9,..\data\processed\wet\Middle-Neck_5-9_v2.wav,0.9285220750424296,0.3541794430533597,3.3350321095093545,0.8454192017007699,0.9285220750424296,0.5902990717555996,0.6300071354465232,0.8454192017007699
Middle-Neck_5-9,..\data\processed\wet\Middle-Neck_5-9_v3.wav,0.2968002050518389,0.2125594327965754,4.576783636375899,0.9009634960387638,0.2968002050518389,0.3542657213276258,0.9059519191946444,0.9009634960387638
Middle-Neck_5-9,..\data\processed\wet\Middle-Neck_5-9_v4.wav,0.9764827762008708,0.5411029898650026,1.073174162150124,0.8237242861369873,0.9764827762008708,0.901838316441671,0.1273720360333609,0.8237242861369873
Middle-Neck_6-0,..\data\processed\wet\Middle-Neck_6-0_v0.wav,0.409838478109594,0.5944808135675627,2.625264339479605,0.5538360825022206,0.409838478109594,0.9908013559459378,0.472280964328801,0.5538360825022206
Middle-Neck_6-0,..\data\processed\wet\Middle-Neck_6-0_v1.wav,0.5297749152567985,0.1930422179149666,0.8375994000181317,0.8956512304019185,0.5297749152567985,0.3217370298582778,0.0750220888929181,0.8956512304019185
Middle-Neck_6-0,..\data\processed\wet\Middle-Neck_6-0_v2.wav,0.8026758125262868,0.0837160683358015,3.995457221075328,0.62584666605061,0.8026758125262868,0.1395267805596692,0.7767682713500729,0.62584666605061
Middle-Neck_6-0,..\data\processed\wet\Middle-Neck_6-0_v3.wav,0.4091437879176223,0.1524126894573376,4.368779525760046,0.700188259294053,0.4091437879176223,0.2540211490955627,0.8597287835022325,0.700188259294053
Middle-Neck_6-0,..\data\processed\wet\Middle-Neck_6-0_v4.wav,0.5477399094691369,0.3657411203390784,0.9097978193698144,0.4739197609111919,0.5477399094691369,0.6095685338984641,0.0910661820821809,0.4739197609111919
Middle-Neck_6-1,..\data\processed\wet\Middle-Neck_6-1_v0.wav,0.193700292785702,0.1250302074052952,3.4758678302909,0.911256151834288,0.193700292785702,0.2083836790088253,0.6613039622868667,0.911256151834288
Middle-Neck_6-1,..\data\processed\wet\Middle-Neck_6-1_v1.wav,0.4037566104783465,0.1246495638073142,3.419361217564944,0.8711870463503177,0.4037566104783465,0.2077492730121903,0.6487469372366542,0.8711870463503177
Middle-Neck_6-1,..\data\processed\wet\Middle-Neck_6-1_v2.wav,0.7483188011224908,0.5212543383219522,2.914496019548597,0.7518762443691909,0.7483188011224908,0.868757230536587,0.5365546710107993,0.7518762443691909
Middle-Neck_6-1,..\data\processed\wet\Middle-Neck_6-1_v3.wav,0.1400645593589364,0.2089647692179148,2.252971240166851,0.5112957462460346,0.1400645593589364,0.3482746153631915,0.3895491644815224,0.5112957462460346
Middle-Neck_6-1,..\data\processed\wet\Middle-Neck_6-1_v4.wav,0.9290763602568236,0.5245779361333045,1.1053647153013304,0.1727896518824632,0.9290763602568236,0.8742965602221742,0.1345254922891845,0.1727896518824632
Middle-Neck_6-10,..\data\processed\wet\Middle-Neck_6-10_v0.wav,0.3576405495889113,0.1744463195344043,3.2664692892031804,0.9027760477645448,0.3576405495889113,0.2907438658906739,0.6147709531562623,0.9027760477645448
Middle-Neck_6-10,..\data\processed\wet\Middle-Neck_6-10_v1.wav,0.9622915416725868,0.3921617715211359,4.27171640630489,0.5252022002307971,0.9622915416725868,0.6536029525352265,0.8381592014010866,0.5252022002307971
Middle-Neck_6-10,..\data\processed\wet\Middle-Neck_6-10_v2.wav,0.2083269468600397,0.3148130472560864,2.99787170646943,0.7424575642135566,0.2083269468600397,0.5246884120934774,0.5550826014376511,0.7424575642135566
Middle-Neck_6-10,..\data\processed\wet\Middle-Neck_6-10_v3.wav,0.2198829897073491,0.220986229252039,2.1381236114655486,0.9594395957411648,0.2198829897073491,0.3683103820867317,0.3640274692145663,0.9594395957411648
Middle-Neck_6-10,..\data\processed\wet\Middle-Neck_6-10_v4.wav,0.4439449603267189,0.4530563803788878,3.878651216184976,0.2655441848032414,0.4439449603267189,0.7550939672981465,0.750811381374439,0.2655441848032414
Middle-Neck_6-11,..\data\processed\wet\Middle-Neck_6-11_v0.wav,0.5718696893717321,0.5365817359911889,2.6383897375562726,0.945117507342546,0.5718696893717321,0.8943028933186481,0.4751977194569494,0.945117507342546
Middle-Neck_6-11,..\data\processed\wet\Middle-Neck_6-11_v1.wav,0.2144582293241616,0.0444954634644184,4.511542429151372,0.8476811979622166,0.2144582293241616,0.0741591057740307,0.8914538731447492,0.8476811979622166
Middle-Neck_6-11,..\data\processed\wet\Middle-Neck_6-11_v2.wav,0.9925898759338448,0.4076360928674556,4.715095670002173,0.8269490250841108,0.9925898759338448,0.6793934881124261,0.9366879266671496,0.8269490250841108
Middle-Neck_6-11,..\data\processed\wet\Middle-Neck_6-11_v3.wav,0.8444263331200869,0.3414849422725609,2.2206406906251988,0.9345580725432818,0.8444263331200869,0.5691415704542683,0.3823645979167108,0.9345580725432818
Middle-Neck_6-11,..\data\processed\wet\Middle-Neck_6-11_v4.wav,0.4321171756158944,0.3232916203498014,2.507514382063345,0.5648183139601971,0.4321171756158944,0.5388193672496691,0.4461143071251878,0.5648183139601971
Middle-Neck_6-12,..\data\processed\wet\Middle-Neck_6-12_v0.wav,0.4705050789923272,0.0287805351476855,4.469216837034644,0.4443938189157698,0.4705050789923272,0.0479675585794758,0.8820481860076986,0.4443938189157698
Middle-Neck_6-12,..\data\processed\wet\Middle-Neck_6-12_v1.wav,0.5889436485073487,0.0835126816547922,0.5152453159218762,0.2452900936436429,0.5889436485073487,0.139187802757987,0.0033878479826391,0.2452900936436429
Middle-Neck_6-12,..\data\processed\wet\Middle-Neck_6-12_v2.wav,0.7045860321333502,0.0595167180677271,4.589993481739105,0.2150225693561845,0.7045860321333502,0.0991945301128786,0.9088874403864678,0.2150225693561845
Middle-Neck_6-12,..\data\processed\wet\Middle-Neck_6-12_v3.wav,0.2045936142917758,0.1089047769728973,0.5629177083711414,0.7718054684782346,0.2045936142917758,0.1815079616214955,0.0139817129713647,0.7718054684782346
Middle-Neck_6-12,..\data\processed\wet\Middle-Neck_6-12_v4.wav,0.8750345312452585,0.3684976215697193,1.3468999175593803,0.2852779969408797,0.8750345312452585,0.6141627026161989,0.1881999816798623,0.2852779969408797
Middle-Neck_6-14,..\data\processed\wet\Middle-Neck_6-14_v0.wav,0.1843682380196938,0.2658455597600693,1.245870569248047,0.982044622786384,0.1843682380196938,0.4430759329334488,0.1657490153884548,0.982044622786384
Middle-Neck_6-14,..\data\processed\wet\Middle-Neck_6-14_v1.wav,0.0962464911407163,0.3535270340715722,3.319087348643252,0.5380795428740542,0.0962464911407163,0.5892117234526204,0.6264638552540559,0.5380795428740542
Middle-Neck_6-14,..\data\processed\wet\Middle-Neck_6-14_v2.wav,0.6621858857118336,0.0697084650071345,2.99758335892381,0.2872125711273615,0.6621858857118336,0.1161807750118909,0.5550185242052911,0.2872125711273615
Middle-Neck_6-14,..\data\processed\wet\Middle-Neck_6-14_v3.wav,0.9401760633010566,0.4572429920638354,4.876315169718842,0.0375560697401895,0.9401760633010566,0.7620716534397257,0.9725144821597426,0.0375560697401895
Middle-Neck_6-14,..\data\processed\wet\Middle-Neck_6-14_v4.wav,0.2851331751807087,0.1172535519830094,0.5501956429032373,0.2423257302463214,0.2851331751807087,0.195422586638349,0.0111545873118305,0.2423257302463214
Middle-Neck_6-17,..\data\processed\wet\Middle-Neck_6-17_v0.wav,0.047865598906107,0.244716015354548,3.672655350184997,0.2268705163314941,0.047865598906107,0.4078600255909134,0.7050345222633327,0.2268705163314941
Middle-Neck_6-17,..\data\processed\wet\Middle-Neck_6-17_v1.wav,0.7952870447972226,0.3784678398629592,3.1440279746740925,0.3535488542043371,0.7952870447972226,0.630779733104932,0.5875617721497983,0.3535488542043371
Middle-Neck_6-17,..\data\processed\wet\Middle-Neck_6-17_v2.wav,0.4824514703811176,0.3584095805867118,2.626079512617007,0.6983133239405601,0.4824514703811176,0.5973493009778531,0.4724621139148904,0.6983133239405601
Middle-Neck_6-17,..\data\processed\wet\Middle-Neck_6-17_v3.wav,0.4336969331069595,0.1213639090452182,1.4627020226047125,0.005803768842941,0.4336969331069595,0.2022731817420303,0.2139337828010472,0.005803768842941
Middle-Neck_6-17,..\data\processed\wet\Middle-Neck_6-17_v4.wav,0.3009577155586724,0.4493505842871118,4.073732189769243,0.20246754209575,0.3009577155586724,0.7489176404785196,0.7941627088376095,0.20246754209575
Middle-Neck_6-19,..\data\processed\wet\Middle-Neck_6-19_v0.wav,0.351217019638488,0.5023439997092756,0.800586847679774,0.9423435076713574,0.351217019638488,0.8372399995154594,0.0667970772621719,0.9423435076713574
Middle-Neck_6-19,..\data\processed\wet\Middle-Neck_6-19_v1.wav,0.9863168422720128,0.053140904295048,1.8107263501508164,0.3724006660353561,0.9863168422720128,0.08856817382508,0.2912725222557369,0.3724006660353561
Middle-Neck_6-19,..\data\processed\wet\Middle-Neck_6-19_v2.wav,0.7763913686527261,0.3575560872700403,3.399645652216553,0.757509822818506,0.7763913686527261,0.5959268121167338,0.6443657004925674,0.757509822818506
Middle-Neck_6-19,..\data\processed\wet\Middle-Neck_6-19_v3.wav,0.1179789994370257,0.4999256741461574,3.675289118810648,0.5773417251963703,0.1179789994370257,0.8332094569102624,0.705619804180144,0.5773417251963703
Middle-Neck_6-19,..\data\processed\wet\Middle-Neck_6-19_v4.wav,0.8897353347830567,0.4201838123302843,1.4076498318396142,0.4297453810756667,0.8897353347830567,0.7003063538838071,0.2016999626310253,0.4297453810756667
Middle-Neck_6-2,..\data\processed\wet\Middle-Neck_6-2_v0.wav,0.4940428669357333,0.0331305760502433,4.7958688101202505,0.1285772607968784,0.4940428669357333,0.0552176267504056,0.9546375133600556,0.1285772607968784
Middle-Neck_6-2,..\data\processed\wet\Middle-Neck_6-2_v1.wav,0.6974612672267269,0.3037386216545281,0.6153451244799016,0.9247474758643616,0.6974612672267269,0.5062310360908802,0.0256322498844225,0.9247474758643616
Middle-Neck_6-2,..\data\processed\wet\Middle-Neck_6-2_v2.wav,0.8518368088189332,0.3145547567423013,1.5302405126275036,0.1216228906800942,0.8518368088189332,0.5242579279038355,0.2289423361394452,0.1216228906800942
Middle-Neck_6-2,..\data\processed\wet\Middle-Neck_6-2_v3.wav,0.3633924794321266,0.1532569686276542,2.780110404528344,0.966409296123429,0.3633924794321266,0.2554282810460905,0.5066912010062987,0.966409296123429
Middle-Neck_6-2,..\data\processed\wet\Middle-Neck_6-2_v4.wav,0.5749534932296414,0.5339586335340587,3.4289547687309976,0.4752465265872004,0.5749534932296414,0.8899310558900979,0.6508788374957772,0.4752465265872004
Middle-Neck_6-20,..\data\processed\wet\Middle-Neck_6-20_v0.wav,0.8546075627333712,0.2828208661037985,4.408826767296624,0.2915767695757653,0.8546075627333712,0.4713681101729974,0.8686281705103609,0.2915767695757653
Middle-Neck_6-20,..\data\processed\wet\Middle-Neck_6-20_v1.wav,0.1288130737629881,0.513188678617763,3.1433682370670004,0.8890923982489601,0.1288130737629881,0.8553144643629383,0.5874151637926668,0.8890923982489601
Middle-Neck_6-20,..\data\processed\wet\Middle-Neck_6-20_v2.wav,0.9378272069923832,0.0321770342228695,2.7543618583649074,0.3749645490745292,0.9378272069923832,0.0536283903714491,0.5009693018588683,0.3749645490745292
Middle-Neck_6-20,..\data\processed\wet\Middle-Neck_6-20_v3.wav,0.6258583970701171,0.4761547183213941,1.7626559718846604,0.5567983843731716,0.6258583970701171,0.7935911972023235,0.2805902159743689,0.5567983843731716
Middle-Neck_6-20,..\data\processed\wet\Middle-Neck_6-20_v4.wav,0.7087285799048996,0.0806586497014404,4.163301076780701,0.6061095998529731,0.7087285799048996,0.134431082835734,0.8140669059512669,0.6061095998529731
Middle-Neck_6-21,..\data\processed\wet\Middle-Neck_6-21_v0.wav,0.9495374371136518,0.2037173514784159,0.986656740517394,0.5065012010369253,0.9495374371136518,0.3395289191306933,0.1081459423371986,0.5065012010369253
Middle-Neck_6-21,..\data\processed\wet\Middle-Neck_6-21_v1.wav,0.0858107717094388,0.581715913994404,0.6740823121573619,0.753503901107308,0.0858107717094388,0.9695265233240068,0.0386849582571915,0.753503901107308
Middle-Neck_6-21,..\data\processed\wet\Middle-Neck_6-21_v2.wav,0.525102398142244,0.2211723914989732,0.796289740288946,0.6221669241736077,0.525102398142244,0.3686206524982887,0.0658421645086546,0.6221669241736077
Middle-Neck_6-21,..\data\processed\wet\Middle-Neck_6-21_v3.wav,0.5852203293909553,0.1685299638405598,4.5959976563464044,0.3041100073428369,0.5852203293909553,0.2808832730675997,0.910221701410312,0.3041100073428369
Middle-Neck_6-21,..\data\processed\wet\Middle-Neck_6-21_v4.wav,0.4497254105921061,0.3262574735511934,0.9510434517932874,0.9321617192136324,0.4497254105921061,0.5437624559186557,0.1002318781762861,0.9321617192136324
Middle-Neck_6-22,..\data\processed\wet\Middle-Neck_6-22_v0.wav,0.3745361524510411,0.0484675283246061,2.2428102815389845,0.6002025470925807,0.3745361524510411,0.0807792138743436,0.3872911736753299,0.6002025470925807
Middle-Neck_6-22,..\data\processed\wet\Middle-Neck_6-22_v1.wav,0.5136526718213296,0.4167251844223644,0.7496777393055978,0.2845406102720561,0.5136526718213296,0.694541974037274,0.0554839420679106,0.2845406102720561
Middle-Neck_6-22,..\data\processed\wet\Middle-Neck_6-22_v2.wav,0.8192305768401023,0.0479362126748165,4.3496867961318095,0.0918960920771062,0.8192305768401023,0.0798936877913608,0.8554859546959577,0.0918960920771062
Middle-Neck_6-22,..\data\processed\wet\Middle-Neck_6-22_v3.wav,0.8344542148916962,0.216473040647236,3.254940784657471,0.1528871156479981,0.8344542148916962,0.3607884010787267,0.6122090632572158,0.1528871156479981
Middle-Neck_6-22,..\data\processed\wet\Middle-Neck_6-22_v4.wav,0.0661687217251808,0.129562922412081,1.07534218058913,0.3124058976796318,0.0661687217251808,0.215938204020135,0.1278538179086955,0.3124058976796318
Middle-Neck_6-3,..\data\processed\wet\Middle-Neck_6-3_v0.wav,0.5143832465110202,0.3532556781390057,4.054406483208843,0.6562398932483586,0.5143832465110202,0.5887594635650095,0.7898681073797429,0.6562398932483586
Middle-Neck_6-3,..\data\processed\wet\Middle-Neck_6-3_v1.wav,0.608758325129553,0.2470692164914647,2.6321379573206243,0.4145208293901811,0.608758325129553,0.4117820274857746,0.4738084349601387,0.4145208293901811
Middle-Neck_6-3,..\data\processed\wet\Middle-Neck_6-3_v2.wav,0.8421660300613831,0.1380002715290399,0.5257441919388408,0.6513198972262393,0.8421660300613831,0.2300004525483998,0.0057209315419646,0.6513198972262393
Middle-Neck_6-3,..\data\processed\wet\Middle-Neck_6-3_v3.wav,0.2024621836388314,0.5340690817858855,4.365708483679953,0.0767273719282058,0.2024621836388314,0.8901151363098092,0.8590463297066562,0.0767273719282058
Middle-Neck_6-3,..\data\processed\wet\Middle-Neck_6-3_v4.wav,0.1063884054140773,0.2971029553479997,3.241501982462096,0.2749083374822407,0.1063884054140773,0.4951715922466662,0.6092226627693547,0.2749083374822407
Middle-Neck_6-4,..\data\processed\wet\Middle-Neck_6-4_v0.wav,0.7167977166993706,0.3569496125513229,1.961708493868496,0.0253714880423155,0.7167977166993706,0.5949160209188715,0.3248241097485547,0.0253714880423155
Middle-Neck_6-4,..\data\processed\wet\Middle-Neck_6-4_v1.wav,0.7501502812985177,0.1288521994950496,4.255131845581827,0.4202902600542552,0.7501502812985177,0.2147536658250827,0.8344737434626283,0.4202902600542552
Middle-Neck_6-4,..\data\processed\wet\Middle-Neck_6-4_v2.wav,0.5770774426317654,0.5237692382454011,4.38630350413979,0.3715195752435732,0.5770774426317654,0.8729487304090019,0.8636230009199534,0.3715195752435732
Middle-Neck_6-4,..\data\processed\wet\Middle-Neck_6-4_v3.wav,0.2088888927148431,0.4650876466371568,2.4488609162095902,0.1920419935590041,0.2088888927148431,0.7751460777285947,0.4330802036021312,0.1920419935590041
Middle-Neck_6-4,..\data\processed\wet\Middle-Neck_6-4_v4.wav,0.9044253423171502,0.1188625165446524,0.6161322568605399,0.0202799737674199,0.9044253423171502,0.1981041942410873,0.025807168191231,0.0202799737674199
Middle-Neck_6-5,..\data\processed\wet\Middle-Neck_6-5_v0.wav,0.6223153564542643,0.3970050364305182,1.899687672756428,0.3200109892470634,0.6223153564542643,0.6616750607175304,0.3110417050569839,0.3200109892470634
Middle-Neck_6-5,..\data\processed\wet\Middle-Neck_6-5_v1.wav,0.3394939150599427,0.4080951280553271,0.7616020596207287,0.9291163526913256,0.3394939150599427,0.6801585467588787,0.0581337910268286,0.9291163526913256
Middle-Neck_6-5,..\data\processed\wet\Middle-Neck_6-5_v2.wav,0.2225210441774464,0.5998039231452553,1.2718521220423415,0.7715464573123775,0.2225210441774464,0.9996732052420922,0.171522693787187,0.7715464573123775
Middle-Neck_6-5,..\data\processed\wet\Middle-Neck_6-5_v3.wav,0.223412544929625,0.0485080809859523,4.43719995957792,0.8587512591908919,0.223412544929625,0.0808468016432539,0.8749333243506489,0.8587512591908919
Middle-Neck_6-5,..\data\processed\wet\Middle-Neck_6-5_v4.wav,0.4035703924496013,0.4214376855242561,3.006796697077627,0.8529561136737488,0.4035703924496013,0.7023961425404268,0.5570659326839171,0.8529561136737488
Middle-Neck_6-6,..\data\processed\wet\Middle-Neck_6-6_v0.wav,0.3150559693186544,0.3142034399993911,2.684175670420477,0.3539058262568587,0.3150559693186544,0.5236723999989852,0.4853723712045504,0.3539058262568587
Middle-Neck_6-6,..\data\processed\wet\Middle-Neck_6-6_v1.wav,0.8914550645563722,0.0995267547975212,1.1727888778431326,0.5769095353227514,0.8914550645563722,0.1658779246625354,0.1495086395206961,0.5769095353227514
Middle-Neck_6-6,..\data\processed\wet\Middle-Neck_6-6_v2.wav,0.657494229984942,0.116771552594739,2.2582284901458083,0.9465638429787436,0.657494229984942,0.1946192543245651,0.390717442254624,0.9465638429787436
Middle-Neck_6-6,..\data\processed\wet\Middle-Neck_6-6_v3.wav,0.246617422690674,0.4010164212704364,3.830672271639159,0.4481286994651595,0.246617422690674,0.6683607021173941,0.7401493936975908,0.4481286994651595
Middle-Neck_6-6,..\data\processed\wet\Middle-Neck_6-6_v4.wav,0.937525986759583,0.4419940411312743,2.5606606093740405,0.569335201776094,0.937525986759583,0.7366567352187905,0.4579245798608979,0.569335201776094
Middle-Neck_6-8,..\data\processed\wet\Middle-Neck_6-8_v0.wav,0.5330305614882556,0.0827392930382003,3.160593075877764,0.3147856237169579,0.5330305614882556,0.1378988217303339,0.5912429057506141,0.3147856237169579
Middle-Neck_6-8,..\data\processed\wet\Middle-Neck_6-8_v1.wav,0.0523487668096024,0.5691936946239389,3.386706660789295,0.876918931870847,0.0523487668096024,0.9486561577065648,0.6414903690642878,0.876918931870847
Middle-Neck_6-8,..\data\processed\wet\Middle-Neck_6-8_v2.wav,0.6760560050132531,0.2141902152840677,2.8070963254796517,0.6757467603471771,0.6760560050132531,0.3569836921401129,0.5126880723288114,0.6757467603471771
Middle-Neck_6-8,..\data\processed\wet\Middle-Neck_6-8_v3.wav,0.9602523252014376,0.1522016754730178,4.437396763808529,0.9240778052942694,0.9602523252014376,0.2536694591216965,0.8749770586241176,0.9240778052942694
Middle-Neck_6-8,..\data\processed\wet\Middle-Neck_6-8_v4.wav,0.6704155146589565,0.5587599764408027,2.290453643648158,0.9530161760404428,0.6704155146589565,0.9312666274013378,0.3978785874773685,0.9530161760404428
Middle-Neck_6-9,..\data\processed\wet\Middle-Neck_6-9_v0.wav,0.7027828771659749,0.0252034604512871,4.580927743185738,0.4844728090331925,0.7027828771659749,0.0420057674188119,0.9068728318190528,0.4844728090331925
Middle-Neck_6-9,..\data\processed\wet\Middle-Neck_6-9_v1.wav,0.4603269847778328,0.3398799635877805,1.1722304604705256,0.4691660485673986,0.4603269847778328,0.5664666059796343,0.1493845467712279,0.4691660485673986
Middle-Neck_6-9,..\data\processed\wet\Middle-Neck_6-9_v2.wav,0.8311272167177457,0.0092894754825092,1.7281272214596708,0.0024545864438442,0.8311272167177457,0.0154824591375153,0.2729171603243713,0.0024545864438442
Middle-Neck_6-9,..\data\processed\wet\Middle-Neck_6-9_v3.wav,0.4157113091498483,0.4369893062962408,4.0944732310158285,0.9451897611270066,0.4157113091498483,0.7283155104937347,0.7987718291146285,0.9451897611270066
Middle-Neck_6-9,..\data\processed\wet\Middle-Neck_6-9_v4.wav,0.6085046129707865,0.1527761199917372,4.658665771115145,0.7753157538803761,0.6085046129707865,0.2546268666528954,0.924147949136699,0.7753157538803761
Neck_1-1,..\data\processed\wet\Neck_1-1_v0.wav,0.7549787331491632,0.053385321521603,4.375622233323792,0.8131050471108439,0.7549787331491632,0.0889755358693383,0.8612493851830649,0.8131050471108439
Neck_1-1,..\data\processed\wet\Neck_1-1_v1.wav,0.0334030065774344,0.0546506489280308,0.7210710225133354,0.3347435317993622,0.0334030065774344,0.0910844148800514,0.0491268938918523,0.3347435317993622
Neck_1-1,..\data\processed\wet\Neck_1-1_v2.wav,0.5092889906799262,0.3194086367727772,1.704500418962492,0.9115968865602742,0.5092889906799262,0.5323477279546288,0.2676667597694426,0.9115968865602742
Neck_1-1,..\data\processed\wet\Neck_1-1_v3.wav,0.3682627898719132,0.0273300935792115,1.851022001936239,0.5311094225441555,0.3682627898719132,0.0455501559653525,0.3002271115413863,0.5311094225441555
Neck_1-1,..\data\processed\wet\Neck_1-1_v4.wav,0.408221822588232,0.1643055114595555,1.0909546239394283,0.8191645000962298,0.408221822588232,0.2738425190992591,0.1313232497643174,0.8191645000962298
Neck_1-11,..\data\processed\wet\Neck_1-11_v0.wav,0.2725476478930291,0.5249936970146528,3.949801993285188,0.3621787575581461,0.2725476478930291,0.8749894950244214,0.7666226651744862,0.3621787575581461
Neck_1-11,..\data\processed\wet\Neck_1-11_v1.wav,0.7341245436569687,0.0624455738509481,4.052000670532486,0.5323306025871026,0.7341245436569687,0.1040759564182469,0.7893334823405525,0.5323306025871026
Neck_1-11,..\data\processed\wet\Neck_1-11_v2.wav,0.2922901727092531,0.3934663810705081,3.3872899942148407,0.2094862227195997,0.2922901727092531,0.6557773017841801,0.641619998714409,0.2094862227195997
Neck_1-11,..\data\processed\wet\Neck_1-11_v3.wav,0.0303974148115261,0.2601735521410043,3.0628034120498957,0.8766052783705984,0.0303974148115261,0.4336225869016738,0.5695118693444212,0.8766052783705984
Neck_1-11,..\data\processed\wet\Neck_1-11_v4.wav,0.9282167956475944,0.3172831308940598,3.892115676958452,0.4393032723279969,0.9282167956475944,0.5288052181567664,0.7538034837685449,0.4393032723279969
Neck_1-13,..\data\processed\wet\Neck_1-13_v0.wav,0.7670125299807694,0.5651846592861541,1.4728485824171391,0.7714848748169257,0.7670125299807694,0.9419744321435902,0.2161885738704754,0.7714848748169257
Neck_1-13,..\data\processed\wet\Neck_1-13_v1.wav,0.0202175201477974,0.4024560130269203,2.611770251541086,0.3467600719200686,0.0202175201477974,0.6707600217115339,0.4692822781202413,0.3467600719200686
Neck_1-13,..\data\processed\wet\Neck_1-13_v2.wav,0.8624043522930891,0.5125606155945184,0.6003576720438961,0.609505122449431,0.8624043522930891,0.8542676926575307,0.0223017048986435,0.609505122449431
Neck_1-13,..\data\processed\wet\Neck_1-13_v3.wav,0.3678322243209564,0.2493966009002695,4.244183326484492,0.3098397715276783,0.3678322243209564,0.4156610015004491,0.8320407392187761,0.3098397715276783
Neck_1-13,..\data\processed\wet\Neck_1-13_v4.wav,0.94304881063762,0.1077802958232844,3.4822509051568,0.6721050670137647,0.94304881063762,0.1796338263721407,0.6627224233681778,0.6721050670137647
Neck_1-14,..\data\processed\wet\Neck_1-14_v0.wav,0.2521951614279182,0.1948503653803212,4.256593216609732,0.7618052549549524,0.2521951614279182,0.324750608967202,0.8347984925799403,0.7618052549549524
Neck_1-14,..\data\processed\wet\Neck_1-14_v1.wav,0.3290958803147595,0.3203739281609603,0.7775613331389295,0.2087458823986292,0.3290958803147595,0.5339565469349339,0.0616802962530954,0.2087458823986292
Neck_1-14,..\data\processed\wet\Neck_1-14_v2.wav,0.4858205588603991,0.0515842411675269,4.294995597013719,0.7180062101076479,0.4858205588603991,0.0859737352792116,0.8433323548919375,0.7180062101076479
Neck_1-14,..\data\processed\wet\Neck_1-14_v3.wav,0.9436336706484948,0.4160801435784163,4.731806175179835,0.554512555690965,0.9436336706484948,0.6934669059640272,0.9404013722621856,0.554512555690965
Neck_1-14,..\data\processed\wet\Neck_1-14_v4.wav,0.6002186110619694,0.5861826327757566,3.3895811608891715,0.0307865688607466,0.6002186110619694,0.976971054626261,0.6421291468642604,0.0307865688607466
Neck_1-16,..\data\processed\wet\Neck_1-16_v0.wav,0.2271490888369463,0.2337756104148062,3.2290599899459558,0.7553389295039722,0.2271490888369463,0.3896260173580104,0.6064577755435456,0.7553389295039722
Neck_1-16,..\data\processed\wet\Neck_1-16_v1.wav,0.9016533867127052,0.5492837925441091,3.9948803346768034,0.2283308365933104,0.9016533867127052,0.9154729875735153,0.776640074372623,0.2283308365933104
Neck_1-16,..\data\processed\wet\Neck_1-16_v2.wav,0.0248093300425658,0.2302643582133742,1.136969829445205,0.7103876474382981,0.0248093300425658,0.3837739303556238,0.1415488509878233,0.7103876474382981
Neck_1-16,..\data\processed\wet\Neck_1-16_v3.wav,0.6611305868257168,0.0263829849728729,4.26467200608928,0.2487432662911822,0.6611305868257168,0.0439716416214548,0.8365937791309511,0.2487432662911822
Neck_1-16,..\data\processed\wet\Neck_1-16_v4.wav,0.4322270754910422,0.4007602412734454,2.43238454083514,0.4412878027999434,0.4322270754910422,0.6679337354557424,0.4294187868522534,0.4412878027999434
Neck_1-17,..\data\processed\wet\Neck_1-17_v0.wav,0.0656279953357403,0.2408661295560022,3.941815519489926,0.9151763371865976,0.0656279953357403,0.4014435492600038,0.7648478932199835,0.9151763371865976
Neck_1-17,..\data\processed\wet\Neck_1-17_v1.wav,0.4134971370633717,0.2541514961274473,3.6618219784564334,0.9427720011052766,0.4134971370633717,0.4235858268790788,0.7026271063236521,0.9427720011052766
Neck_1-17,..\data\processed\wet\Neck_1-17_v2.wav,0.2670609402393602,0.2640865239227621,4.081879595985355,0.6096935693740385,0.2670609402393602,0.4401442065379368,0.7959732435523011,0.6096935693740385
Neck_1-17,..\data\processed\wet\Neck_1-17_v3.wav,0.1105863439639547,0.3766396413373594,1.340358280687971,0.5102159340784042,0.1105863439639547,0.6277327355622657,0.1867462845973269,0.5102159340784042
Neck_1-17,..\data\processed\wet\Neck_1-17_v4.wav,0.5291032676604385,0.5257220173349909,2.581224233055972,0.2794424222358942,0.5291032676604385,0.8762033622249848,0.4624942740124381,0.2794424222358942
Neck_1-18,..\data\processed\wet\Neck_1-18_v0.wav,0.2309663482160315,0.5245511260106016,1.2695488448820278,0.4258685608831437,0.2309663482160315,0.874251876684336,0.1710108544182284,0.4258685608831437
Neck_1-18,..\data\processed\wet\Neck_1-18_v1.wav,0.187173114926947,0.4639824240686252,2.6346768798857854,0.351143690556812,0.187173114926947,0.7733040401143754,0.474372639974619,0.351143690556812
Neck_1-18,..\data\processed\wet\Neck_1-18_v2.wav,0.3610996406264668,0.5113285240337876,2.9919827943249717,0.7178678511312636,0.3610996406264668,0.8522142067229793,0.5537739542944381,0.7178678511312636
Neck_1-18,..\data\processed\wet\Neck_1-18_v3.wav,0.8970385162506845,0.5410450056243852,1.978290744520384,0.9524512631463852,0.8970385162506845,0.901741676040642,0.3285090543378631,0.9524512631463852
Neck_1-18,..\data\processed\wet\Neck_1-18_v4.wav,0.0248758820146054,0.2261013366096994,4.531094858789787,0.2746368798169829,0.0248758820146054,0.3768355610161656,0.8957988575088416,0.2746368798169829
Neck_1-19,..\data\processed\wet\Neck_1-19_v0.wav,0.2730814503213183,0.1815733710491332,3.25541023181115,0.4383327756143538,0.2730814503213183,0.3026222850818887,0.6123133848469222,0.4383327756143538
Neck_1-19,..\data\processed\wet\Neck_1-19_v1.wav,0.7267348363533426,0.5369463855387995,3.533897187242873,0.2044667201975755,0.7267348363533426,0.8949106425646658,0.6741993749428606,0.2044667201975755
Neck_1-19,..\data\processed\wet\Neck_1-19_v2.wav,0.9326819023605022,0.1586957240084871,1.1745243289767116,0.0899672788609609,0.9326819023605022,0.2644928733474785,0.1498942953281581,0.0899672788609609
Neck_1-19,..\data\processed\wet\Neck_1-19_v3.wav,0.5633837406661656,0.068257477488391,1.1244914785068385,0.3000304805954966,0.5633837406661656,0.1137624624806517,0.1387758841126307,0.3000304805954966
Neck_1-19,..\data\processed\wet\Neck_1-19_v4.wav,0.2816530096844638,0.3625437061992854,4.175353757627066,0.7613496562028924,0.2816530096844638,0.6042395103321423,0.8167452794726814,0.7613496562028924
Neck_1-2,..\data\processed\wet\Neck_1-2_v0.wav,0.2624844547164767,0.1471862987915879,4.846061885481355,0.0082362415919601,0.2624844547164767,0.2453104979859799,0.9657915301069676,0.0082362415919601
Neck_1-2,..\data\processed\wet\Neck_1-2_v1.wav,0.8797205330602158,0.1198371114734429,4.762779453903955,0.3423072848275197,0.8797205330602158,0.1997285191224049,0.9472843230897678,0.3423072848275197
Neck_1-2,..\data\processed\wet\Neck_1-2_v2.wav,0.4403517738932523,0.4242723683666285,3.1445107316296714,0.3179393297068228,0.4403517738932523,0.707120613944381,0.5876690514732603,0.3179393297068228
Neck_1-2,..\data\processed\wet\Neck_1-2_v3.wav,0.5538309158678235,0.4384241306177317,0.6905072565612145,0.0111993052557041,0.5538309158678235,0.7307068843628862,0.0423349459024921,0.0111993052557041
Neck_1-2,..\data\processed\wet\Neck_1-2_v4.wav,0.4580669390728913,0.0791019706821085,3.489549311591215,0.2140524562274341,0.4580669390728913,0.1318366178035142,0.6643442914647144,0.2140524562274341
Neck_1-20,..\data\processed\wet\Neck_1-20_v0.wav,0.4328511067956709,0.1186025621245613,2.9681761358710603,0.1160534593845689,0.4328511067956709,0.1976709368742689,0.5484835857491245,0.1160534593845689
Neck_1-20,..\data\processed\wet\Neck_1-20_v1.wav,0.0231068527874802,0.0306789828640183,4.794162986818895,0.1422862186109358,0.0231068527874802,0.0511316381066971,0.95425844151531,0.1422862186109358
Neck_1-20,..\data\processed\wet\Neck_1-20_v2.wav,0.7084782531368352,0.0407557225336957,0.9867215850583198,0.5088762514093347,0.7084782531368352,0.0679262042228262,0.1081603522351821,0.5088762514093347
Neck_1-20,..\data\processed\wet\Neck_1-20_v3.wav,0.4648709301543436,0.5709481856639217,4.751759538593318,0.7796086425424651,0.4648709301543436,0.9515803094398696,0.9448354530207372,0.7796086425424651
Neck_1-20,..\data\processed\wet\Neck_1-20_v4.wav,0.6021018301273497,0.2729761904358066,2.1028034044778945,0.9470875469755554,0.6021018301273497,0.454960317393011,0.356178534328421,0.9470875469755554
Neck_1-21,..\data\processed\wet\Neck_1-21_v0.wav,0.6029088114246856,0.3474435166115966,1.5435550479601168,0.046697817885113,0.6029088114246856,0.5790725276859945,0.2319011217689148,0.046697817885113
Neck_1-21,..\data\processed\wet\Neck_1-21_v1.wav,0.9451885797595444,0.1882411553067923,2.491650604960064,0.1146399435857068,0.9451885797595444,0.3137352588446539,0.4425890233244587,0.1146399435857068
Neck_1-21,..\data\processed\wet\Neck_1-21_v2.wav,0.836924329909292,0.0165790997135583,4.252958429445934,0.1402850127879668,0.836924329909292,0.0276318328559306,0.8339907620990965,0.1402850127879668
Neck_1-21,..\data\processed\wet\Neck_1-21_v3.wav,0.8865641126311521,0.4378635824016944,1.2410161812828728,0.5658179928594681,0.8865641126311521,0.7297726373361574,0.164670262507305,0.5658179928594681
Neck_1-21,..\data\processed\wet\Neck_1-21_v4.wav,0.3126563143552194,0.10693985934695,4.366319897349988,0.4035227665072294,0.3126563143552194,0.1782330989115834,0.8591821994111084,0.4035227665072294
Neck_1-22,..\data\processed\wet\Neck_1-22_v0.wav,0.3985437143653825,0.101932004883972,2.223795542386004,0.8716168463288502,0.3985437143653825,0.16988667480662,0.3830656760857787,0.8716168463288502
Neck_1-22,..\data\processed\wet\Neck_1-22_v1.wav,0.3631287104896359,0.5709621374998728,4.758390046437744,0.144898659307346,0.3631287104896359,0.951603562499788,0.9463088992083876,0.144898659307346
Neck_1-22,..\data\processed\wet\Neck_1-22_v2.wav,0.1773112535226448,0.5176044421991335,2.2674241351612365,0.0043739822830093,0.1773112535226448,0.8626740703318891,0.3927609189247192,0.0043739822830093
Neck_1-22,..\data\processed\wet\Neck_1-22_v3.wav,0.273871819705371,0.3585773959173359,4.096696846819857,0.1333886170932595,0.273871819705371,0.59762899319556,0.7992659659599681,0.1333886170932595
Neck_1-22,..\data\processed\wet\Neck_1-22_v4.wav,0.1105413644167353,0.5532555921433989,3.880167655201622,0.5897796007780784,0.1105413644167353,0.9220926535723316,0.7511483678225827,0.5897796007780784
Neck_1-5,..\data\processed\wet\Neck_1-5_v0.wav,0.1472738084983267,0.2715387020613495,4.465388028000384,0.4211913798253908,0.1472738084983267,0.4525645034355826,0.881197339555641,0.4211913798253908
Neck_1-5,..\data\processed\wet\Neck_1-5_v1.wav,0.839566706475422,0.3541520191558166,1.3634452089606055,0.5811062446978964,0.839566706475422,0.5902533652596944,0.1918767131023567,0.5811062446978964
Neck_1-5,..\data\processed\wet\Neck_1-5_v2.wav,0.5059833291570635,0.2391848011178304,1.0383369778223166,0.4167086638472298,0.5059833291570635,0.398641335196384,0.1196304395160703,0.4167086638472298
Neck_1-5,..\data\processed\wet\Neck_1-5_v3.wav,0.0727623762396271,0.0592614308392507,2.371624398197222,0.3053814819684637,0.0727623762396271,0.0987690513987512,0.415916532932716,0.3053814819684637
Neck_1-5,..\data\processed\wet\Neck_1-5_v4.wav,0.9255443258622236,0.2254234832281623,3.910361549324451,0.5302475263662427,0.9255443258622236,0.3757058053802705,0.7578581220721001,0.5302475263662427
Neck_1-6,..\data\processed\wet\Neck_1-6_v0.wav,0.7040856686423355,0.1560695898092395,4.738572377772481,0.530088496914424,0.7040856686423355,0.2601159830153992,0.9419049728383292,0.530088496914424
Neck_1-6,..\data\processed\wet\Neck_1-6_v1.wav,0.8313240712852497,0.2190274160856681,0.9509510707273604,0.6737116477208488,0.8313240712852497,0.3650456934761135,0.1002113490505245,0.6737116477208488
Neck_1-6,..\data\processed\wet\Neck_1-6_v2.wav,0.0077596483374244,0.285175785939305,1.3676085619990666,0.6273755044353622,0.0077596483374244,0.4752929765655083,0.1928019026664592,0.6273755044353622
Neck_1-6,..\data\processed\wet\Neck_1-6_v3.wav,0.9794198731378522,0.2786417437923875,4.1787421543655,0.507784186951121,0.9794198731378522,0.4644029063206459,0.8174982565256665,0.507784186951121
Neck_1-6,..\data\processed\wet\Neck_1-6_v4.wav,0.4958400311040241,0.5582540959072667,4.504846409360066,0.7858004651879744,0.4958400311040241,0.930423493178778,0.8899658687466814,0.7858004651879744
Neck_1-8,..\data\processed\wet\Neck_1-8_v0.wav,0.2376987603062288,0.0487126722302587,3.3221227732750287,0.3363687118837097,0.2376987603062288,0.0811877870504311,0.6271383940611175,0.3363687118837097
Neck_1-8,..\data\processed\wet\Neck_1-8_v1.wav,0.6720843906060631,0.0192718536406886,1.1002965582987023,0.6863722327726434,0.6720843906060631,0.0321197560678144,0.1333992351774894,0.6863722327726434
Neck_1-8,..\data\processed\wet\Neck_1-8_v2.wav,0.2123706553024977,0.514552605457441,0.7636589946956094,0.2154819827855746,0.2123706553024977,0.8575876757624017,0.0585908877101354,0.2154819827855746
Neck_1-8,..\data\processed\wet\Neck_1-8_v3.wav,0.9985602484850686,0.2598456615520755,3.663345485950896,0.1826630488570136,0.9985602484850686,0.4330761025867926,0.7029656635446435,0.1826630488570136
Neck_1-8,..\data\processed\wet\Neck_1-8_v4.wav,0.6098687349855377,0.435663641021651,1.9151448613992972,0.8288971119758778,0.6098687349855377,0.7261060683694185,0.3144766358665105,0.8288971119758778
Neck_1-9,..\data\processed\wet\Neck_1-9_v0.wav,0.6034175784722833,0.2334738057690181,3.009390770044213,0.5767608474359243,0.6034175784722833,0.3891230096150302,0.5576423933431586,0.5767608474359243
Neck_1-9,..\data\processed\wet\Neck_1-9_v1.wav,0.165535292693866,0.2416394219201796,2.045437646087719,0.400902722579126,0.165535292693866,0.4027323698669661,0.3434305880194931,0.400902722579126
Neck_1-9,..\data\processed\wet\Neck_1-9_v2.wav,0.7611105884852579,0.2895230444800036,4.731422689576689,0.2936764133584362,0.7611105884852579,0.4825384074666727,0.9403161532392644,0.2936764133584362
Neck_1-9,..\data\processed\wet\Neck_1-9_v3.wav,0.415703578284929,0.4721740862874248,2.957110669943376,0.5470281464244477,0.415703578284929,0.7869568104790414,0.5460245933207503,0.5470281464244477
Neck_1-9,..\data\processed\wet\Neck_1-9_v4.wav,0.0533401630051835,0.2391597976310734,1.7183017958977962,0.9993351228311154,0.0533401630051835,0.3985996627184558,0.2707337324217325,0.9993351228311154
Neck_2-0,..\data\processed\wet\Neck_2-0_v0.wav,0.3083550706323102,0.5306979208763181,3.5430518076821484,0.3409164091920904,0.3083550706323102,0.8844965347938635,0.6762337350404775,0.3409164091920904
Neck_2-0,..\data\processed\wet\Neck_2-0_v1.wav,0.5435343783741237,0.5043215279695162,4.475157341139104,0.1603938750061452,0.5435343783741237,0.8405358799491938,0.883368298030912,0.1603938750061452
Neck_2-0,..\data\processed\wet\Neck_2-0_v2.wav,0.3395731412081696,0.201133908128143,0.6892015823417511,0.5982377598518965,0.3395731412081696,0.3352231802135716,0.0420447960759446,0.5982377598518965
Neck_2-0,..\data\processed\wet\Neck_2-0_v3.wav,0.854820052992188,0.2289446326953106,3.830161752428797,0.6277004136007399,0.854820052992188,0.3815743878255178,0.740035944984177,0.6277004136007399
Neck_2-0,..\data\processed\wet\Neck_2-0_v4.wav,0.3756487354930008,0.0846358796953782,3.691957337491853,0.8545651689412405,0.3756487354930008,0.141059799492297,0.7093238527759673,0.8545651689412405
Neck_2-10,..\data\processed\wet\Neck_2-10_v0.wav,0.8327586684527142,0.0729067017225996,4.145311887031524,0.4812761505116167,0.8327586684527142,0.1215111695376661,0.8100693082292276,0.4812761505116167
Neck_2-10,..\data\processed\wet\Neck_2-10_v1.wav,0.450623425108169,0.2543398511981989,2.791452133607192,0.9450505533946036,0.450623425108169,0.4238997519969983,0.5092115852460426,0.9450505533946036
Neck_2-10,..\data\processed\wet\Neck_2-10_v2.wav,0.5482037727921516,0.5719065229578835,1.3113055877703823,0.7241359788326331,0.5482037727921516,0.9531775382631392,0.1802901306156405,0.7241359788326331
Neck_2-10,..\data\processed\wet\Neck_2-10_v3.wav,0.8122395386087472,0.4074772988009171,3.231150261019432,0.5648127810861823,0.8122395386087472,0.6791288313348619,0.6069222802265404,0.5648127810861823
Neck_2-10,..\data\processed\wet\Neck_2-10_v4.wav,0.860930482578696,0.4929879582987,1.0502992453126978,0.8485876570308781,0.860930482578696,0.8216465971645001,0.1222887211805995,0.8485876570308781
Neck_2-11,..\data\processed\wet\Neck_2-11_v0.wav,0.4140686194404425,0.1522180979974864,4.413958556062667,0.4320247996337416,0.4140686194404425,0.2536968299958108,0.869768568013926,0.4320247996337416
Neck_2-11,..\data\processed\wet\Neck_2-11_v1.wav,0.8083646901768167,0.1580421671735067,0.5176819463999801,0.4954591929029444,0.8083646901768167,0.2634036119558445,0.0039293214222178,0.4954591929029444
Neck_2-11,..\data\processed\wet\Neck_2-11_v2.wav,0.1002282566428842,0.4526255733149458,1.7423381123123467,0.4436456466034787,0.1002282566428842,0.7543759555249097,0.2760751360694103,0.4436456466034787
Neck_2-11,..\data\processed\wet\Neck_2-11_v3.wav,0.0870335650915542,0.1719955490683516,4.016706094663574,0.1515879119023194,0.0870335650915542,0.2866592484472526,0.781490243258572,0.1515879119023194
Neck_2-11,..\data\processed\wet\Neck_2-11_v4.wav,0.6471595611269574,0.5504555116827007,3.559265418909741,0.8110216892922268,0.6471595611269574,0.9174258528045012,0.6798367597577203,0.8110216892922268
Neck_2-12,..\data\processed\wet\Neck_2-12_v0.wav,0.1089716293039158,0.1504390956012326,4.52542483508266,0.7151056136180892,0.1089716293039158,0.2507318260020544,0.8945388522405912,0.7151056136180892
Neck_2-12,..\data\processed\wet\Neck_2-12_v1.wav,0.6395538263773112,0.39826004167302,2.3639024943708957,0.0445566316176532,0.6395538263773112,0.6637667361217,0.4142005543046434,0.0445566316176532
Neck_2-12,..\data\processed\wet\Neck_2-12_v2.wav,0.784441542070729,0.4072279417292123,2.6276200885072614,0.8997596153682574,0.784441542070729,0.6787132362153538,0.4728044641127247,0.8997596153682574
Neck_2-12,..\data\processed\wet\Neck_2-12_v3.wav,0.3361596649850988,0.1765930465387415,4.427583462857493,0.7969876547589855,0.3361596649850988,0.2943217442312359,0.8727963250794429,0.7969876547589855
Neck_2-12,..\data\processed\wet\Neck_2-12_v4.wav,0.5149798106483447,0.0784408436747099,1.467821621592736,0.6562279904088066,0.5149798106483447,0.1307347394578499,0.2150714714650524,0.6562279904088066
Neck_2-13,..\data\processed\wet\Neck_2-13_v0.wav,0.3850412378404116,0.5018839149995827,4.774797541994919,0.8056369252749183,0.3850412378404116,0.8364731916659712,0.949955009332204,0.8056369252749183
Neck_2-13,..\data\processed\wet\Neck_2-13_v1.wav,0.3775454229955571,0.4732118575388544,2.081487530618076,0.1671000877656339,0.3775454229955571,0.7886864292314241,0.3514416734706835,0.1671000877656339
Neck_2-13,..\data\processed\wet\Neck_2-13_v2.wav,0.0333932048658573,0.231430027656612,4.566016866637768,0.2389865877556765,0.0333932048658573,0.38571671276102,0.9035593036972818,0.2389865877556765
Neck_2-13,..\data\processed\wet\Neck_2-13_v3.wav,0.206513164929784,0.5818924711446242,0.6125185078276645,0.7857821503937543,0.206513164929784,0.9698207852410404,0.0250041128505921,0.7857821503937543
Neck_2-13,..\data\processed\wet\Neck_2-13_v4.wav,0.3213699557408703,0.0224927741217955,4.630111430943126,0.1396423302095836,0.3213699557408703,0.0374879568696593,0.9178025402095836,0.1396423302095836
Neck_2-14,..\data\processed\wet\Neck_2-14_v0.wav,0.5517792837256954,0.1644325244577286,0.7933676098311097,0.049922485663379,0.5517792837256954,0.2740542074295478,0.065192802184691,0.049922485663379
Neck_2-14,..\data\processed\wet\Neck_2-14_v1.wav,0.1155566988363387,0.042820208333628,3.922511519839653,0.4855662022834291,0.1155566988363387,0.07136701388938,0.7605581155199229,0.4855662022834291
Neck_2-14,..\data\processed\wet\Neck_2-14_v2.wav,0.3428920913489797,0.2510213460792043,4.680260310076805,0.9107518127381472,0.3428920913489797,0.4183689101320071,0.9289467355726232,0.9107518127381472
Neck_2-14,..\data\processed\wet\Neck_2-14_v3.wav,0.7156764801225769,0.5308094264530127,1.9384161241443116,0.3811093260082828,0.7156764801225769,0.8846823774216878,0.3196480275876248,0.3811093260082828
Neck_2-14,..\data\processed\wet\Neck_2-14_v4.wav,0.613712181854228,0.3741755683783584,2.6676492710555344,0.4006578484379532,0.613712181854228,0.6236259472972642,0.4816998380123409,0.4006578484379532
Neck_2-15,..\data\processed\wet\Neck_2-15_v0.wav,0.9861803116086952,0.4926741756706346,2.4574108904962038,0.7272924772395685,0.9861803116086952,0.8211236261177244,0.4349801978880452,0.7272924772395685
Neck_2-15,..\data\processed\wet\Neck_2-15_v1.wav,0.2695616932524595,0.0601015957423979,2.085939614987333,0.4029728001233942,0.2695616932524595,0.1001693262373298,0.3524310255527406,0.4029728001233942
Neck_2-15,..\data\processed\wet\Neck_2-15_v2.wav,0.0165371245606708,0.4888752009815376,2.116370310751317,0.580418165780147,0.0165371245606708,0.814792001635896,0.3591934023891815,0.580418165780147
Neck_2-15,..\data\processed\wet\Neck_2-15_v3.wav,0.0739631872709559,0.1049980972503503,4.50362176397402,0.6086875278828008,0.0739631872709559,0.1749968287505839,0.88969372532756,0.6086875278828008
Neck_2-15,..\data\processed\wet\Neck_2-15_v4.wav,0.9502840501704856,0.5992500206347902,2.173370518998925,0.2988030640832746,0.9502840501704856,0.9987500343913168,0.3718601153330944,0.2988030640832746
Neck_2-16,..\data\processed\wet\Neck_2-16_v0.wav,0.8583560551590967,0.5991668562224725,3.3333855540460577,0.7951407225115223,0.8583560551590967,0.998611427037454,0.6296412342324573,0.7951407225115223
Neck_2-16,..\data\processed\wet\Neck_2-16_v1.wav,0.7817458588152745,0.2132038249317281,3.084216711156893,0.8330569412642136,0.7817458588152745,0.3553397082195469,0.5742703802570872,0.8330569412642136
Neck_2-16,..\data\processed\wet\Neck_2-16_v2.wav,0.6881138762610555,0.0126982883892229,2.015175510038901,0.1444756965946053,0.6881138762610555,0.0211638139820382,0.3367056688975335,0.1444756965946053
Neck_2-16,..\data\processed\wet\Neck_2-16_v3.wav,0.2329722120780391,0.5432936864947954,0.6660198000984567,0.2198007119619237,0.2329722120780391,0.9054894774913256,0.0368932889107681,0.2198007119619237
Neck_2-16,..\data\processed\wet\Neck_2-16_v4.wav,0.3095693522382314,0.3701304431798369,2.9034576053863947,0.2182694828533861,0.3095693522382314,0.6168840719663948,0.5341016900858655,0.2182694828533861
Neck_2-17,..\data\processed\wet\Neck_2-17_v0.wav,0.1642410672231544,0.1420788207576712,2.7613833201574502,0.2711777857112034,0.1642410672231544,0.2367980345961188,0.5025296267016556,0.2711777857112034
Neck_2-17,..\data\processed\wet\Neck_2-17_v1.wav,0.9476025016077222,0.2783191328573085,0.7645820744508668,0.7292664058366334,0.9476025016077222,0.4638652214288475,0.058796016544637,0.7292664058366334
Neck_2-17,..\data\processed\wet\Neck_2-17_v2.wav,0.3288452882089896,0.3920933592349485,1.758174667354544,0.5707437417333199,0.3288452882089896,0.6534889320582475,0.279594370523232,0.5707437417333199
Neck_2-17,..\data\processed\wet\Neck_2-17_v3.wav,0.7721525048074647,0.5568052450647324,1.6750721499488468,0.3348569509989811,0.7721525048074647,0.928008741774554,0.261127144433077,0.3348569509989811
Neck_2-17,..\data\processed\wet\Neck_2-17_v4.wav,0.4642664202859397,0.5563049026415933,4.556240855647957,0.089878280100638,0.4642664202859397,0.9271748377359889,0.9013868568106572,0.089878280100638
Neck_2-18,..\data\processed\wet\Neck_2-18_v0.wav,0.1319298257538108,0.2973055063983829,0.9797867276244056,0.3455808733486974,0.1319298257538108,0.4955091773306382,0.1066192728054234,0.3455808733486974
Neck_2-18,..\data\processed\wet\Neck_2-18_v1.wav,0.1483853782174776,0.3816242130791314,4.772729442826228,0.9967337702943816,0.1483853782174776,0.6360403551318858,0.9494954317391618,0.9967337702943816
Neck_2-18,..\data\processed\wet\Neck_2-18_v2.wav,0.3752411324969148,0.3594075822687673,4.353204440858366,0.1174620727963839,0.3752411324969148,0.5990126371146123,0.8562676535240813,0.1174620727963839
Neck_2-18,..\data\processed\wet\Neck_2-18_v3.wav,0.689564411051965,0.2453061970350409,1.4276577212607384,0.402753618747442,0.689564411051965,0.4088436617250682,0.206146160280164,0.402753618747442
Neck_2-18,..\data\processed\wet\Neck_2-18_v4.wav,0.0759602869649168,0.4172442891535834,1.6373420093680389,0.311405645044878,0.0759602869649168,0.6954071485893057,0.2527426687484531,0.311405645044878
Neck_2-2,..\data\processed\wet\Neck_2-2_v0.wav,0.3223333118004736,0.2627986487373324,1.8835797786508677,0.9849378689708634,0.3223333118004736,0.437997747895554,0.3074621730335261,0.9849378689708634
Neck_2-2,..\data\processed\wet\Neck_2-2_v1.wav,0.8140519264214297,0.0987928129536177,0.5251737014684128,0.0427832682472678,0.8140519264214297,0.1646546882560295,0.0055941558818695,0.0427832682472678
Neck_2-2,..\data\processed\wet\Neck_2-2_v2.wav,0.2440634510429252,0.0685747715021139,2.900021517016574,0.8579952227273586,0.2440634510429252,0.1142912858368565,0.5333381148925721,0.8579952227273586
Neck_2-2,..\data\processed\wet\Neck_2-2_v3.wav,0.7367502209132274,0.1293654378493142,2.296846652116036,0.5078942095312776,0.7367502209132274,0.2156090630821903,0.3992992560257858,0.5078942095312776
Neck_2-2,..\data\processed\wet\Neck_2-2_v4.wav,0.8102058495033355,0.5034729618636988,4.593732403584992,0.5092452505028752,0.8102058495033355,0.8391216031061648,0.909718311907776,0.5092452505028752
Neck_2-20,..\data\processed\wet\Neck_2-20_v0.wav,0.694274746435863,0.0670802227403623,3.0438003197929198,0.2486918094711351,0.694274746435863,0.1118003712339371,0.5652889599539821,0.2486918094711351
Neck_2-20,..\data\processed\wet\Neck_2-20_v1.wav,0.4317168850266111,0.3804303049840316,1.656436720342015,0.052185057796761,0.4317168850266111,0.6340505083067194,0.2569859378537811,0.052185057796761
Neck_2-20,..\data\processed\wet\Neck_2-20_v2.wav,0.0102338564087575,0.0132957213267129,0.5375738188119634,0.1103550565578754,0.0102338564087575,0.0221595355445215,0.0083497375137696,0.1103550565578754
Neck_2-20,..\data\processed\wet\Neck_2-20_v3.wav,0.2394887145701298,0.1327329085093795,4.940584673809536,0.3060061052089432,0.2394887145701298,0.2212215141822991,0.9867965941798968,0.3060061052089432
Neck_2-20,..\data\processed\wet\Neck_2-20_v4.wav,0.1274207833593991,0.3273375265006548,4.360808549288787,0.6780603767876752,0.1274207833593991,0.545562544167758,0.8579574553975083,0.6780603767876752
Neck_2-21,..\data\processed\wet\Neck_2-21_v0.wav,0.2960820891354503,0.3369696958748729,3.716851883901841,0.7281044923677423,0.2960820891354503,0.561616159791455,0.7148559742004091,0.7281044923677423
Neck_2-21,..\data\processed\wet\Neck_2-21_v1.wav,0.6665384552976888,0.5224862548653708,4.41547456254847,0.5789365594070033,0.6665384552976888,0.8708104247756181,0.8701054583441044,0.5789365594070033
Neck_2-21,..\data\processed\wet\Neck_2-21_v2.wav,0.4298563691112123,0.3849421773390599,4.181954006167084,0.0056521048411847,0.4298563691112123,0.6415702955650998,0.8182120013704631,0.0056521048411847
Neck_2-21,..\data\processed\wet\Neck_2-21_v3.wav,0.9919970090148512,0.1097362633975195,2.616120435469893,0.8720297348428667,0.9919970090148512,0.1828937723291992,0.4702489856599762,0.8720297348428667
Neck_2-21,..\data\processed\wet\Neck_2-21_v4.wav,0.2250403990441993,0.2860771343402299,1.0966198108153062,0.3950763253881926,0.2250403990441993,0.4767952239003832,0.1325821801811791,0.3950763253881926
Neck_2-22,..\data\processed\wet\Neck_2-22_v0.wav,0.1771354547930025,0.2181766492626942,2.180588975567249,0.9931707895983328,0.1771354547930025,0.363627748771157,0.373464216792722,0.9931707895983328
Neck_2-22,..\data\processed\wet\Neck_2-22_v1.wav,0.9948130293037722,0.0688717671963674,3.7668595069775623,0.0517454796691011,0.9948130293037722,0.1147862786606124,0.7259687793283472,0.0517454796691011
Neck_2-22,..\data\processed\wet\Neck_2-22_v2.wav,0.0301920153371886,0.0632003365469785,4.844685456535703,0.9408635478946974,0.0301920153371886,0.1053338942449643,0.965485657007934,0.9408635478946974
Neck_2-22,..\data\processed\wet\Neck_2-22_v3.wav,0.1939278202806804,0.0970034013322269,1.5824078893217617,0.5155469940751422,0.1939278202806804,0.1616723355537115,0.240535086515947,0.5155469940751422
Neck_2-22,..\data\processed\wet\Neck_2-22_v4.wav,0.5697046320354099,0.1329560582636684,3.9048025464047535,0.3095531694026507,0.5697046320354099,0.2215934304394473,0.7566227880899452,0.3095531694026507
Neck_2-3,..\data\processed\wet\Neck_2-3_v0.wav,0.9221313255294104,0.3940336238740383,2.4635803743662525,0.7899120017028454,0.9221313255294104,0.6567227064567306,0.4363511943036117,0.7899120017028454
Neck_2-3,..\data\processed\wet\Neck_2-3_v1.wav,0.8179146260466648,0.1742889633653661,2.02871544726238,0.9359551537286034,0.8179146260466648,0.2904816056089436,0.3397145438360843,0.9359551537286034
Neck_2-3,..\data\processed\wet\Neck_2-3_v2.wav,0.1647410383632719,0.0252902501777605,2.5432489517429717,0.8012099002436289,0.1647410383632719,0.0421504169629342,0.4540553226095492,0.8012099002436289
Neck_2-3,..\data\processed\wet\Neck_2-3_v3.wav,0.7716681063107458,0.5517183773476995,2.899402989660681,0.1000646715665333,0.7716681063107458,0.9195306289128324,0.5332006643690402,0.1000646715665333
Neck_2-3,..\data\processed\wet\Neck_2-3_v4.wav,0.5886889743360161,0.4670373686119269,0.9199765412142188,0.1726574010975897,0.5886889743360161,0.7783956143532116,0.0933281202698264,0.1726574010975897
Neck_2-4,..\data\processed\wet\Neck_2-4_v0.wav,0.0122906611556709,0.3561915476680862,4.49030476375657,0.6706633160020995,0.0122906611556709,0.5936525794468104,0.8867343919459044,0.6706633160020995
Neck_2-4,..\data\processed\wet\Neck_2-4_v1.wav,0.982040087590982,0.0378201914998569,4.563504883181733,0.8140682873866807,0.982040087590982,0.0630336524997615,0.9030010851514962,0.8140682873866807
Neck_2-4,..\data\processed\wet\Neck_2-4_v2.wav,0.3142415204995049,0.584115931102351,1.7957198667713676,0.8893047238282185,0.3142415204995049,0.9735265518372518,0.287937748171415,0.8893047238282185
Neck_2-4,..\data\processed\wet\Neck_2-4_v3.wav,0.8807485770741894,0.4545945699617835,3.0356171321578334,0.120002749616888,0.8807485770741894,0.7576576166029725,0.5634704738128519,0.120002749616888
Neck_2-4,..\data\processed\wet\Neck_2-4_v4.wav,0.5319717344964983,0.2140777533929607,4.064976649199083,0.7581292064968449,0.5319717344964983,0.3567962556549345,0.7922170331553517,0.7581292064968449
Neck_2-5,..\data\processed\wet\Neck_2-5_v0.wav,0.9106125073726052,0.0088980974590247,4.140964475703708,0.9384620531246688,0.9106125073726052,0.0148301624317078,0.8091032168230462,0.9384620531246688
Neck_2-5,..\data\processed\wet\Neck_2-5_v1.wav,0.7893004491081501,0.07811667592222,0.8657559717839949,0.0208452398077008,0.7893004491081501,0.1301944598703667,0.0812791048408877,0.0208452398077008
Neck_2-5,..\data\processed\wet\Neck_2-5_v2.wav,0.628745225828071,0.3778035911159323,4.941111713981956,0.3980431741040957,0.628745225828071,0.6296726518598873,0.9869137142182124,0.3980431741040957
Neck_2-5,..\data\processed\wet\Neck_2-5_v3.wav,0.3319062848974967,0.3746549563106354,4.215239026284173,0.936773949523002,0.3319062848974967,0.6244249271843925,0.825608672507594,0.936773949523002
Neck_2-5,..\data\processed\wet\Neck_2-5_v4.wav,0.8031241661790386,0.2560043883694828,3.3571140589042887,0.856299326716117,0.8031241661790386,0.4266739806158048,0.6349142353120641,0.856299326716117
Neck_2-8,..\data\processed\wet\Neck_2-8_v0.wav,0.8230283087957645,0.1385642155324402,0.9429689705044584,0.9794205136775996,0.8230283087957645,0.2309403592207337,0.0984375490009907,0.9794205136775996
Neck_2-8,..\data\processed\wet\Neck_2-8_v1.wav,0.2960245515206103,0.5225350742806836,0.5185721960357175,0.0210248072196022,0.2960245515206103,0.870891790467806,0.0041271546746038,0.0210248072196022
Neck_2-8,..\data\processed\wet\Neck_2-8_v2.wav,0.4658713086963684,0.1432288103610381,3.604285775461839,0.5655643255679543,0.4658713086963684,0.2387146839350635,0.6898412834359643,0.5655643255679543
Neck_2-8,..\data\processed\wet\Neck_2-8_v3.wav,0.0774857974504914,0.0975769777894302,2.2462217152628643,0.1856040639554331,0.0774857974504914,0.162628296315717,0.3880492700584143,0.1856040639554331
Neck_2-8,..\data\processed\wet\Neck_2-8_v4.wav,0.7922223472439286,0.249642141331968,0.9204434007912468,0.4843429022721248,0.7922223472439286,0.41607023555328,0.0934318668424992,0.4843429022721248
Neck_2-9,..\data\processed\wet\Neck_2-9_v0.wav,0.0908381810614141,0.0773623832518903,1.5782442441269238,0.8595277052474898,0.0908381810614141,0.1289373054198171,0.2396098320282053,0.8595277052474898
Neck_2-9,..\data\processed\wet\Neck_2-9_v1.wav,0.924612532332972,0.4957546375992414,2.0033474783803125,0.2724464411088316,0.924612532332972,0.8262577293320691,0.3340772174178472,0.2724464411088316
Neck_2-9,..\data\processed\wet\Neck_2-9_v2.wav,0.5491556907902392,0.4331118963198674,4.9701775467207865,0.1315707118789262,0.5491556907902392,0.7218531605331123,0.9933727881601748,0.1315707118789262
Neck_2-9,..\data\processed\wet\Neck_2-9_v3.wav,0.0492919990238044,0.4166135333971626,4.245016025767574,0.8463487798664232,0.0492919990238044,0.694355888995271,0.8322257835039054,0.8463487798664232
Neck_2-9,..\data\processed\wet\Neck_2-9_v4.wav,0.6784635490771607,0.5724094824715122,2.7995214359506413,0.9138147983362124,0.6784635490771607,0.9540158041191872,0.5110047635445869,0.9138147983362124
Neck_3-0,..\data\processed\wet\Neck_3-0_v0.wav,0.967812136991523,0.5082944742018646,1.8939135346637928,0.1962156511702952,0.967812136991523,0.8471574570031076,0.3097585632586206,0.1962156511702952
Neck_3-0,..\data\processed\wet\Neck_3-0_v1.wav,0.5481200649818184,0.2718088502281131,4.449912539867299,0.1000316710671537,0.5481200649818184,0.4530147503801884,0.8777583421927331,0.1000316710671537
Neck_3-0,..\data\processed\wet\Neck_3-0_v2.wav,0.2577400613115186,0.4510793667112251,0.9274399023979044,0.3207644140217002,0.2577400613115186,0.7517989445187085,0.0949866449773121,0.3207644140217002
Neck_3-0,..\data\processed\wet\Neck_3-0_v3.wav,0.3871553940539831,0.373556277937614,1.2115969057371403,0.8606044903497095,0.3871553940539831,0.62259379656269,0.1581326457193645,0.8606044903497095
Neck_3-0,..\data\processed\wet\Neck_3-0_v4.wav,0.4475422354662742,0.5502130271283339,2.605414611352692,0.2750402589407333,0.4475422354662742,0.9170217118805564,0.4678699136339316,0.2750402589407333
Neck_3-10,..\data\processed\wet\Neck_3-10_v0.wav,0.654306321534056,0.0480195418595619,1.5904841515418255,0.7736793464792507,0.654306321534056,0.0800325697659366,0.242329811453739,0.7736793464792507
Neck_3-10,..\data\processed\wet\Neck_3-10_v1.wav,0.5286858536788197,0.5567814370722268,2.4293813375360944,0.8698123658139231,0.5286858536788197,0.9279690617870447,0.4287514083413543,0.8698123658139231
Neck_3-10,..\data\processed\wet\Neck_3-10_v2.wav,0.4489554374782375,0.5875489672211911,4.819254716294946,0.3291367055560803,0.4489554374782375,0.9792482787019852,0.9598343813988768,0.3291367055560803
Neck_3-10,..\data\processed\wet\Neck_3-10_v3.wav,0.8859236704168032,0.5085668245293895,1.4480617879740327,0.6242904007832697,0.8859236704168032,0.8476113742156492,0.2106803973275628,0.6242904007832697
Neck_3-10,..\data\processed\wet\Neck_3-10_v4.wav,0.0726823155898148,0.5020264323500769,1.2854564757657343,0.0708147013857645,0.0726823155898148,0.8367107205834616,0.1745458835034965,0.0708147013857645
Neck_3-12,..\data\processed\wet\Neck_3-12_v0.wav,0.6235078099562221,0.2146300589654565,4.299825255314296,0.4532997386465428,0.6235078099562221,0.3577167649424275,0.8444056122920658,0.4532997386465428
Neck_3-12,..\data\processed\wet\Neck_3-12_v1.wav,0.7264413581074167,0.0573217245817422,2.282109558360558,0.9832414364723988,0.7264413581074167,0.0955362076362371,0.3960243463023462,0.9832414364723988
Neck_3-12,..\data\processed\wet\Neck_3-12_v2.wav,0.8084602894771483,0.0959644814201571,1.749938222647648,0.3298158088563611,0.8084602894771483,0.1599408023669286,0.2777640494772551,0.3298158088563611
Neck_3-12,..\data\processed\wet\Neck_3-12_v3.wav,0.6503655604954457,0.4541968556937933,3.872869739635594,0.5098740563064028,0.6503655604954457,0.7569947594896556,0.7495266088079098,0.5098740563064028
Neck_3-12,..\data\processed\wet\Neck_3-12_v4.wav,0.8108205378381512,0.262246849654485,1.0574625438300287,0.5644418416538133,0.8108205378381512,0.437078082757475,0.1238805652955619,0.5644418416538133
Neck_3-14,..\data\processed\wet\Neck_3-14_v0.wav,0.5809138982462784,0.3753537500818516,0.7327439714959405,0.2110383302086154,0.5809138982462784,0.6255895834697527,0.0517208825546534,0.2110383302086154
Neck_3-14,..\data\processed\wet\Neck_3-14_v1.wav,0.0743308723535801,0.173348589482287,3.32347553456968,0.5661859843173752,0.0743308723535801,0.2889143158038117,0.627439007682151,0.5661859843173752
Neck_3-14,..\data\processed\wet\Neck_3-14_v2.wav,0.6121498216133903,0.3295507628267365,1.7286295805413672,0.2445074973444252,0.6121498216133903,0.5492512713778943,0.2730287956758593,0.2445074973444252
Neck_3-14,..\data\processed\wet\Neck_3-14_v3.wav,0.1370596835365812,0.5094425249420952,3.2741571134356,0.1865110125040597,0.1370596835365812,0.849070874903492,0.6164793585412445,0.1865110125040597
Neck_3-14,..\data\processed\wet\Neck_3-14_v4.wav,0.1772093798212395,0.523821360915682,3.842288886934937,0.6593990799053714,0.1772093798212395,0.8730356015261367,0.7427308637633193,0.6593990799053714
Neck_3-15,..\data\processed\wet\Neck_3-15_v0.wav,0.4068641075392998,0.1571853385671105,4.907528434007707,0.7972395750228002,0.4068641075392998,0.2619755642785175,0.979450763112824,0.7972395750228002
Neck_3-15,..\data\processed\wet\Neck_3-15_v1.wav,0.3017792231362765,0.5085388777670968,3.9151937687660663,0.2970805498779983,0.3017792231362765,0.8475647962784948,0.7589319486146815,0.2970805498779983
Neck_3-15,..\data\processed\wet\Neck_3-15_v2.wav,0.4265528542416397,0.1115720672346159,0.999735999701492,0.7227620328396968,0.4265528542416397,0.1859534453910266,0.1110524443781093,0.7227620328396968
Neck_3-15,..\data\processed\wet\Neck_3-15_v3.wav,0.2675118573538666,0.4920356194477521,4.980239201814918,0.0766198139296486,0.2675118573538666,0.8200593657462536,0.9956087115144262,0.0766198139296486
Neck_3-15,..\data\processed\wet\Neck_3-15_v4.wav,0.4730351250837002,0.4812375355864818,4.050279034435551,0.7599971583309685,0.4730351250837002,0.8020625593108031,0.7889508965412335,0.7599971583309685
Neck_3-17,..\data\processed\wet\Neck_3-17_v0.wav,0.6013676269900664,0.5765133460708678,3.515834603350434,0.175174863704181,0.6013676269900664,0.9608555767847796,0.6701854674112075,0.175174863704181
Neck_3-17,..\data\processed\wet\Neck_3-17_v1.wav,0.4737833623078222,0.3890985585283225,0.6271911547248996,0.0149102641548078,0.4737833623078222,0.6484975975472042,0.0282647010499776,0.0149102641548078
Neck_3-17,..\data\processed\wet\Neck_3-17_v2.wav,0.1294030005985679,0.1509986610272824,2.43297105584304,0.4874404737597884,0.1294030005985679,0.2516644350454707,0.4295491235206755,0.4874404737597884
Neck_3-17,..\data\processed\wet\Neck_3-17_v3.wav,0.1380276089378967,0.4040349474694985,3.1826212776344067,0.2944640988411602,0.1380276089378967,0.6733915791158308,0.5961380616965348,0.2944640988411602
Neck_3-17,..\data\processed\wet\Neck_3-17_v4.wav,0.013659883435292,0.0465887492119744,2.2626264897987776,0.1539743511656839,0.013659883435292,0.0776479153532907,0.3916947755108395,0.1539743511656839
Neck_3-19,..\data\processed\wet\Neck_3-19_v0.wav,0.2779220107693591,0.5341886737281907,2.9749478713967883,0.4134165751739087,0.2779220107693591,0.8903144562136511,0.5499884158659529,0.4134165751739087
Neck_3-19,..\data\processed\wet\Neck_3-19_v1.wav,0.0726821558408109,0.4284729164413833,3.662828705282146,0.6140436069725635,0.0726821558408109,0.7141215274023056,0.7028508233960326,0.6140436069725635
Neck_3-19,..\data\processed\wet\Neck_3-19_v2.wav,0.5102626462206492,0.2602706413244236,3.169719918445965,0.2333954517284067,0.5102626462206492,0.4337844022073727,0.5932710929879923,0.2333954517284067
Neck_3-19,..\data\processed\wet\Neck_3-19_v3.wav,0.9412590641776476,0.3532767175081377,1.9003659995946944,0.4496798508851573,0.9412590641776476,0.5887945291802296,0.3111924443543765,0.4496798508851573
Neck_3-19,..\data\processed\wet\Neck_3-19_v4.wav,0.8056847888768923,0.0969696364381784,1.817760301071172,0.6795080227365554,0.8056847888768923,0.1616160607302974,0.2928356224602604,0.6795080227365554
Neck_3-2,..\data\processed\wet\Neck_3-2_v0.wav,0.3154892064822239,0.4755010091168795,1.0870406922981235,0.7626861704546085,0.3154892064822239,0.792501681861466,0.1304534871773608,0.7626861704546085
Neck_3-2,..\data\processed\wet\Neck_3-2_v1.wav,0.0683517148505662,0.0075555676004968,4.54200583474473,0.5813392169322986,0.0683517148505662,0.0125926126674947,0.8982235188321622,0.5813392169322986
Neck_3-2,..\data\processed\wet\Neck_3-2_v2.wav,0.3518268970868115,0.1395567821783102,3.2759860246736725,0.5090021835367382,0.3518268970868115,0.2325946369638504,0.6168857832608161,0.5090021835367382
Neck_3-2,..\data\processed\wet\Neck_3-2_v3.wav,0.9915977755299852,0.5899295919922475,3.3576105476372438,0.4428705061058905,0.9915977755299852,0.983215986653746,0.6350245661416096,0.4428705061058905
Neck_3-2,..\data\processed\wet\Neck_3-2_v4.wav,0.4911409691346621,0.4094874397421171,0.9570854490592162,0.3283520738107182,0.4911409691346621,0.6824790662368619,0.1015745442353813,0.3283520738107182
Neck_3-21,..\data\processed\wet\Neck_3-21_v0.wav,0.1028328160641574,0.0317837436276604,4.350211821743127,0.9272648702069862,0.1028328160641574,0.0529729060461008,0.8556026270540281,0.9272648702069862
Neck_3-21,..\data\processed\wet\Neck_3-21_v1.wav,0.0905853575461017,0.0680564560475048,0.6492837099009822,0.1045075626427241,0.0905853575461017,0.1134274267458414,0.0331741577557738,0.1045075626427241
Neck_3-21,..\data\processed\wet\Neck_3-21_v2.wav,0.2094198168002808,0.5820459713460006,3.505371000078562,0.7785530255185421,0.2094198168002808,0.970076618910001,0.6678602222396804,0.7785530255185421
Neck_3-21,..\data\processed\wet\Neck_3-21_v3.wav,0.7761394036915221,0.3210442498675288,4.088700399708578,0.5958075323899696,0.7761394036915221,0.5350737497792146,0.7974889777130172,0.5958075323899696
Neck_3-21,..\data\processed\wet\Neck_3-21_v4.wav,0.3145460976033576,0.3366660652610404,2.9007886376053107,0.8234530537593207,0.3145460976033576,0.5611101087684007,0.5335085861345135,0.8234530537593207
Neck_3-22,..\data\processed\wet\Neck_3-22_v0.wav,0.981727217381659,0.2466255392525583,3.9352580529861183,0.0997630040381335,0.981727217381659,0.4110425654209305,0.7633906784413597,0.0997630040381335
Neck_3-22,..\data\processed\wet\Neck_3-22_v1.wav,0.7768313694482886,0.2228501471959392,0.67725573300359,0.3632461785621772,0.7768313694482886,0.3714169119932321,0.0393901628896866,0.3632461785621772
Neck_3-22,..\data\processed\wet\Neck_3-22_v2.wav,0.6106427509216448,0.0715501006088799,4.658155215936146,0.0776724132728385,0.6106427509216448,0.1192501676814665,0.9240344924302548,0.0776724132728385
Neck_3-22,..\data\processed\wet\Neck_3-22_v3.wav,0.9300067198331662,0.4242825107614119,1.9837047893639164,0.3907503477090932,0.9300067198331662,0.7071375179356865,0.3297121754142036,0.3907503477090932
Neck_3-22,..\data\processed\wet\Neck_3-22_v4.wav,0.7408093647327442,0.3608826605287244,3.5223931465472536,0.38916461651348,0.7408093647327442,0.6014711008812074,0.6716429214549452,0.38916461651348
Neck_3-3,..\data\processed\wet\Neck_3-3_v0.wav,0.487813481807599,0.593920490422736,1.4626529172487297,0.4178561865221314,0.487813481807599,0.9898674840378934,0.2139228704997177,0.4178561865221314
Neck_3-3,..\data\processed\wet\Neck_3-3_v1.wav,0.2918231875739673,0.4590669062639099,3.938056815495744,0.2924454609973959,0.2918231875739673,0.7651115104398498,0.7640126256657207,0.2924454609973959
Neck_3-3,..\data\processed\wet\Neck_3-3_v2.wav,0.0813903166329829,0.0068596060033224,2.423527399591185,0.4103375943357709,0.0813903166329829,0.011432676672204,0.4274505332424855,0.4103375943357709
Neck_3-3,..\data\processed\wet\Neck_3-3_v3.wav,0.9883898786398628,0.2818812454186077,1.6538826630893928,0.8912294410314674,0.9883898786398628,0.4698020756976796,0.2564183695754206,0.8912294410314674
Neck_3-3,..\data\processed\wet\Neck_3-3_v4.wav,0.4910679496535785,0.3595053811263466,0.930509196926957,0.382916407329774,0.4910679496535785,0.5991756352105778,0.0956687104282126,0.382916407329774
Neck_3-4,..\data\processed\wet\Neck_3-4_v0.wav,0.9442236744737867,0.3537032305052552,2.0502583481410777,0.6256671806315931,0.9442236744737867,0.5895053841754254,0.3445018551424617,0.6256671806315931
Neck_3-4,..\data\processed\wet\Neck_3-4_v1.wav,0.910411089578116,0.164394360283554,2.7730252331180347,0.9586906539117552,0.910411089578116,0.27399060047259,0.5051167184706744,0.9586906539117552
Neck_3-4,..\data\processed\wet\Neck_3-4_v2.wav,0.1723961432984526,0.4317983553580269,3.265164536913421,0.6796751311406348,0.1723961432984526,0.7196639255967116,0.6144810082029823,0.6796751311406348
Neck_3-4,..\data\processed\wet\Neck_3-4_v3.wav,0.3512196306675696,0.1883276240902589,3.578943517647667,0.2155432851045453,0.3512196306675696,0.3138793734837649,0.6842096705883705,0.2155432851045453
Neck_3-4,..\data\processed\wet\Neck_3-4_v4.wav,0.4196547448590051,0.1129047876317508,0.5373717850549838,0.9700573600380694,0.4196547448590051,0.188174646052918,0.0083048411233297,0.9700573600380694
Neck_3-8,..\data\processed\wet\Neck_3-8_v0.wav,0.3129456173483584,0.3444971997657497,2.753398736334437,0.4895609062276057,0.3129456173483584,0.5741619996095829,0.500755274740986,0.4895609062276057
Neck_3-8,..\data\processed\wet\Neck_3-8_v1.wav,0.4561053995172126,0.1233776853193687,3.900694651215768,0.4513360327392887,0.4561053995172126,0.2056294755322812,0.7557099224923928,0.4513360327392887
Neck_3-8,..\data\processed\wet\Neck_3-8_v2.wav,0.9585162750026056,0.1564850563156657,3.572347278321685,0.9407170796391084,0.9585162750026056,0.2608084271927763,0.6827438396270411,0.9407170796391084
Neck_3-8,..\data\processed\wet\Neck_3-8_v3.wav,0.6634583230160925,0.5227637445704367,4.223664318906527,0.3601177154890038,0.6634583230160925,0.8712729076173946,0.8274809597570061,0.3601177154890038
Neck_3-8,..\data\processed\wet\Neck_3-8_v4.wav,0.6001239399394965,0.0937568038868133,2.909866472130198,0.2304219718143372,0.6001239399394965,0.1562613398113556,0.5355258826955995,0.2304219718143372
Neck_3-9,..\data\processed\wet\Neck_3-9_v0.wav,0.7437368149524456,0.3168350531352747,2.350523131842472,0.2687970961669775,0.7437368149524456,0.5280584218921246,0.4112273626316604,0.2687970961669775
Neck_3-9,..\data\processed\wet\Neck_3-9_v1.wav,0.9986984818412868,0.0430263125309596,0.6960230625758901,0.2172574004938645,0.9986984818412868,0.0717105208849326,0.04356068057242,0.2172574004938645
Neck_3-9,..\data\processed\wet\Neck_3-9_v2.wav,0.9710724586278195,0.5875429009919907,3.447174806474612,0.8801066672064047,0.9710724586278195,0.9792381683199846,0.654927734772136,0.8801066672064047
Neck_3-9,..\data\processed\wet\Neck_3-9_v3.wav,0.2139617308407954,0.5832252565059741,1.142531825628041,0.1011251881816582,0.2139617308407954,0.9720420941766236,0.1427848501395646,0.1011251881816582
Neck_3-9,..\data\processed\wet\Neck_3-9_v4.wav,0.1122115392472729,0.3438767539635388,4.014384803231236,0.3666671778746331,0.1122115392472729,0.5731279232725647,0.7809744007180525,0.3666671778746331
Neck_4-1,..\data\processed\wet\Neck_4-1_v0.wav,0.8328490415914426,0.3686460055902995,4.609605287697423,0.2319684521577858,0.8328490415914426,0.6144100093171658,0.913245619488316,0.2319684521577858
Neck_4-1,..\data\processed\wet\Neck_4-1_v1.wav,0.1211385738489014,0.003652518585354,2.7853791692719723,0.998306930381988,0.1211385738489014,0.00608753097559,0.5078620376159938,0.998306930381988
Neck_4-1,..\data\processed\wet\Neck_4-1_v2.wav,0.694965268818639,0.1850367551790876,4.445863623617773,0.7817222659879597,0.694965268818639,0.308394591965146,0.8768585830261717,0.7817222659879597
Neck_4-1,..\data\processed\wet\Neck_4-1_v3.wav,0.0154151660765392,0.4901162883246134,1.852370407573232,0.1496734645836011,0.0154151660765392,0.8168604805410224,0.300526757238496,0.1496734645836011
Neck_4-1,..\data\processed\wet\Neck_4-1_v4.wav,0.2263308397370745,0.2811478826250834,2.41190567180605,0.2888872993742267,0.2263308397370745,0.468579804375139,0.4248679270680111,0.2888872993742267
Neck_4-10,..\data\processed\wet\Neck_4-10_v0.wav,0.1722183222070327,0.4573384737853015,4.955494026807127,0.7777915804196904,0.1722183222070327,0.7622307896421693,0.9901097837349172,0.7777915804196904
Neck_4-10,..\data\processed\wet\Neck_4-10_v1.wav,0.2959369676715412,0.14688537684728,1.479496442296722,0.1366950744890362,0.2959369676715412,0.2448089614121333,0.2176658760659382,0.1366950744890362
Neck_4-10,..\data\processed\wet\Neck_4-10_v2.wav,0.5513305496923012,0.3632402231720065,3.674761972984118,0.680213370933668,0.5513305496923012,0.6054003719533442,0.7055026606631373,0.680213370933668
Neck_4-10,..\data\processed\wet\Neck_4-10_v3.wav,0.2923333112833824,0.1981866032381079,3.56681540949052,0.3494476407836283,0.2923333112833824,0.3303110053968465,0.6815145354423379,0.3494476407836283
Neck_4-10,..\data\processed\wet\Neck_4-10_v4.wav,0.212623189619313,0.2246016922180437,1.7243787091008995,0.0883127212185778,0.212623189619313,0.3743361536967395,0.2720841575779776,0.0883127212185778
Neck_4-12,..\data\processed\wet\Neck_4-12_v0.wav,0.8067147680447275,0.0099236695739259,1.340635541857243,0.654905302117831,0.8067147680447275,0.0165394492898766,0.1868078981904984,0.654905302117831
Neck_4-12,..\data\processed\wet\Neck_4-12_v1.wav,0.3757593478039629,0.5894895906366642,3.4943215668721432,0.9565489087292064,0.3757593478039629,0.982482651061107,0.665404792638254,0.9565489087292064
Neck_4-12,..\data\processed\wet\Neck_4-12_v2.wav,0.2014464816457938,0.5183742168690139,1.946085376168514,0.9895648082378068,0.2014464816457938,0.8639570281150232,0.3213523058152253,0.9895648082378068
Neck_4-12,..\data\processed\wet\Neck_4-12_v3.wav,0.1576886720731473,0.3098038913029959,4.067800402267048,0.4326424806040359,0.1576886720731473,0.5163398188383266,0.7928445338371218,0.4326424806040359
Neck_4-12,..\data\processed\wet\Neck_4-12_v4.wav,0.4680840601876467,0.5918134773034446,2.41388667635519,0.6040721005990636,0.4680840601876467,0.986355795505741,0.4253081503011533,0.6040721005990636
Neck_4-13,..\data\processed\wet\Neck_4-13_v0.wav,0.0545396606751507,0.505326048126156,3.4167562204079456,0.4040201028628135,0.0545396606751507,0.84221008021026,0.6481680489795435,0.4040201028628135
Neck_4-13,..\data\processed\wet\Neck_4-13_v1.wav,0.0161695399545197,0.3550012923561023,0.5569602281787298,0.0012036139090179,0.0161695399545197,0.5916688205935039,0.0126578284841621,0.0012036139090179
Neck_4-13,..\data\processed\wet\Neck_4-13_v2.wav,0.6160985621493547,0.1134102404007325,1.3634939737314289,0.6532715658327437,0.6160985621493547,0.1890170673345542,0.1918875497180953,0.6532715658327437
Neck_4-13,..\data\processed\wet\Neck_4-13_v3.wav,0.0536971879393742,0.1880433368847338,1.172443559639086,0.5801763697965339,0.0536971879393742,0.3134055614745563,0.149431902142019,0.5801763697965339
Neck_4-13,..\data\processed\wet\Neck_4-13_v4.wav,0.6617651547273958,0.4326815121594261,1.6485404761335445,0.089249751636584,0.6617651547273958,0.7211358535990435,0.2552312169185654,0.089249751636584
Neck_4-14,..\data\processed\wet\Neck_4-14_v0.wav,0.0786836569418978,0.2556909290704343,4.7562998407822175,0.2177290342470246,0.0786836569418978,0.4261515484507238,0.9458444090627148,0.2177290342470246
Neck_4-14,..\data\processed\wet\Neck_4-14_v1.wav,0.2567416013415493,0.0605332812635153,3.225066232522686,0.6798728739471749,0.2567416013415493,0.1008888021058589,0.6055702738939303,0.6798728739471749
Neck_4-14,..\data\processed\wet\Neck_4-14_v2.wav,0.64293120816076,0.5166781458268688,2.688916257617323,0.1344570407670644,0.64293120816076,0.8611302430447814,0.4864258350260717,0.1344570407670644
Neck_4-14,..\data\processed\wet\Neck_4-14_v3.wav,0.2894051307044126,0.3974579840528111,3.25904888183702,0.5310031297429625,0.2894051307044126,0.6624299734213518,0.6131219737415599,0.5310031297429625
Neck_4-14,..\data\processed\wet\Neck_4-14_v4.wav,0.6829644186886872,0.3824345102239796,4.465962002592283,0.5860163774782966,0.6829644186886872,0.6373908503732993,0.8813248894649518,0.5860163774782966
Neck_4-15,..\data\processed\wet\Neck_4-15_v0.wav,0.7786013587005565,0.1492242935798807,3.551821630650806,0.9021941183826756,0.7786013587005565,0.2487071559664678,0.678182584589068,0.9021941183826756
Neck_4-15,..\data\processed\wet\Neck_4-15_v1.wav,0.3857323278998332,0.4674625124031879,3.761551855379459,0.0595261968718224,0.3857323278998332,0.7791041873386466,0.7247893011954354,0.0595261968718224
Neck_4-15,..\data\processed\wet\Neck_4-15_v2.wav,0.5815083096240723,0.0781136095204814,4.85293627503766,0.8114075027006562,0.5815083096240723,0.1301893492008023,0.967319172230591,0.8114075027006562
Neck_4-15,..\data\processed\wet\Neck_4-15_v3.wav,0.1097238012471201,0.073051198588607,3.175132347106785,0.3448891741731833,0.1097238012471201,0.1217519976476784,0.594473854912619,0.3448891741731833
Neck_4-15,..\data\processed\wet\Neck_4-15_v4.wav,0.0349058590731092,0.3249849046998318,2.245302948586311,0.1010764923717426,0.0349058590731092,0.5416415078330531,0.3878450996858469,0.1010764923717426
Neck_4-17,..\data\processed\wet\Neck_4-17_v0.wav,0.2773758133333014,0.2855355064976944,2.61842099750466,0.388427221227857,0.2773758133333014,0.4758925108294906,0.4707602216677022,0.388427221227857
Neck_4-17,..\data\processed\wet\Neck_4-17_v1.wav,0.8206753834010705,0.2706984022125575,3.2164003602769453,0.8955201203808261,0.8206753834010705,0.4511640036875959,0.6036445245059878,0.8955201203808261
Neck_4-17,..\data\processed\wet\Neck_4-17_v2.wav,0.8662336228589225,0.5342533222674991,1.7150224840925627,0.0349824883080628,0.8662336228589225,0.8904222037791653,0.2700049964650139,0.0349824883080628
Neck_4-17,..\data\processed\wet\Neck_4-17_v3.wav,0.2610667998953292,0.1672244073724252,4.592121470262356,0.6492427328379706,0.2610667998953292,0.2787073456207086,0.909360326724968,0.6492427328379706
Neck_4-17,..\data\processed\wet\Neck_4-17_v4.wav,0.0817039596022287,0.0812271576066606,1.2005425649388894,0.6304217481689232,0.0817039596022287,0.1353785960111011,0.1556761255419754,0.6304217481689232
Neck_4-19,..\data\processed\wet\Neck_4-19_v0.wav,0.4040299503284599,0.407010377673012,3.937986721937944,0.9919266183081108,0.4040299503284599,0.67835062945502,0.763997049319543,0.9919266183081108
Neck_4-19,..\data\processed\wet\Neck_4-19_v1.wav,0.3453966620635961,0.2466244683447668,1.245290267345771,0.2040730584018069,0.3453966620635961,0.4110407805746114,0.1656200594101713,0.2040730584018069
Neck_4-19,..\data\processed\wet\Neck_4-19_v2.wav,0.6933950025983777,0.5502273540926856,2.2757222824755825,0.1798444468355412,0.6933950025983777,0.917045590154476,0.3946049516612405,0.1798444468355412
Neck_4-19,..\data\processed\wet\Neck_4-19_v3.wav,0.285099499382994,0.2730310228848832,1.8079264821441576,0.2335790831218662,0.285099499382994,0.4550517048081386,0.2906503293653684,0.2335790831218662
Neck_4-19,..\data\processed\wet\Neck_4-19_v4.wav,0.7359844887570796,0.0047069527443739,2.926537373014174,0.7937668070297539,0.7359844887570796,0.0078449212406231,0.5392305273364831,0.7937668070297539
Neck_4-2,..\data\processed\wet\Neck_4-2_v0.wav,0.2662282863174682,0.3619749063672104,3.51005047528378,0.65502469640509,0.2662282863174682,0.6032915106120174,0.6689001056186178,0.65502469640509
Neck_4-2,..\data\processed\wet\Neck_4-2_v1.wav,0.4458496341987177,0.2079467927254675,4.261658328625161,0.7584459569998643,0.4458496341987177,0.3465779878757792,0.8359240730278135,0.7584459569998643
Neck_4-2,..\data\processed\wet\Neck_4-2_v2.wav,0.3212551734139125,0.0618115166653236,0.8231339545046114,0.094275977898936,0.3212551734139125,0.103019194442206,0.0718075454454691,0.094275977898936
Neck_4-2,..\data\processed\wet\Neck_4-2_v3.wav,0.5828693611920428,0.0309973054973938,2.0161709373381727,0.7531997019142294,0.5828693611920428,0.0516621758289896,0.3369268749640384,0.7531997019142294
Neck_4-2,..\data\processed\wet\Neck_4-2_v4.wav,0.2943481665153781,0.4579848463080779,3.8546016719317486,0.2458271326332163,0.2943481665153781,0.7633080771801298,0.7454670382070553,0.2458271326332163
Neck_4-20,..\data\processed\wet\Neck_4-20_v0.wav,0.7288221800927455,0.4486659829632604,2.288542665501621,0.2104204837415182,0.7288221800927455,0.7477766382721007,0.3974539256670268,0.2104204837415182
Neck_4-20,..\data\processed\wet\Neck_4-20_v1.wav,0.5212708068918691,0.5528385528001177,3.3782752959442788,0.1729224976272612,0.5212708068918691,0.9213975880001962,0.639616732432062,0.1729224976272612
Neck_4-20,..\data\processed\wet\Neck_4-20_v2.wav,0.6827569247335199,0.2563218163691007,3.1618795880991786,0.7340640350231079,0.6827569247335199,0.4272030272818345,0.591528797355373,0.7340640350231079
Neck_4-20,..\data\processed\wet\Neck_4-20_v3.wav,0.5149473515144448,0.4883903847439851,3.749700106924825,0.6150733400185107,0.5149473515144448,0.8139839745733086,0.7221555793166278,0.6150733400185107
Neck_4-20,..\data\processed\wet\Neck_4-20_v4.wav,0.1507928158323515,0.501569466546941,4.7115751339391725,0.1369651238092948,0.1507928158323515,0.8359491109115684,0.9359055853198162,0.1369651238092948
Neck_4-21,..\data\processed\wet\Neck_4-21_v0.wav,0.4882411294334305,0.1553332451823026,3.895354883415041,0.7216296360047,0.4882411294334305,0.2588887419705045,0.7545233074255646,0.7216296360047
Neck_4-21,..\data\processed\wet\Neck_4-21_v1.wav,0.1408851205703987,0.5262163627569822,1.3143787879010105,0.7972590256481075,0.1408851205703987,0.8770272712616372,0.1809730639780022,0.7972590256481075
Neck_4-21,..\data\processed\wet\Neck_4-21_v2.wav,0.4569803596280049,0.1969633761348907,1.2120766820339608,0.1676142561466294,0.4569803596280049,0.3282722935581512,0.1582392626742135,0.1676142561466294
Neck_4-21,..\data\processed\wet\Neck_4-21_v3.wav,0.6618905547009003,0.3302582327682723,1.0493843974305472,0.1126978604383251,0.6618905547009003,0.5504303879471205,0.1220854216512327,0.1126978604383251
Neck_4-21,..\data\processed\wet\Neck_4-21_v4.wav,0.0723105747727914,0.4462604084241264,3.7034693835318016,0.0584309908545751,0.0723105747727914,0.7437673473735441,0.7118820852292892,0.0584309908545751
Neck_4-22,..\data\processed\wet\Neck_4-22_v0.wav,0.560270075596973,0.0508056931456139,4.566855967740238,0.9071174191801324,0.560270075596973,0.0846761552426899,0.9037457706089416,0.9071174191801324
Neck_4-22,..\data\processed\wet\Neck_4-22_v1.wav,0.6982329898131301,0.55571335286367,4.151538636861607,0.8285385759270494,0.6982329898131301,0.92618892143945,0.8114530304136905,0.8285385759270494
Neck_4-22,..\data\processed\wet\Neck_4-22_v2.wav,0.5697078505699332,0.1836355189297055,1.4800960180238971,0.3272000220389292,0.5697078505699332,0.3060591982161759,0.2177991151164215,0.3272000220389292
Neck_4-22,..\data\processed\wet\Neck_4-22_v3.wav,0.6284954300890621,0.1035939214994393,1.6638810648679472,0.4680608627954644,0.6284954300890621,0.1726565358323989,0.2586402366373216,0.4680608627954644
Neck_4-22,..\data\processed\wet\Neck_4-22_v4.wav,0.2330500985246155,0.3531862018296369,4.654292128053484,0.7480893657031265,0.2330500985246155,0.5886436697160616,0.9231760284563298,0.7480893657031265
Neck_4-3,..\data\processed\wet\Neck_4-3_v0.wav,0.666426614148913,0.3496328855902672,2.695765591656792,0.1865638596346597,0.666426614148913,0.5827214759837788,0.4879479092570648,0.1865638596346597
Neck_4-3,..\data\processed\wet\Neck_4-3_v1.wav,0.8947104554268656,0.1491216012077018,0.9108899491017234,0.7500151792286952,0.8947104554268656,0.2485360020128363,0.0913088775781607,0.7500151792286952
Neck_4-3,..\data\processed\wet\Neck_4-3_v2.wav,0.1756155343311664,0.2231375997247056,0.6272821773094088,0.137067942540448,0.1756155343311664,0.371895999541176,0.0282849282909797,0.137067942540448
Neck_4-3,..\data\processed\wet\Neck_4-3_v3.wav,0.173203630759912,0.0326460766501067,3.454956304802803,0.8370077958031172,0.173203630759912,0.0544101277501779,0.6566569566228452,0.8370077958031172
Neck_4-3,..\data\processed\wet\Neck_4-3_v4.wav,0.3733154063659409,0.5247458860309204,1.4600595855205694,0.3253904235612395,0.3733154063659409,0.8745764767182007,0.2133465745601265,0.3253904235612395
Neck_4-4,..\data\processed\wet\Neck_4-4_v0.wav,0.1507369930311684,0.3723355172513992,2.3894131589163807,0.6132833468418987,0.1507369930311684,0.6205591954189986,0.4198695908703068,0.6132833468418987
Neck_4-4,..\data\processed\wet\Neck_4-4_v1.wav,0.7616749053941836,0.3274218096197691,3.3243365970580454,0.9352503143943328,0.7616749053941836,0.5457030160329485,0.6276303549017879,0.9352503143943328
Neck_4-4,..\data\processed\wet\Neck_4-4_v2.wav,0.2990643096088431,0.2154983631803718,3.729665127692016,0.6113055170553867,0.2990643096088431,0.3591639386339531,0.7177033617093369,0.6113055170553867
Neck_4-4,..\data\processed\wet\Neck_4-4_v3.wav,0.1785329045397148,0.2256883860062941,2.6052710590612174,0.4193898379683893,0.1785329045397148,0.3761473100104902,0.4678380131247149,0.4193898379683893
Neck_4-4,..\data\processed\wet\Neck_4-4_v4.wav,0.1782748083220408,0.5546580550705573,3.9304344276228913,0.4813558321078522,0.1782748083220408,0.9244300917842624,0.7623187616939758,0.4813558321078522
Neck_4-7,..\data\processed\wet\Neck_4-7_v0.wav,0.1468481690734261,0.3306188116080942,1.1509470590313955,0.6112143311988301,0.1468481690734261,0.551031352680157,0.1446549020069768,0.6112143311988301
Neck_4-7,..\data\processed\wet\Neck_4-7_v1.wav,0.933258667580854,0.1174191235818237,3.940536731256959,0.023502422818324,0.933258667580854,0.1956985393030396,0.764563718057102,0.023502422818324
Neck_4-7,..\data\processed\wet\Neck_4-7_v2.wav,0.375497241321621,0.0664491046983054,2.086139487180648,0.1735369196388835,0.375497241321621,0.110748507830509,0.3524754415956994,0.1735369196388835
Neck_4-7,..\data\processed\wet\Neck_4-7_v3.wav,0.3733049901228874,0.2505136836645182,1.8526600525141328,0.6566219494731291,0.3733049901228874,0.4175228061075303,0.3005911227809184,0.6566219494731291
Neck_4-7,..\data\processed\wet\Neck_4-7_v4.wav,0.9188520512589096,0.2403572244631634,1.3655442041375965,0.2707227581959833,0.9188520512589096,0.4005953741052723,0.1923431564750214,0.2707227581959833
Neck_4-8,..\data\processed\wet\Neck_4-8_v0.wav,0.854000823496369,0.3429838339620887,2.547549645381308,0.1496367215089267,0.854000823496369,0.5716397232701479,0.4550110323069572,0.1496367215089267
Neck_4-8,..\data\processed\wet\Neck_4-8_v1.wav,0.4497273083237819,0.1670952020144319,4.744234075340072,0.8840701094157313,0.4497273083237819,0.2784920033573866,0.9431631278533492,0.8840701094157313
Neck_4-8,..\data\processed\wet\Neck_4-8_v2.wav,0.083902541828198,0.3099920935567457,1.5127625548160244,0.4107770895242906,0.083902541828198,0.5166534892612429,0.225058345514672,0.4107770895242906
Neck_4-8,..\data\processed\wet\Neck_4-8_v3.wav,0.8768479982514564,0.3165087119331268,2.00396882016842,0.207888354104997,0.8768479982514564,0.5275145198885448,0.3342152933707598,0.207888354104997
Neck_4-8,..\data\processed\wet\Neck_4-8_v4.wav,0.8003248594064892,0.3747108092186083,2.6062945719180406,0.217484353862978,0.8003248594064892,0.6245180153643471,0.4680654604262312,0.217484353862978
Neck_4-9,..\data\processed\wet\Neck_4-9_v0.wav,0.3342463741571313,0.5759060560431111,2.8404047192262545,0.4006992812432529,0.3342463741571313,0.9598434267385184,0.5200899376058343,0.4006992812432529
Neck_4-9,..\data\processed\wet\Neck_4-9_v1.wav,0.5214220423483239,0.4673931035397651,2.030490214262909,0.1787061209326088,0.5214220423483239,0.7789885058996087,0.3401089365028688,0.1787061209326088
Neck_4-9,..\data\processed\wet\Neck_4-9_v2.wav,0.5849361183390478,0.3991224620886403,3.707231013313473,0.8819875907661296,0.5849361183390478,0.6652041034810672,0.7127180029585496,0.8819875907661296
Neck_4-9,..\data\processed\wet\Neck_4-9_v3.wav,0.371174120689113,0.045212937737335,4.81256862633924,0.4350119274374752,0.371174120689113,0.0753548962288918,0.9583485836309422,0.4350119274374752
Neck_4-9,..\data\processed\wet\Neck_4-9_v4.wav,0.6232575096731313,0.3997831938769753,2.959311689155416,0.2052575297362701,0.6232575096731313,0.6663053231282923,0.5465137087012035,0.2052575297362701
Neck_5-0,..\data\processed\wet\Neck_5-0_v0.wav,0.7551430501161415,0.482251184582449,2.988390137078479,0.4885611605848415,0.7551430501161415,0.8037519743040816,0.5529755860174398,0.4885611605848415
Neck_5-0,..\data\processed\wet\Neck_5-0_v1.wav,0.1139381831279853,0.0503709968998703,2.0280418050358797,0.3108461555173932,0.1139381831279853,0.0839516614997838,0.3395648455635287,0.3108461555173932
Neck_5-0,..\data\processed\wet\Neck_5-0_v2.wav,0.9536564509632712,0.4701736454660578,3.4696593286657698,0.5176480890176051,0.9536564509632712,0.7836227424434298,0.6599242952590599,0.5176480890176051
Neck_5-0,..\data\processed\wet\Neck_5-0_v3.wav,0.1673675307266513,0.5870740033105704,2.187683142080945,0.1069256024472448,0.1673675307266513,0.978456672184284,0.37504069824021,0.1069256024472448
Neck_5-0,..\data\processed\wet\Neck_5-0_v4.wav,0.4937988957157461,0.5243988069678499,4.492809507997983,0.0109659160564472,0.4937988957157461,0.8739980116130832,0.8872910017773294,0.0109659160564472
Neck_5-10,..\data\processed\wet\Neck_5-10_v0.wav,0.8708905700266667,0.1280769096833812,2.418754526462413,0.9394808877148756,0.8708905700266667,0.2134615161389688,0.4263898947694251,0.9394808877148756
Neck_5-10,..\data\processed\wet\Neck_5-10_v1.wav,0.4285638378056973,0.215020579399439,2.482414916555202,0.5194527665175563,0.4285638378056973,0.3583676323323983,0.4405366481233781,0.5194527665175563
Neck_5-10,..\data\processed\wet\Neck_5-10_v2.wav,0.6319913441314688,0.4804156805500386,2.534459925939414,0.8174809350901403,0.6319913441314688,0.8006928009167311,0.4521022057643142,0.8174809350901403
Neck_5-10,..\data\processed\wet\Neck_5-10_v3.wav,0.5337206613520806,0.2030883062207865,3.460778726537364,0.7177222547434914,0.5337206613520806,0.3384805103679776,0.6579508281194142,0.7177222547434914
Neck_5-10,..\data\processed\wet\Neck_5-10_v4.wav,0.5580489756294875,0.033968983880834,1.264472938223712,0.2852977208902282,0.5580489756294875,0.0566149731347234,0.1698828751608249,0.2852977208902282
Neck_5-12,..\data\processed\wet\Neck_5-12_v0.wav,0.0035046635310582,0.016577853485049,4.207282318270372,0.199462686833052,0.0035046635310582,0.027629755808415,0.8238405151711938,0.199462686833052
Neck_5-12,..\data\processed\wet\Neck_5-12_v1.wav,0.0607692683962408,0.1422888439419013,2.417450692913871,0.7305662704334048,0.0607692683962408,0.2371480732365022,0.4261001539808602,0.7305662704334048
Neck_5-12,..\data\processed\wet\Neck_5-12_v2.wav,0.6243355265512055,0.1425727305362522,2.76471701645263,0.9262141053985689,0.6243355265512055,0.2376212175604204,0.5032704481005844,0.9262141053985689
Neck_5-12,..\data\processed\wet\Neck_5-12_v3.wav,0.8150077769837577,0.193913870899076,4.920190526100633,0.708620400435131,0.8150077769837577,0.3231897848317934,0.9822645613556964,0.708620400435131
Neck_5-12,..\data\processed\wet\Neck_5-12_v4.wav,0.0624493556667817,0.0210964279731832,1.2578357705451348,0.7278558680501468,0.0624493556667817,0.0351607132886386,0.1684079490100299,0.7278558680501468
Neck_5-13,..\data\processed\wet\Neck_5-13_v0.wav,0.1837389258424279,0.3068920615253001,0.9196705408137428,0.9208861578301952,0.1837389258424279,0.5114867692088335,0.0932601201808317,0.9208861578301952
Neck_5-13,..\data\processed\wet\Neck_5-13_v1.wav,0.3439606135835675,0.5448792339363785,4.75194038859745,0.0061286473136807,0.3439606135835675,0.9081320565606308,0.9448756419105444,0.0061286473136807
Neck_5-13,..\data\processed\wet\Neck_5-13_v2.wav,0.464135187198732,0.0147936334241357,4.589117448363076,0.5184075447345758,0.464135187198732,0.0246560557068928,0.908692766302906,0.5184075447345758
Neck_5-13,..\data\processed\wet\Neck_5-13_v3.wav,0.0749440126984968,0.0661660369659401,2.225790610217325,0.9402341928728896,0.0749440126984968,0.1102767282765668,0.383509024492739,0.9402341928728896
Neck_5-13,..\data\processed\wet\Neck_5-13_v4.wav,0.6929091515680809,0.5205713197134795,2.1490549085299087,0.0432136995499983,0.6929091515680809,0.8676188661891325,0.3664566463399797,0.0432136995499983
Neck_5-15,..\data\processed\wet\Neck_5-15_v0.wav,0.5821213708198361,0.5201241496795074,4.789815783648304,0.6753546270086592,0.5821213708198361,0.866873582799179,0.9532923963662898,0.6753546270086592
Neck_5-15,..\data\processed\wet\Neck_5-15_v1.wav,0.548938678518675,0.0021065105463903,0.6800883833255269,0.2008512160511163,0.548938678518675,0.0035108509106506,0.0400196407390059,0.2008512160511163
Neck_5-15,..\data\processed\wet\Neck_5-15_v2.wav,0.1860084318559952,0.1528552771199072,1.8722058696394737,0.3600654935507282,0.1860084318559952,0.2547587951998453,0.3049346376976608,0.3600654935507282
Neck_5-15,..\data\processed\wet\Neck_5-15_v3.wav,0.4205376900688765,0.0593198030736088,0.6906286937875192,0.6739444490730234,0.4205376900688765,0.0988663384560146,0.042361931952782,0.6739444490730234
Neck_5-15,..\data\processed\wet\Neck_5-15_v4.wav,0.5373348248430777,0.2664865213320718,3.3549797352575856,0.8276794072035405,0.5373348248430777,0.4441442022201197,0.6344399411683523,0.8276794072035405
Neck_5-17,..\data\processed\wet\Neck_5-17_v0.wav,0.7965485540464985,0.1729305497735201,1.3744685924319842,0.9739355741044274,0.7965485540464985,0.2882175829558669,0.1943263538737742,0.9739355741044274
Neck_5-17,..\data\processed\wet\Neck_5-17_v1.wav,0.3616453277550195,0.3608257268658962,3.244916717665122,0.5604734821735018,0.3616453277550195,0.6013762114431604,0.6099814928144716,0.5604734821735018
Neck_5-17,..\data\processed\wet\Neck_5-17_v2.wav,0.9146957435212146,0.4046646428201211,2.316798518472185,0.862380384524274,0.9146957435212146,0.6744410713668685,0.4037330041049301,0.862380384524274
Neck_5-17,..\data\processed\wet\Neck_5-17_v3.wav,0.1810628991159644,0.3265420545662504,4.777476673746904,0.6253976298804127,0.1810628991159644,0.5442367576104175,0.9505503719437564,0.6253976298804127
Neck_5-17,..\data\processed\wet\Neck_5-17_v4.wav,0.8169684504748762,0.3921364353271157,4.277168885920506,0.9444878798452436,0.8169684504748762,0.6535607255451928,0.8393708635378903,0.9444878798452436
Neck_5-18,..\data\processed\wet\Neck_5-18_v0.wav,0.2729217275327368,0.1017966487540313,2.677958376496429,0.7018624268242158,0.2729217275327368,0.1696610812567188,0.4839907503325398,0.7018624268242158
Neck_5-18,..\data\processed\wet\Neck_5-18_v1.wav,0.2271912531822161,0.0024608702581002,2.043208021265174,0.9688593354677884,0.2271912531822161,0.004101450430167,0.3429351158367053,0.9688593354677884
Neck_5-18,..\data\processed\wet\Neck_5-18_v2.wav,0.6949674606058467,0.2407952663647343,1.3665924380607817,0.356089673754747,0.6949674606058467,0.4013254439412239,0.1925760973468403,0.356089673754747
Neck_5-18,..\data\processed\wet\Neck_5-18_v3.wav,0.1698394333012479,0.0637834927877708,4.580340676576492,0.9976503383754736,0.1698394333012479,0.1063058213129514,0.906742372572554,0.9976503383754736
Neck_5-18,..\data\processed\wet\Neck_5-18_v4.wav,0.1641144395957903,0.0327135353269678,1.983789982157956,0.4616591807614153,0.1641144395957903,0.0545225588782797,0.3297311071462123,0.4616591807614153
Neck_5-2,..\data\processed\wet\Neck_5-2_v0.wav,0.6548313583940036,0.0260380164936311,0.7988738201664571,0.551828224223585,0.6548313583940036,0.0433966941560518,0.0664164044814349,0.551828224223585
Neck_5-2,..\data\processed\wet\Neck_5-2_v1.wav,0.1049391803279494,0.0134080730561143,1.2718084894161,0.5648491709995744,0.1049391803279494,0.0223467884268573,0.1715129976480222,0.5648491709995744
Neck_5-2,..\data\processed\wet\Neck_5-2_v2.wav,0.7033409545189324,0.1214871384848279,3.507167467436785,0.1824763310992293,0.7033409545189324,0.20247856414138,0.6682594372081745,0.1824763310992293
Neck_5-2,..\data\processed\wet\Neck_5-2_v3.wav,0.6134574266312571,0.2471758079374792,3.442097792001275,0.9950527524792472,0.6134574266312571,0.4119596798957988,0.6537995093336167,0.9950527524792472
Neck_5-2,..\data\processed\wet\Neck_5-2_v4.wav,0.937816965232562,0.0025690547016621,4.484474439630375,0.0664907951747665,0.937816965232562,0.0042817578361036,0.8854387643623056,0.0664907951747665
Neck_5-22,..\data\processed\wet\Neck_5-22_v0.wav,0.0932139258926985,0.0275580193374539,1.0022143975335132,0.1871450314622261,0.0932139258926985,0.0459300322290899,0.1116031994518918,0.1871450314622261
Neck_5-22,..\data\processed\wet\Neck_5-22_v1.wav,0.504176820338043,0.5094819816966732,1.5603904939985913,0.935162010746778,0.504176820338043,0.8491366361611221,0.2356423319996869,0.935162010746778
Neck_5-22,..\data\processed\wet\Neck_5-22_v2.wav,0.9549079089350034,0.5753427629071232,4.2690323060434565,0.3638250407977206,0.9549079089350034,0.9589046048452052,0.8375627346763237,0.3638250407977206
Neck_5-22,..\data\processed\wet\Neck_5-22_v3.wav,0.072683911002623,0.3412912390598969,3.014066497717552,0.8499757671095955,0.072683911002623,0.5688187317664949,0.5586814439372337,0.8499757671095955
Neck_5-22,..\data\processed\wet\Neck_5-22_v4.wav,0.9959910509461052,0.3048943839360885,2.053418139679029,0.185901711556267,0.9959910509461052,0.5081573065601476,0.3452040310397842,0.185901711556267
Neck_5-3,..\data\processed\wet\Neck_5-3_v0.wav,0.0047998248173707,0.3054682154933275,2.999834000161681,0.8249384798173974,0.0047998248173707,0.5091136924888792,0.5555186667025958,0.8249384798173974
Neck_5-3,..\data\processed\wet\Neck_5-3_v1.wav,0.5045769678928006,0.5498810091996339,3.32637564457146,0.8403362382210832,0.5045769678928006,0.9164683486660564,0.6280834765714355,0.8403362382210832
Neck_5-3,..\data\processed\wet\Neck_5-3_v2.wav,0.1483017348077471,0.5132016781813888,3.5381473449973178,0.1702330324383305,0.1483017348077471,0.8553361303023148,0.6751438544438484,0.1702330324383305
Neck_5-3,..\data\processed\wet\Neck_5-3_v3.wav,0.1897635581460108,0.5559003714265328,0.644969122026678,0.4625349432957061,0.1897635581460108,0.9265006190442214,0.0322153604503728,0.4625349432957061
Neck_5-3,..\data\processed\wet\Neck_5-3_v4.wav,0.3134752899341015,0.3990464639990568,4.278332244060464,0.3603781215565695,0.3134752899341015,0.665077439998428,0.839629387568992,0.3603781215565695
Neck_5-4,..\data\processed\wet\Neck_5-4_v0.wav,0.4269020873228372,0.5891506707008485,4.027624293556412,0.8972041309317914,0.4269020873228372,0.9819177845014142,0.7839165096792028,0.8972041309317914
Neck_5-4,..\data\processed\wet\Neck_5-4_v1.wav,0.4387622206516297,0.1404457223904691,2.3533855942390325,0.7160919178315135,0.4387622206516297,0.2340762039841152,0.4118634653864517,0.7160919178315135
Neck_5-4,..\data\processed\wet\Neck_5-4_v2.wav,0.1094304048359793,0.1622814633699053,0.7098615520771567,0.4323477383381315,0.1094304048359793,0.2704691056165088,0.0466359004615903,0.4323477383381315
Neck_5-4,..\data\processed\wet\Neck_5-4_v3.wav,0.8274457359796132,0.0147982129788064,3.538955870632247,0.9324958745137396,0.8274457359796132,0.0246636882980108,0.675323526807166,0.9324958745137396
Neck_5-4,..\data\processed\wet\Neck_5-4_v4.wav,0.2369278615111822,0.4161809044365889,4.8879585549509015,0.9622780601524632,0.2369278615111822,0.6936348407276481,0.9751019011002005,0.9622780601524632
Neck_5-6,..\data\processed\wet\Neck_5-6_v0.wav,0.7467704446194291,0.1952813932059736,3.507066576398047,0.7168841755972774,0.7467704446194291,0.3254689886766226,0.6682370169773438,0.7168841755972774
Neck_5-6,..\data\processed\wet\Neck_5-6_v1.wav,0.5811853427321135,0.575218644819239,0.5964793998040097,0.7386526505881421,0.5811853427321135,0.9586977413653984,0.0214398666231132,0.7386526505881421
Neck_5-6,..\data\processed\wet\Neck_5-6_v2.wav,0.958786643940408,0.5173630376117635,1.25551711312256,0.3268203062517321,0.958786643940408,0.8622717293529392,0.1678926918050133,0.3268203062517321
Neck_5-6,..\data\processed\wet\Neck_5-6_v3.wav,0.1724518398764654,0.3607850182888224,3.7048459189077154,0.3170737693630582,0.1724518398764654,0.6013083638147041,0.7121879819794923,0.3170737693630582
Neck_5-6,..\data\processed\wet\Neck_5-6_v4.wav,0.5395065739842955,0.414552342042717,2.3960291747497173,0.8540155304554593,0.5395065739842955,0.690920570071195,0.4213398166110483,0.8540155304554593
Neck_5-7,..\data\processed\wet\Neck_5-7_v0.wav,0.7715499352878171,0.0387993263103423,3.2950638459087305,0.2353255509597496,0.7715499352878171,0.0646655438505706,0.621125299090829,0.2353255509597496
Neck_5-7,..\data\processed\wet\Neck_5-7_v1.wav,0.5575182646672753,0.5741330655797797,4.455779020485126,0.4045164031151317,0.5575182646672753,0.9568884426329662,0.8790620045522503,0.4045164031151317
Neck_5-7,..\data\processed\wet\Neck_5-7_v2.wav,0.2915138583443534,0.1406434466449554,2.8963169139043403,0.1142484532580563,0.2915138583443534,0.234405744408259,0.5325148697565201,0.1142484532580563
Neck_5-7,..\data\processed\wet\Neck_5-7_v3.wav,0.5492750081282486,0.0008001836944752,1.9573233383563016,0.2199343138305812,0.5492750081282486,0.001333639490792,0.3238496307458448,0.2199343138305812
Neck_5-7,..\data\processed\wet\Neck_5-7_v4.wav,0.971218789960782,0.4363453917419874,2.0734402120800697,0.0928450865306205,0.971218789960782,0.727242319569979,0.3496533804622377,0.0928450865306205
Neck_5-8,..\data\processed\wet\Neck_5-8_v0.wav,0.516800594690624,0.1280687287956254,2.91393295654261,0.8353623541788925,0.516800594690624,0.2134478813260423,0.5364295458983578,0.8353623541788925
Neck_5-8,..\data\processed\wet\Neck_5-8_v1.wav,0.6157925521013854,0.3802730517270013,2.9346363007826515,0.9272656326314092,0.6157925521013854,0.6337884195450022,0.5410302890628115,0.9272656326314092
Neck_5-8,..\data\processed\wet\Neck_5-8_v2.wav,0.9319026844206032,0.3076339206441313,1.8759176921457696,0.4595870058794439,0.9319026844206032,0.5127232010735522,0.3057594871435044,0.4595870058794439
Neck_5-8,..\data\processed\wet\Neck_5-8_v3.wav,0.1865579121956156,0.3818065891908536,2.7504155110200497,0.1033004778132798,0.1865579121956156,0.6363443153180893,0.5000923357822332,0.1033004778132798
Neck_5-8,..\data\processed\wet\Neck_5-8_v4.wav,0.1976477811196153,0.287779173719716,4.494150458234863,0.5663907206310974,0.1976477811196153,0.4796319561995268,0.8875889907188584,0.5663907206310974
Neck_5-9,..\data\processed\wet\Neck_5-9_v0.wav,0.6815350002084708,0.2034171298463458,3.071351268699054,0.4473798226380674,0.6815350002084708,0.3390285497439097,0.5714113930442343,0.4473798226380674
Neck_5-9,..\data\processed\wet\Neck_5-9_v1.wav,0.6591299126231607,0.0303453396474062,2.719850973075316,0.2959926251439669,0.6591299126231607,0.0505755660790103,0.4933002162389591,0.2959926251439669
Neck_5-9,..\data\processed\wet\Neck_5-9_v2.wav,0.3261850612779092,0.5765504589348368,1.3221266572012225,0.3112452525785969,0.3261850612779092,0.9609174315580614,0.1826948127113827,0.3112452525785969
Neck_5-9,..\data\processed\wet\Neck_5-9_v3.wav,0.5098925757308718,0.5178161688897742,2.375015374428667,0.743865280888171,0.5098925757308718,0.8630269481496238,0.4166700832063704,0.743865280888171
Neck_5-9,..\data\processed\wet\Neck_5-9_v4.wav,0.8563740982148024,0.1860098134931093,2.2673758259241947,0.3565562236883562,0.8563740982148024,0.3100163558218489,0.3927501835387099,0.3565562236883562
Neck_6-0,..\data\processed\wet\Neck_6-0_v0.wav,0.8328558086179211,0.0266081171721606,1.88789489972906,0.6794085575951299,0.8328558086179211,0.0443468619536011,0.30842108882868,0.6794085575951299
Neck_6-0,..\data\processed\wet\Neck_6-0_v1.wav,0.5654434995653427,0.2617736155762165,2.92976702249623,0.1975845858283182,0.5654434995653427,0.4362893592936942,0.5399482272213844,0.1975845858283182
Neck_6-0,..\data\processed\wet\Neck_6-0_v2.wav,0.4307166216080104,0.3010217905058094,4.555351048795708,0.2608351628039763,0.4307166216080104,0.5017029841763491,0.9011891219546018,0.2608351628039763
Neck_6-0,..\data\processed\wet\Neck_6-0_v3.wav,0.8678285021649326,0.3865448404955891,0.5915337398042044,0.7246313368993936,0.8678285021649326,0.6442414008259819,0.0203408310676009,0.7246313368993936
Neck_6-0,..\data\processed\wet\Neck_6-0_v4.wav,0.035551877549055,0.5984286760882879,4.42686509461039,0.2973437475400456,0.035551877549055,0.9973811268138132,0.8726366876911977,0.2973437475400456
Neck_6-11,..\data\processed\wet\Neck_6-11_v0.wav,0.98806794196115,0.3953008202153029,2.144327589057005,0.4704322476632413,0.98806794196115,0.6588347003588382,0.3654061309015567,0.4704322476632413
Neck_6-11,..\data\processed\wet\Neck_6-11_v1.wav,0.2665501204542869,0.2069242702159258,3.420700102706963,0.8828117988673707,0.2665501204542869,0.3448737836932097,0.649044467268214,0.8828117988673707
Neck_6-11,..\data\processed\wet\Neck_6-11_v2.wav,0.1841300230811848,0.5042169032311912,1.0470048328322108,0.2149922235883912,0.1841300230811848,0.8403615053853186,0.121556629518269,0.2149922235883912
Neck_6-11,..\data\processed\wet\Neck_6-11_v3.wav,0.0371752880496459,0.0844871172557996,4.627864154588227,0.4594387466183786,0.0371752880496459,0.1408118620929994,0.9173031454640506,0.4594387466183786
Neck_6-11,..\data\processed\wet\Neck_6-11_v4.wav,0.0776658617783535,0.5758361028233767,4.455465384913925,0.7546825208681412,0.0776658617783535,0.9597268380389612,0.87899230775865,0.7546825208681412
Neck_6-13,..\data\processed\wet\Neck_6-13_v0.wav,0.3781718144529312,0.4486474925595767,4.6080319113780535,0.7549317330722383,0.3781718144529312,0.747745820932628,0.912895980306234,0.7549317330722383
Neck_6-13,..\data\processed\wet\Neck_6-13_v1.wav,0.2271263655918656,0.5329846484626232,2.244117503465749,0.5762294117779343,0.2271263655918656,0.8883077474377054,0.3875816674368331,0.5762294117779343
Neck_6-13,..\data\processed\wet\Neck_6-13_v2.wav,0.831435619292711,0.1130368604402953,4.030295610548989,0.5961627979106775,0.831435619292711,0.1883947674004922,0.7845101356775531,0.5961627979106775
Neck_6-13,..\data\processed\wet\Neck_6-13_v3.wav,0.8933416418276082,0.1031822411061257,2.393070066684178,0.8328430928668374,0.8933416418276082,0.1719704018435429,0.4206822370409284,0.8328430928668374
Neck_6-13,..\data\processed\wet\Neck_6-13_v4.wav,0.0192317034567601,0.0673208200593857,4.957543457405306,0.2803941785903505,0.0192317034567601,0.1122013667656428,0.9905652127567346,0.2803941785903505
Neck_6-14,..\data\processed\wet\Neck_6-14_v0.wav,0.9755431937239534,0.1095189306052043,2.1249249935330106,0.7528694445035706,0.9755431937239534,0.1825315510086739,0.3610944430073357,0.7528694445035706
Neck_6-14,..\data\processed\wet\Neck_6-14_v1.wav,0.6577784072381785,0.3486734399574333,2.884546291122534,0.8434404436647402,0.6577784072381785,0.5811223999290556,0.5298991758050076,0.8434404436647402
Neck_6-14,..\data\processed\wet\Neck_6-14_v2.wav,0.2349485628333927,0.265482556196111,1.1995353147040575,0.5959415957307044,0.2349485628333927,0.4424709269935184,0.1554522921564572,0.5959415957307044
Neck_6-14,..\data\processed\wet\Neck_6-14_v3.wav,0.2505444242713202,0.2003052386060314,2.6206282248058765,0.0267705857031278,0.2505444242713202,0.3338420643433858,0.4712507166235281,0.0267705857031278
Neck_6-14,..\data\processed\wet\Neck_6-14_v4.wav,0.0919379359208376,0.4115575324249317,2.4303649132287823,0.8647902219998954,0.0919379359208376,0.6859292207082196,0.4289699807175072,0.8647902219998954
Neck_6-16,..\data\processed\wet\Neck_6-16_v0.wav,0.2259867656614924,0.3938478805378038,1.2389763120230568,0.0559802848616863,0.2259867656614924,0.656413134229673,0.1642169582273459,0.0559802848616863
Neck_6-16,..\data\processed\wet\Neck_6-16_v1.wav,0.1210157167486488,0.5579908698804807,2.982878973227981,0.796345775479649,0.1210157167486488,0.9299847831341346,0.5517508829395513,0.796345775479649
Neck_6-16,..\data\processed\wet\Neck_6-16_v2.wav,0.3326545009050512,0.355595188731268,2.727284601672462,0.945737959402294,0.3326545009050512,0.5926586478854466,0.4949521337049916,0.945737959402294
Neck_6-16,..\data\processed\wet\Neck_6-16_v3.wav,0.7475746360541103,0.4383255788979474,0.708589712454258,0.5496696690036911,0.7475746360541103,0.730542631496579,0.0463532694342795,0.5496696690036911
Neck_6-16,..\data\processed\wet\Neck_6-16_v4.wav,0.4669914539018148,0.5567053599637167,1.658038946852895,0.2698334532910943,0.4669914539018148,0.9278422666061946,0.2573419881895322,0.2698334532910943
Neck_6-19,..\data\processed\wet\Neck_6-19_v0.wav,0.0638757838618884,0.2138507130946725,3.204845595528767,0.5561155414872131,0.0638757838618884,0.3564178551577875,0.6010767990063927,0.5561155414872131
Neck_6-19,..\data\processed\wet\Neck_6-19_v1.wav,0.4046554179046665,0.2574287963832694,1.5204629900784494,0.4558825884241029,0.4046554179046665,0.4290479939721156,0.2267695533507665,0.4558825884241029
Neck_6-19,..\data\processed\wet\Neck_6-19_v2.wav,0.9532548557208342,0.5102717506702742,1.1535479108435471,0.0297807873209209,0.9532548557208342,0.8504529177837904,0.1452328690763438,0.0297807873209209
Neck_6-19,..\data\processed\wet\Neck_6-19_v3.wav,0.9335243127166306,0.3160498499284486,2.9202702041718847,0.7807179957065223,0.9335243127166306,0.5267497498807476,0.5378378231493077,0.7807179957065223
Neck_6-19,..\data\processed\wet\Neck_6-19_v4.wav,0.3146889738713265,0.2891445413016013,4.858983109160319,0.6721486869324071,0.3146889738713265,0.4819075688360021,0.9686629131467376,0.6721486869324071
Neck_6-2,..\data\processed\wet\Neck_6-2_v0.wav,0.1537450319957859,0.0799360487906119,1.4191914124985243,0.7667116744207175,0.1537450319957859,0.1332267479843533,0.2042647583330054,0.7667116744207175
Neck_6-2,..\data\processed\wet\Neck_6-2_v1.wav,0.295377003840616,0.0128333080050478,4.748784635775478,0.1697134163949106,0.295377003840616,0.0213888466750797,0.944174363505662,0.1697134163949106
Neck_6-2,..\data\processed\wet\Neck_6-2_v2.wav,0.0095581861480685,0.1422789614299937,1.5576295420316015,0.422005250845723,0.0095581861480685,0.2371316023833229,0.2350287871181337,0.422005250845723
Neck_6-2,..\data\processed\wet\Neck_6-2_v3.wav,0.9203898315000368,0.5275109506674587,2.5560254974209258,0.4108999049918065,0.9203898315000368,0.8791849177790978,0.4568945549824279,0.4108999049918065
Neck_6-2,..\data\processed\wet\Neck_6-2_v4.wav,0.5550090864748513,0.1460724071830594,0.7348324638486328,0.9392241361712068,0.5550090864748513,0.2434540119717657,0.0521849919663628,0.9392241361712068
Neck_6-20,..\data\processed\wet\Neck_6-20_v0.wav,0.1866989848771727,0.1190404375474298,2.626071479842764,0.4916133448403307,0.1866989848771727,0.1984007292457164,0.4724603288539476,0.4916133448403307
Neck_6-20,..\data\processed\wet\Neck_6-20_v1.wav,0.0184342097007419,0.0887728432643824,2.2016966835233376,0.6837306935105391,0.0184342097007419,0.1479547387739707,0.3781548185607417,0.6837306935105391
Neck_6-20,..\data\processed\wet\Neck_6-20_v2.wav,0.2284184568319358,0.2538086677450575,3.0080527912241006,0.888592494623292,0.2284184568319358,0.4230144462417626,0.5573450647164668,0.888592494623292
Neck_6-20,..\data\processed\wet\Neck_6-20_v3.wav,0.3260705023271233,0.0801349595180901,2.701725016539237,0.7467216016840621,0.3260705023271233,0.1335582658634835,0.4892722258976081,0.7467216016840621
Neck_6-20,..\data\processed\wet\Neck_6-20_v4.wav,0.1098597570527334,0.2548100950181762,0.5800331356811754,0.0335591816472511,0.1098597570527334,0.4246834916969604,0.0177851412624834,0.0335591816472511
Neck_6-22,..\data\processed\wet\Neck_6-22_v0.wav,0.5127364702852252,0.285390590670982,3.40293850539194,0.5574745489756537,0.5127364702852252,0.4756509844516366,0.6450974456426533,0.5574745489756537
Neck_6-22,..\data\processed\wet\Neck_6-22_v1.wav,0.6439423053359103,0.3677128643780183,3.736384522311446,0.6428035087828761,0.6439423053359103,0.6128547739633639,0.7191965605136547,0.6428035087828761
Neck_6-22,..\data\processed\wet\Neck_6-22_v2.wav,0.5197424864372673,0.4090780867706319,2.522668843334426,0.241671225972601,0.5197424864372673,0.6817968112843865,0.449481965185428,0.241671225972601
Neck_6-22,..\data\processed\wet\Neck_6-22_v3.wav,0.0014182201339154,0.3359784882875059,3.157948519738885,0.9720489647757145,0.0014182201339154,0.5599641471458432,0.590655226608641,0.9720489647757145
Neck_6-22,..\data\processed\wet\Neck_6-22_v4.wav,0.3614783340942755,0.236479945696987,1.408098116039856,0.0705342952373219,0.3614783340942755,0.3941332428283117,0.2017995813421902,0.0705342952373219
Neck_6-3,..\data\processed\wet\Neck_6-3_v0.wav,0.7728044928617406,0.149808638603595,3.240071874635171,0.6877730355454815,0.7728044928617406,0.249681064339325,0.6089048610300379,0.6877730355454815
Neck_6-3,..\data\processed\wet\Neck_6-3_v1.wav,0.4712366872916477,0.5258112678163149,2.49707678440878,0.2849086230417651,0.4712366872916477,0.8763521130271916,0.4437948409797287,0.2849086230417651
Neck_6-3,..\data\processed\wet\Neck_6-3_v2.wav,0.8960155229616223,0.5169385705499738,1.2381797618438586,0.0259610183539209,0.8960155229616223,0.8615642842499565,0.164039947076413,0.0259610183539209
Neck_6-3,..\data\processed\wet\Neck_6-3_v3.wav,0.0899855563496206,0.1719284391322902,4.875169107837698,0.558516153160825,0.0899855563496206,0.286547398553817,0.9722598017417108,0.558516153160825
Neck_6-3,..\data\processed\wet\Neck_6-3_v4.wav,0.3732617320292688,0.5332296567676478,2.5391134916532483,0.3152386284010211,0.3732617320292688,0.8887160946127464,0.4531363314784996,0.3152386284010211
Neck_6-4,..\data\processed\wet\Neck_6-4_v0.wav,0.9412195287456574,0.5097105997156067,4.296507689387484,0.5122847430502131,0.9412195287456574,0.8495176661926779,0.843668375419441,0.5122847430502131
Neck_6-4,..\data\processed\wet\Neck_6-4_v1.wav,0.789438398815455,0.1076120155587311,3.0795033090030963,0.9838459228475456,0.789438398815455,0.1793533592645518,0.5732229575562436,0.9838459228475456
Neck_6-4,..\data\processed\wet\Neck_6-4_v2.wav,0.2909584305179616,0.4766113975486051,2.707152832436303,0.0398056832220873,0.2909584305179616,0.7943523292476752,0.4904784072080673,0.0398056832220873
Neck_6-4,..\data\processed\wet\Neck_6-4_v3.wav,0.7630193978156674,0.1011414866352676,3.341631052097376,0.0856641940469729,0.7630193978156674,0.1685691443921128,0.6314735671327502,0.0856641940469729
Neck_6-4,..\data\processed\wet\Neck_6-4_v4.wav,0.9468673974959648,0.1750343323082165,1.5190911125482771,0.1291364040663343,0.9468673974959648,0.2917238871803609,0.2264646916773949,0.1291364040663343
Neck_6-7,..\data\processed\wet\Neck_6-7_v0.wav,0.2722475363704713,0.0485218474992636,3.455700379313945,0.6538046593843306,0.2722475363704713,0.080869745832106,0.65682230651421,0.6538046593843306
Neck_6-7,..\data\processed\wet\Neck_6-7_v1.wav,0.094932009565618,0.1913110853619494,4.967665080149923,0.6784266670087369,0.094932009565618,0.3188518089365824,0.9928144622555384,0.6784266670087369
Neck_6-7,..\data\processed\wet\Neck_6-7_v2.wav,0.7300751666033292,0.1277503713625834,0.8545193195176144,0.2769016897409376,0.7300751666033292,0.2129172856043057,0.0787820710039143,0.2769016897409376
Neck_6-7,..\data\processed\wet\Neck_6-7_v3.wav,0.2488983851931919,0.1407264604488318,1.367394448491678,0.5747556906554043,0.2488983851931919,0.2345441007480531,0.1927543218870395,0.5747556906554043
Neck_6-7,..\data\processed\wet\Neck_6-7_v4.wav,0.3281034758418217,0.4922070090285182,1.327763380313228,0.4646270708685445,0.3281034758418217,0.8203450150475304,0.183947417847384,0.4646270708685445
Neck_6-8,..\data\processed\wet\Neck_6-8_v0.wav,0.0136578364260799,0.2890093934731152,0.7512719939441348,0.9777235118726436,0.0136578364260799,0.481682322455192,0.0558382208764744,0.9777235118726436
Neck_6-8,..\data\processed\wet\Neck_6-8_v1.wav,0.7905921286504128,0.2940668859818732,0.8896431118070762,0.5924454407904143,0.7905921286504128,0.4901114766364553,0.0865873581793502,0.5924454407904143
Neck_6-8,..\data\processed\wet\Neck_6-8_v2.wav,0.7587637507018775,0.1144303518028471,3.056937533543709,0.814210898382868,0.7587637507018775,0.1907172530047453,0.5682083407874908,0.814210898382868
Neck_6-8,..\data\processed\wet\Neck_6-8_v3.wav,0.7682477776463164,0.4817952107202917,4.456955411913739,0.9376821021594702,0.7682477776463164,0.8029920178671529,0.8793234248697198,0.9376821021594702
Neck_6-8,..\data\processed\wet\Neck_6-8_v4.wav,0.4055211552035359,0.3412614615137263,4.057967867205249,0.6971398139457832,0.4055211552035359,0.5687691025228773,0.7906595260456108,0.6971398139457832
Neck_6-9,..\data\processed\wet\Neck_6-9_v0.wav,0.9955202282643788,0.0082065906627864,2.098099468921058,0.2810279262702024,0.9955202282643788,0.0136776511046441,0.3551332153157907,0.2810279262702024
Neck_6-9,..\data\processed\wet\Neck_6-9_v1.wav,0.2623158501655346,0.1335178694993314,3.6910572836685303,0.0847594732753218,0.2623158501655346,0.2225297824988857,0.7091238408152291,0.0847594732753218
Neck_6-9,..\data\processed\wet\Neck_6-9_v2.wav,0.7416088339433383,0.416055505209764,1.6286185962540338,0.2528337831651612,0.7416088339433383,0.6934258420162734,0.2508041325008964,0.2528337831651612
Neck_6-9,..\data\processed\wet\Neck_6-9_v3.wav,0.6288605853445022,0.4573026632902067,4.444185258893144,0.8521395638544758,0.6288605853445022,0.7621711054836778,0.8764856130873654,0.8521395638544758
Neck_6-9,..\data\processed\wet\Neck_6-9_v4.wav,0.9648829941638531,0.3488309372019066,4.588950026031618,0.8085132732604108,0.9648829941638531,0.5813848953365112,0.9086555613403596,0.8085132732604108
